name;city;address;website;instagram
TH Roma - Carpegna Palace Hotel;Rome, Italy;Via Aurelia, 481, 00165 Roma RM, Italy;https://www.carpegnapalace.it/;https://instagram.com/THResorts
Urban Garden Hotel;Rome, Italy;Via di Rebibbia, 18/34, 00156 Roma RM, Italy;http://www.urbangardenhotelroma.com/;https://www.instagram.com/urban_garden_hotel/
Hotel del Corso;Rome, Italy;Via del Corso, 79, 00186 Roma RM, Italy;https://www.hoteldelcorsoroma.com/;https://www.instagram.com/
Hotel Verona;Rome, Italy;Via di S. Maria Maggiore, 154, 00185 Roma RM, Italy;https://www.hotelveronarome.com/;https://www.instagram.com/hotelveronaroma/
GP Hotel;Rome, Italy;Via Giorgio Perlasca, 50, 00155 Roma RM, Italy;http://www.gphotel.it/;https://www.instagram.com/gphotelroma
The Hive Hotel;Rome, Italy;Via Torino, 6, 00184 Roma RM, Italy;https://www.thehiverome.com/?utm_source=gbp&utm_medium=organic;https://www.instagram.com/thehiverome/
Relais Fontana Di Trevi;Rome, Italy;Via del Lavatore, 43-44, 00187 Roma RM, Italy;http://www.relaisfontanaditrevi.com/;https://www.instagram.com/trevirooftop/
Pasqualino Al Colosseo dal 1956- Trattoria Romana;Rome, Italy;Via dei SS. Quattro, 66, 00184 Roma RM, Italy;https://www.pasqualinoalcolosseo.com/;https://www.instagram.com/pasqualinoalcolosseo/
Trattoria Della Stampa;Rome, Italy;Via dei Maroniti, 32, 00187 Roma RM, Italy;https://www.trattoriadellastampatrevi.it/;https://www.instagram.com/trattoriadellastampa1956/
Trattoria Da Enzo;Rome, Italy;Via dei Vascellari, 29, 00153 Roma RM, Italy;http://www.daenzoal29.com/;https://instagram.com/daenzoal29
Trattoria Pancia Felice;Rome, Italy;Via di Porta Castello, 11, 00193 Roma RM, Italy;https://www.panciafelice.it/;https://www.instagram.com/trattoria_panciafelice/
Trattoria Pizzeria Il Girasole;Rome, Italy;Via del Boschetto, 28, 00184 Roma RM, Italy;http://www.trattoriamontiilgirasole.it/;https://www.instagram.com/trattoria.ilgirasole/
Breccia - Trattoria Moderna;Rome, Italy;Via Nomentana, 61, 00198 Roma RM, Italy;http://www.brecciabistrot.com/;https://www.instagram.com/breccia_trattoriamoderna/
Trattoria Al Gran Sasso - dal 1965;Rome, Italy;Via di Ripetta, 32, 00186 Roma RM, Italy;http://trattoria-al-gran-sasso.eatbu.com/;https://www.instagram.com/trattoria_al_gran_sasso/
Trattoria Sapori Di Casa;Rome, Italy;Viale dell'Università, 17, 00185 Roma RM, Italy;https://www.trattoriasaporidicasa.it/;https://instagram.com/trattoriasaporidicasa
Osteria da Fortunata;Rome, Italy;Via del Pellegrino, 11/12, 00186 Roma RM, Italy;https://www.osteriadafortunata.it/;https://www.instagram.com/osteria_da_fortunata_italia/
Santapupa Trattoria Romana;Rome, Italy;Piazza Navona, 40, 00186 Roma RM, Italy;https://www.trattoriasantapupa.it/;http://instagram.com
Trattoria Coriolano Roma Porta Pia;Rome, Italy;Via Ancona, 14, 00198 Roma RM, Italy;http://www.trattoriacoriolano.it/;https://www.instagram.com/trattoriacoriolano/
Trattoria Polese;Rome, Italy;Piazza Sforza Cesarini, 40, 00186 Roma RM, Italy;http://www.trattoriapolese.com/;https://www.instagram.com/trattoria_polese/
Sciarra Trattoria Pizzeria;Rome, Italy;Piazza dell'Oratorio, 75, 00187 Roma RM, Italy;http://sciarraroma.it/;https://www.instagram.com/ristorantesciarraroma/
Trattoria Ai Due Ponti;Rome, Italy;Via Flaminia, 858, 00191 Roma RM, Italy;https://www.trattoriaaidueponti.it/;https://www.instagram.com/ristoranteaidueponti1922/
Trattoria Tritone 1884 - Antonio Camponeschi;Rome, Italy;Via dei Maroniti, 1, 00187 Roma RM, Italy;http://www.trattoriatritone.com/;https://instagram.com/trattoriatritone1884/
Ristorante Trattoria Da Marcella;Rome, Italy;Via del Mascherino, 26, 00193 Roma RM, Italy;http://www.trattoriamarcella.it/;https://www.instagram.com/trattoriamarcella1947/
Trattoria Dal Cordaro (Roma) - Vino e Cucina romana dal 1922;Rome, Italy;Piazzale Portuense, 4, 00153 Roma RM, Italy;https://www.dalcordaro.it/;https://www.instagram.com/dalcordaro_roma/
Le Onde Ristorante Pinseria;Rome, Italy;Via Costantino Morin, 40, 00195 Roma RM, Italy;http://www.leonderestaurant.com/;https://www.instagram.com/leondetrattoriadelmare/
La Trattoria de Gli Amici;Rome, Italy;Piazza di S. Egidio, 6, 00153 Roma RM, Italy;https://www.trattoriadegliamici.it/;https://www.instagram.com/trattoriadegliamici/
Bottega Trattoria De Santis;Rome, Italy;V. Santa Croce in Gerusalemme, 15A/19, 00185 Roma RM, Italy;http://www.bottegatrattoriadesantis.it/;https://www.instagram.com/bottegatrattoriadesantis/
Trattoria Da Cesare al Casaletto;Rome, Italy;Via del Casaletto, 45, 00151 Roma RM, Italy;http://www.trattoriadacesare.it/;https://www.instagram.com/trattoriadacesare/
Trattoria Cecio;Rome, Italy;Via Principe Amedeo, 104, 00185 Roma RM, Italy;http://www.trattoriacecio.it/;https://www.instagram.com/cecio.trattoriaroma/
La Buca di Ripetta;Rome, Italy;Via di Ripetta, 36, 00186 Roma RM, Italy;https://labucadiripetta.com/;https://www.instagram.com/labucadiripetta36/
Osteria da Fortunata - Baullari;Rome, Italy;Via Dei Baullari, 112, 00186 Roma RM, Italy;https://www.osteriadafortunata.it/;https://www.instagram.com/osteria_da_fortunata_italia/
Campo Osteria;Rome, Italy;Via Ezio, 57, 00192 Roma RM, Italy;http://www.osteriacampo.com/;https://instagram.com/campoosteria
Osteria dei Cappellari;Rome, Italy;Via dei Cappellari, 66, 00186 Roma RM, Italy;http://www.osteriadeicappellari.it/;https://www.instagram.com/osteriadeicappellari/
Osteria al 31;Rome, Italy;Via delle Carrozze, 31, 00187 Roma RM, Italy;https://www.osteriaal31.it/;http://instagram.com/osteria_al_31/
ANTICA OSTERIA DI ROMA;Rome, Italy;Corso Vittorio Emanuele II, 258, 00186 Roma RM, Italy;https://anticaosteriadiroma.it/;https://www.instagram.com/anticaosteriadiroma/
Osteria da Fortunata - Pantheon;Rome, Italy;Piazza della Rotonda, 6, 00186 Roma RM, Italy;https://www.osteriadafortunata.it/;https://www.instagram.com/osteria_da_fortunata_italia/
Osteria il matto;Rome, Italy;Via Portuense, 135, 00153 Roma RM, Italy;https://il-matto.eatbu.com/;https://www.instagram.com/osteriailmatto
Osteria da Fortunata - Rinascimento;Rome, Italy;Corso del Rinascimento, 17, 00186 Roma RM, Italy;https://www.osteriadafortunata.it/;https://www.instagram.com/osteria_da_fortunata_italia/
Osteria Sonnino;Rome, Italy;Piazza Sidney Sonnino, 49, 00153 Roma RM, Italy;https://www.osteriasonninotrastevere.it/;https://www.instagram.com/osteria_sonnino/
Osteria il Riposto;Rome, Italy;Via Napoli, 76a, 00184 Roma RM, Italy;http://www.osteriailriposto.it/;https://www.instagram.com/osteriailriposto/
Osteria dei Pontefici;Rome, Italy;Via Gregorio VII, 53, 00165 Roma RM, Italy;https://www.osteriadeipontefici.it/;http://instagram.com//osteriadeipontefici/
Osteria Bonelli;Rome, Italy;Viale dell'Acquedotto Alessandrino, 172/174, 00177 Roma RM, Italy;https://osteriabonelli.it/;https://www.instagram.com/osteriabonelli/
Osteria Di Ponte;Rome, Italy;Via di Panico, 83, 00186 Roma RM, Italy;https://osteriadiponte.it/;https://www.instagram.com/osteriadiponte/
Osteria del Grillo;Rome, Italy;Via del Seminario, 110, 00186 Roma RM, Italy;http://www.osteriadelgrillo.com/;https://www.instagram.com/osteriadelgrillo.roma
Osteria Barberini;Rome, Italy;Via della Purificazione, 21, 00187 Roma RM, Italy;https://osteriabarberini.it/;https://www.instagram.com/osteria_barberini/
Osteria dell'Ingegno;Rome, Italy;P.za di Pietra, 45, 00186 Roma RM, Italy;http://osteriadellingegno.com/;https://www.instagram.com/osteriadellingegno/
Osteria da Fortunata - Cancelleria;Rome, Italy;P.za della Cancelleria, 87, 00186 Roma RM, Italy;https://www.osteriadafortunata.it/;https://www.instagram.com/osteria_da_fortunata_italia/
Come 'na Vorta Pasta e Vino Osteria - Trastevere;Rome, Italy;Via della Pelliccia, 12, 00153 Roma RM, Italy;http://www.pastaevinoroma.it/;https://www.instagram.com/comenavortapastaevino/
Caligola Osteria Sincera;Rome, Italy;Via Leone IV, 123, 00192 Roma RM, Italy;https://www.caligolaosteriasincera.it/;https://www.instagram.com/caligola.osteriasincera/
Osteria dell'Anima;Rome, Italy;Via di Santa Maria dell'Anima, 8, 00186 Roma RM, Italy;http://www.osteriadellanima.com/;https://www.instagram.com/osteriadellanima/
Osteria Romana dal1945 - Aurelia;Rome, Italy;Via Aurelia, 553, 00165 Roma RM, Italy;http://osteriaromana45.it/;https://www.instagram.com/osteriaromana45/
Sampietrino - L'Osteria di San Giovanni;Rome, Italy;Via Domenico Fontana, 16, 00185 Roma RM, Italy;https://sampietrino.com/;https://www.instagram.com/osteriasampietrino
OSTERIA FARUSO;Rome, Italy;Via dei Gracchi, 5, 00192 Roma RM, Italy;https://www.faruso.it/;https://instagram.com
Osteria Pizzeria Come Va?;Rome, Italy;Via di Porta Cavalleggeri, 87, 00165 Roma RM, Italy;https://www.osteriacomeva.it/;https://www.instagram.com/osteria.pizzeria.comeva/
Il Bocconcino I Osteria Roma Centro;Rome, Italy;Via Ostilia, 23, 00184 Roma RM, Italy;https://www.ilbocconcino.com/?utm_source=googlemybusiness&utm_medium=organic&utm_campaign=home;https://www.instagram.com/ilbocconcinoalcolosseo/
Osteria Oliva;Rome, Italy;Via dei Serpenti, 110, 00184 Roma RM, Italy;https://www.condominiomonti.com/cucina.php;https://www.instagram.com/osteriaoliva_monti/
Osteria Circo;Rome, Italy;Via dei Cerchi, 77/79, 00186 Roma RM, Italy;https://www.osteriacirco.topimprese.com/;https://www.instagram.com/osteriacirco_official/
Osteria dell'Arco;Rome, Italy;Via Giacomo Pagliari, 11, 00198 Roma RM, Italy;https://osteriadellarco.net/;https://www.instagram.com/osteriadellarco/
Osteria San Giorgio;Rome, Italy;Via Luca della Robbia, 3a, 00153 Roma RM, Italy;http://www.osteriasangiorgio.it/;https://www.instagram.com/osteriasangiorgiotestaccio/
Osteria dal 1931;Rome, Italy;Via di Donna Olimpia, 44, 00152 Roma RM, Italy;https://www.osteriadal1931.com/;https://www.instagram.com/osteria_dal1931
Il Marchese - Osteria Mercato Liquori;Rome, Italy;Via di Ripetta, 162, 00186 Roma RM, Italy;https://ilmarchese.it/;https://www.instagram.com/ilmarcheseroma/
Osteria Flaminio;Rome, Italy;Via Flaminia, 297, 00196 Roma RM, Italy;https://www.osteria-flaminio.it/;https://www.instagram.com/osteriaflaminio/
Osteria Palmira;Rome, Italy;Via Abate Ugone, 29, 00152 Roma RM, Italy;http://www.osteriapalmira.it/;https://www.instagram.com/osteriapalmiraofficial/
Pizzeria della Madonna dei Monti;Rome, Italy;Via della Madonna dei Monti, 110, 00184 Roma RM, Italy;https://www.pizzadellamadonnadeimonti.it/;https://www.instagram.com/pizzadellamadonna
Ristorante Pizza Forum;Rome, Italy;Via di S. Giovanni in Laterano, 34-38, 00184 Roma RM, Italy;https://pizzaforumroma.it/;https://www.instagram.com/pizzaforum/
Dar Poeta;Rome, Italy;Vicolo del Bologna, 45, 00153 Roma RM, Italy;https://www.darpoeta.com/;https://www.instagram.com/darpoeta_trastevere
Pizzeria DA.MA.;Rome, Italy;Via Portuense, 421a, 00149 Roma RM, Italy;https://www.damapizzaecucina.it/;https://www.instagram.com/pizzeria.dama/
Pizza Zizza;Rome, Italy;Via delle Fornaci, 11, 00100 Roma RM, Italy;https://www.pizzazizza.it/contatti/;https://www.instagram.com/pizzazizzaroma/
Pizzeria Ristoro Est! Est! Est!;Rome, Italy;Via Genova, 32, 00184 Roma RM, Italy;https://pizzeriaristoroestestest.com/;https://www.instagram.com/pizzeria.ristoro.estestest/
Emma Pizzeria Restaurant;Rome, Italy;Via del Monte della Farina, 28, 00186 Roma RM, Italy;http://www.emmapizzeria.com/;https://www.instagram.com/emma_pizzeria_restaurant/
Antica pizzeria da Michele Roma EUR;Rome, Italy;Via Stoccolma, 11, 00144 Roma RM, Italy;https://www.damicheleroma.com/;https://www.instagram.com/damicheleroma
Ristorante pizzeria Buona Forchetta;Rome, Italy;Via della Cava Aurelia, 21/25, 00136 Roma RM, Italy;http://www.hostariabuonaforchetta.com/;https://www.instagram.com/explore/locations/1826653427553113/buona-forchetta-roma/
Trieste Pizza;Rome, Italy;Via Urbana, 112, 00184 Roma RM, Italy;https://www.trieste.pizza/;https://www.instagram.com/triestepizzaitalia/
Antica pizzeria da Michele Roma Tuscolana;Rome, Italy;Viale Spartaco, 76, 00174 Roma RM, Italy;https://www.damicheleroma.com/;https://www.instagram.com/damicheleroma
Antica pizzeria da Michele Roma Monte Grappa;Rome, Italy;Piazza Monte Grappa, 1/A, 00195 Roma RM, Italy;https://www.damicheleroma.it/;https://www.instagram.com/damicheleroma
Mastro Pizza;Rome, Italy;Via Giovanni Battista Morgagni, 2, 00161 Roma RM, Italy;https://morgagni.mastropizza.it/;https://www.instagram.com/mastropizza.it/
Pizza Luigi;Rome, Italy;Via Federico Nansen, 6, 00154 Roma RM, Italy;http://www.pizzaluigi.it/;https://www.instagram.com/pizzaluigiroma/
Satiricus Ristorante Pizzeria;Rome, Italy;Via dei Corridori, 58, 00193 Roma RM, Italy;https://www.satiricus.it/;https://www.instagram.com/ristorantesatiricus/
Tatà Pizzeria Griglieria - Pizzeria a Roma;Rome, Italy;Piazza Guglielmo Marconi, 11/a, 00144 Roma RM, Italy;https://tataeur.com/?utm_source=google-my-business;https://www.instagram.com/tatapizzeriagriglieria
Pizzería Chicco di Grano;Rome, Italy;Via degli Zingari, 6, 00184 Roma RM, Italy;https://www.pizzeriaromacentro.com/;https://www.instagram.com/ristorantechiccodigrano/
Pizzeria Sale Prati;Rome, Italy;Viale Giulio Cesare, 28, 00192 Roma RM, Italy;https://www.saleprati.com/;https://www.instagram.com/pizzeriasaleprati/
Daimyo Restaurant Milano;Milan, Italy;V.le Bligny, 29, 20136 Milano MI, Italy;https://daimyo.it/;https://www.instagram.com/daimyosushi_restaurant/
La Gyozeria - CENTRALE;Milan, Italy;Via Carlo Tenca, 18, 20124 Milano MI, Italy;https://lagyozeria.com/;https://www.instagram.com/la.gyozeria/%20
Las Muns;Milan, Italy;Corso di Porta Romana, 52, 20122 Milano MI, Italy;https://lasmuns.com/locales/milan//?utm_source=gbp&utm_medium=botontienda&utm_campaign=perfil&utm_id=tienda&utm_content=MLN;https://www.instagram.com/lasmuns/
DU LAB Asian Food & Cocktail Bar;Milan, Italy;Viale Edoardo Jenner, 16, 20159 Milano MI, Italy;http://dulab.it/;https://instagram.com/dulabdimsum
Flower Burger;Milan, Italy;Corso Garibaldi, 34, 20121 Milano MI, Italy;https://www.flowerburger.it/;https://www.instagram.com/flower_burger
Savô Pizzeria Gourmet;Milan, Italy;Via Gustavo Fara, 10, 20124 Milano MI, Italy;http://www.pizzeriasavo.it/;https://www.instagram.com/pizzeriasavo/
Sa Pizzedda - Porta Venezia;Milan, Italy;Via Lazzaro Palazzi, 10, 20124 Milano MI, Italy;http://www.sapizzedda.it/;https://www.instagram.com/sa_pizzedda/
Ishi Oji;Milan, Italy;Viale Monza, 51, 20127 Milano MI, Italy;https://www.ishifusion.it/;https://www.instagram.com/ishifusion/
Light Sushi Restaurant;Milan, Italy;Piazza Spotorno, 2, 20159 Milano MI, Italy;https://lightsushimilano.com/;http://instagram.com/
Mandarin Garden;Milan, Italy;Via Andegari, 9, 20121 Milano MI, Italy;https://www.mandarinoriental.com/en/milan/la-scala/dine/mandarin-garden?src=loc.yext.momln.ggl;https://instagram.com/mo_milan
Radicetonda;Milan, Italy;Piazza Bruno Buozzi, 5/5, 20135 Milano MI, Italy;http://www.radicetonda.it/;https://www.instagram.com/radicetonda.milano/
Due Tradizioni | Italian & Lebanese restaurant (via Solari);Milan, Italy;Via Andrea Solari, 39, 20144 Milano MI, Italy;https://www.duetradizioni.it/;https://www.instagram.com/due_tradizioni
Lei Poke Sushi Milano;Milan, Italy;Zona MM Lima, Via Vitruvio, 8, 20124 Milano MI, Italy;https://leipokemilano.it/;https://instagram.com/leipokemilano/
Chuck’s;Milan, Italy;Via Bonvesin de la Riva, 3, 20129 Milano MI, Italy;https://www.chucksnyc.com/;https://www.instagram.com/lmnopvins/
Camelia’s Yard – Milano Social Bistrò;Milan, Italy;Via Iginio Ugo Tarchetti, 2, 20121 Milano MI, Italy;https://www.cameliasyard.com/en/;https://www.instagram.com/explore/locations/320312125525472/camelias-yard-milano-social-bistro/
Jamaica a Milano | Home Restaurant;Milan, Italy;Via Jan Palach, 20142 Milano MI, Italy;https://www.jamaicanchef.it/;https://www.instagram.com/jamaicanchef/
Cactus Milano;Milan, Italy;Via Varese, 4, 20121 Milano MI, Italy;https://cactusmilano.it/;https://www.instagram.com/cactus.milano/
ToscaNino Milano;Milan, Italy;Via Melzo, angolo, Via Lambro, 20129 Milano MI, Italy;http://www.toscanino.com/;https://www.instagram.com/toscanino_tastingtuscany/
Ristorante Stendhal Brera;Milan, Italy;Via Ancona, Via S. Marco, 20121 Milano MI, Italy;https://stendhalrestaurants.it/;https://www.instagram.com/stendhal_restaurants/
Sa Pizzedda - Solari;Milan, Italy;Via Bernardino Lanino, 3, 20144 Milano MI, Italy;https://www.sapizzedda.it/;https://www.instagram.com/sa_pizzedda/
Antidoto Bistrot, Lucanda di una giapponese;Milan, Italy;Via Ennio, 6, 20137 Milano MI, Italy;http://www.antidotobistrot.com/;https://www.instagram.com/antidotobistrot/
Bangla & Indian Royal Kitchen;Milan, Italy;Viale Stelvio, 51, 20159 Milano MI, Italy;https://glovoapp.com/it/it/milano/royal-kitchen-mil/;https://www.instagram.com/glovo_it/
La Società Milano;Milan, Italy;Via Panfilo Castaldi, 19, 20124 Milano MI, Italy;https://lasocietamilano.it/;https://www.instagram.com/lasocietamilano/
Bricco Café;Milan, Italy;P.za Sigmund Freud, 1, 20124 Milano MI, Italy;https://www.lagardere-tr.it/it/bricco-cafe;https://www.instagram.com/lagarderecareersitalia/
Mugs & co. Cozy cafe and Bakery;Milan, Italy;Via Emilio Morosini, 4, 20135 Milano MI, Italy;https://www.mugsandco.eu/it/;https://www.instagram.com/mugsandco/
Café Italia;Milan, Italy;Corso Italia, 34, 20122 Milano MI, Italy;https://www.cafeitaliamilano.com/;https://www.instagram.com/cafeitalia_milano/
Loste Café;Milan, Italy;Via Francesco Guicciardini, 3, 20129 Milano MI, Italy;https://lostecafe.com/;https://www.instagram.com/lostecafemilano/
Cafezal Torrefazione Specialty Coffee;Milan, Italy;Via Solferino, 27, 20121 Milano MI, Italy;http://www.cafezal.it/;https://www.instagram.com/cafezal.milano/
Loste Café;Milan, Italy;Via Varesina, 204, 20156 Milano MI, Italy;https://www.lostecafe.com/;https://www.instagram.com/lostecafemilano/
Cafezal Brunch & Specialty Coffee - Bicocca/BiM;Milan, Italy;Viale Piero e Alberto Pirelli, 10, 20126 Milano MI, Italy;https://www.cafezal.it/;https://www.instagram.com/cafezal.milano/
Caffè Napoli Giardino;Milan, Italy;Via Gaetano Giardino, 1, 20123 Milano MI, Italy;https://www.caffenapoli.com/;https://www.instagram.com/caffenapoliexytus/
Crazy Cat Café;Milan, Italy;Via Napo Torriani, 5, 20124 Milano MI, Italy;http://www.crazycatcafe.it/;https://www.instagram.com/crazycatcafe/
Bar Caffè Mozart;Milan, Italy;Via Romagnosi, 2, 20121 Milano MI, Italy;http://caffe-mozart.it/;https://www.instagram.com/caffemozartmilano/
Upcycle Bike Cafè;Milan, Italy;Via Andrea Maria Ampère, 59, 20131 Milano MI, Italy;https://upcyclecafe.it/;https://www.instagram.com/upcyclebikecafe
Piccolo Café & Restaurant;Milan, Italy;Via Rovello, 2, 20121 Milano MI, Italy;http://www.piccolocaferestaurant.it/;https://www.instagram.com/piccolocaferestaurant/
L'Arabesque milano Café;Milan, Italy;Via Francesco Sforza, 2, 20122 Milano MI, Italy;https://larabesque.net/cafe/;https://www.instagram.com/larabesquecafe/
NOWHERE - CAFE;Milan, Italy;Via Vetere, 14, 20123 Milano MI, Italy;https://nowherecoffeeroasters.com/;https://www.instagram.com/nowherecafe.milano/
Café Kitsuné Milano;Milan, Italy;P.za Cordusio, 2, 20121 Milano MI, Italy;https://maisonkitsune.com/mk/the-art-of-coffee-by-cafe-kitsune/?srsltid=AfmBOoro2PjYeIX1gsxh8PW576n7eNxExi_7bOQZhDJ8CK949S6HK6bP;https://www.instagram.com/cafekitsune/
Motta Milano 1928;Milan, Italy;Viale Enrico Forlanini, 20090 Segrate MI, Italy;https://www.autogrill.it/;https://www.instagram.com/autogrill/
Felix Navigli;Milan, Italy;Via Filippo Argelati, 1, 20143 Milano MI, Italy;http://felixnavigli.it/;https://www.instagram.com/felix.navigli/
Luca e Andrea Bar - Ristorante;Milan, Italy;Alzaia Naviglio Grande, 34, 20144 Milano MI, Italy;https://www.lucaeandreabar.it/;https://www.instagram.com/lucaeandreabar/
Nice café;Milan, Italy;V. Roberto Lepetit, 3, 20124 Milano MI, Italy;https://nicecafe.eatbu.com/;https://www.instagram.com/nicecaffemilano_/
EATME & GO;Milan, Italy;Via Torino, 49, 20123 Milano MI, Italy;http://www.eatmeandgo.it/;https://www.instagram.com/eatmeandgo/
Tag Café by Orapesce;Milan, Italy;Piazza Città di Lombardia, 1, 20124 Milano MI, Italy;https://orapesce.it/pages/tag-cafe;https://www.instagram.com/orapesce/
Eutopia - Laboratorio Artigianale Indipendente;Milan, Italy;Via Alessandro Volta, 19, 20121 Milano MI, Italy;http://eutopiamilano.it/;https://www.instagram.com/eutopia_milano
Bar Il Cenacolo;Milan, Italy;barbagiannicenacolo@hotmail.com, Via Giovanni Boccaccio, 33, 20123 Milano MI, Italy;http://barilcenacolomilano.com/;http://barilcenacolomilano.com
AKANE LOUNGE BAR;Milan, Italy;Via Giovanni Battista Morgagni, 28, 20129 Milano MI, Italy;https://www.akaneloungebar.com/;https://instagram.com/akaneloungebar
Onda Listening Bar;Milan, Italy;Via Bonvesin de la Riva, 3, 20129 Milano MI, Italy;https://www.ondalisteningbar.com/;https://www.instagram.com/onda_milano
QUO Bar;Milan, Italy;All'interno di QUO Milano Hostel, Viale Regina Margherita, 20122 Milano MI, Italy;https://www.quomilano.com/bar;https://www.instagram.com/quo_milano/
Caffè Victor Hugo - Bar, Bistrot, Enoteca;Milan, Italy;Via Victor Hugo, 4, 20123 Milano MI, Italy;http://www.caffevictorhugo.it/;https://www.instagram.com/caffevictorhugo/
Base cocktail bar;Milan, Italy;Via Tortona, 40, 20144 Milano MI, Italy;http://base.milano.it/bar/;https://www.instagram.com/base_milano/
Bar U6 – Agorà (Piano Terra);Milan, Italy;Edificio U6, Piazza dell'Ateneo Nuovo, 1, 20126 Milano MI, Italy;https://www.unimib.it/servizi/studenti-e-laureati/opportunita-e-facilities/servizi-ristorazione-e-residenze/servizi-ristorazione;https://www.instagram.com/unimib
LabSolue Bar and Roof Terrace;Milan, Italy;Via Vincenzo Forcella, 6, 20144 Milano MI, Italy;https://www.magnapars.it/labsolue-bar-and-roof-terrace/;https://www.instagram.com/magnaparshotel/
Recreo Bar Sartoria;Milan, Italy;Via Alfredo Albertini, 9, 20154 Milano MI, Italy;http://www.recreobarsartoria.it/;https://www.instagram.com/recreobarsartoria/
Vesta Bar;Milan, Italy;Via Fiori Chiari, 1, 20121 Milano MI, Italy;http://www.vestafiorichiari.com/;https://www.instagram.com/vestafiorichiari/
Idea Hotel Milano San Siro;Milan, Italy;Via Gaetano Airaghi, 125, 20153 Milano MI, Italy;https://sansiro.ideahotel.it/;https://www.instagram.com/ideahotelmilanosansiro/
Hotel Da Vinci Milano;Milan, Italy;Via Senigallia, 6, 20161 Milano MI, Italy;https://www.hoteldavincimilano.it/;https://www.instagram.com/hoteldavincimilano/
Hotel degli Arcimboldi;Milan, Italy;Viale Sarca, 336, 20126 Milano MI, Italy;https://www.hotelarcimboldi.it/;https://www.instagram.com/hoteldegliarcimboldi/
UNA Hotels Expo Fiera Milano;Milan, Italy;Via Giovanni Keplero, 12, 20016 Pero MI, Italy;https://www.unaitalianhospitality.com/it/soggiorni/una-hotels-expo-fiera-milano;https://www.instagram.com/una_esperienze/
Best Western Hotel Madison;Milan, Italy;Via Privata Leopoldo Gasparotto, 8, 20124 Milano MI, Italy;http://www.madisonhotelmilano.com/;https://www.instagram.com/bestwesternhotelmadison/
Klima Hotel Milano Fiere;Milan, Italy;Via Privata Venezia Giulia, 8, 20157 Milano MI, Italy;http://www.klimahotelmilano.com/;https://instagram.com/klima_hotel
Combo, Milano;Milan, Italy;Ripa di Porta Ticinese, 83, 20143 Milano MI, Italy;https://thisiscombo.com/location/milano/;https://www.instagram.com/thisiscombo
iH Hotels Milano Centrale;Milan, Italy;Via Antonio da Recanate, 4, 20124 Milano MI, Italy;https://ih-hotels.com/city-hotel/milano/ih-hotels-milano-centrale/;https://www.instagram.com/ih_milanocentrale/
Just Hotel Milano;Milan, Italy;Via Napo Torriani, 29, 20124 Milano MI, Italy;https://www.justhotelmilano.it/;https://www.instagram.com/justmilanohotel/
eco Hotel Milano;Milan, Italy;Via Vittorio Scialoia, 3, 20161 Milano MI, Italy;https://ecohotelmilano.it/;https://www.instagram.com/ecohotel_milano/
Leonardo Hotel Milan City Center;Milan, Italy;Via Messina, 10, 20154 Milano MI, Italy;https://www.leonardo-hotels.it/milan/leonardo-hotel-milan-city-center?utm_source=gmb&utm_medium=link_site_gmb&utm_campaign=leonardo-hotel-milan-city-center;https://www.instagram.com/leonardohotels/
MEININGER Milano Garibaldi;Milan, Italy;Via Privata Giovanni Calvino, 11, 20154 Milano MI, Italy;https://www.meininger-hotels.com/en/hotels/milano/hotel-milan-garibaldi-station/?utm_source=gmb&utm_medium=referral&utm_campaign=MIL-VC&utm_content=website;https://www.instagram.com/meininger_hotels
iH Hotels Milano Lorenteggio;Milan, Italy;Via Lorenteggio, 278, 20152 Milano MI, Italy;https://ih-hotels.com/city-hotel/milano/ih-hotels-milano-lorenteggio/;https://www.instagram.com/ih_milanolorenteggio/
Royal Garden Hotel;Milan, Italy;Via Giuseppe di Vittorio, 4, 20057 Assago MI, Italy;https://www.rghotel.it/;https://www.instagram.com/royalgardenassago/
Hotel ibis Milano Centro;Milan, Italy;Cin: It015146a12holv2mz, Via Camillo Finocchiaro Aprile, 2, 20124 Milano MI, Italy;https://all.accor.com/lien_externe.svlt?goto=fiche_hotel&code_hotel=0933&merchantid=seo-maps-IT-0933&sourceid=aw-cen&utm_medium=seo%20maps&utm_source=google%20Maps&utm_campaign=seo%20maps;https://www.instagram.com/all.accor
Eurohotel;Milan, Italy;Via Giuseppe Sirtori, 24, 20129 Milano MI, Italy;http://www.eurohotelmilano.it/;https://www.instagram.com/eurohotelmilano/
ibis Styles Milano Centro;Milan, Italy;V. Ruggero Boscovich, 57/59, 20124 Milano MI, Italy;https://all.accor.com/lien_externe.svlt?goto=fiche_hotel&code_hotel=A024&merchantid=seo-maps-IT-A024&sourceid=aw-cen&utm_medium=seo%20maps&utm_source=google%20Maps&utm_campaign=seo%20maps;https://www.instagram.com/all.accor
J24 Hotel Milano;Milan, Italy;Viale Edoardo Jenner, 24, 20158 Milano MI, Italy;https://www.j24hotelmilano.it/;https://www.instagram.com/j24hotel_milano/
Embassy Park Hotel;Milan, Italy;Via Papa Giovanni XXIII, 15, 20016 Pero MI, Italy;http://www.embassypero.com/;https://instagram.com/hotelembassypark/
Heart Hotel Milano;Milan, Italy;Piazzale Principessa Clotilde, 10, 20121 Milano MI, Italy;https://hearthotelmilano.it/;https://www.instagram.com/heart_hotel_milano/
Glam Hotel Milano;Milan, Italy;Piazza Duca d'Aosta, 4/6, 20124 Milano MI, Italy;https://www.glamhotelmilano.it/;https://www.instagram.com/glam.hotelmilano/
Hotel Raffaello;Milan, Italy;Viale Certosa, 108, 20156 Milano MI, Italy;https://www.hotel-raffaello.it/?utm_source=google&utm_medium=organic&utm_campaign=GoogleMyBusiness&partner=6616;https://www.instagram.com/hotelraffaellomilano/
QUO Milano;Milan, Italy;Viale Regina Margherita, 9, 20122 Milano MI, Italy;https://www.quomilano.com/;https://www.instagram.com/quo_milano/
Starhotels Business Palace;Milan, Italy;Via Privata Pietro Gaggia, 3, 20139 Milano MI, Italy;http://www.starhotels.com/en/our-hotels/business-palace-milan/;https://www.instagram.com/starhotels
iH Hotels Milano St John;Milan, Italy;Via Bruno Buozzi, 97, 20099 Sesto San Giovanni MI, Italy;https://ih-hotels.com/city-hotel/milano/ih-hotels-milano-st-john/;https://www.instagram.com/ih_milanostjohn/
Ostello Bello;Milan, Italy;Via Medici, 3, 20123 Milano MI, Italy;https://ostellobello.com/en/hostel/milan-duomo/?utm_source=google&utm_medium=local&utm_campaign=MyBusiness_OBM;https://www.instagram.com/ostellobello.milanoduomo/
City Life Hotel Poliziano, by R Collection Hotels;Milan, Italy;Via Angelo Poliziano, 11, 20154 Milano MI, Italy;http://www.hotelpoliziano.it/;https://www.instagram.com/r_collection_hotels/
YellowSquare Milan;Milan, Italy;Via Serviliano Lattuada, 14, 20135 Milano MI, Italy;https://yellowsquare.com/milan/;https://instagram.com/yellowsquarehostel
Quark Hotel Milano;Milan, Italy;Via Lampedusa, 11A, 20141 Milano MI, Italy;https://www.quarkhotelmilano.com/?utm_source=google&utm_medium=organic&utm_campaign=mybusiness;https://www.instagram.com/quarkhotelmilano/
Acca Sporting Milano Hotel;Milan, Italy;Via Sporting Mirasole, 56, 20090 Opera MI, Italy;http://www.accasporting.com/;https://www.instagram.com/acca_sporting
Domina Milano Fiera;Milan, Italy;Via Don Orione, 20026 Novate Milanese MI, Italy;http://www.dominamilanofiera.com/;https://www.instagram.com/dominamilanofiera/
UNA Hotels Scandinavia Milano;Milan, Italy;Via Giovanni Battista Fauchè, 15, 20154 Milano MI, Italy;https://www.unaitalianhospitality.com/it/soggiorni/una-hotels-scandinavia-milano;https://www.instagram.com/una_esperienze/
Admiral Hotel;Milan, Italy;Via Domodossola, 16, 20145 Milano MI, Italy;http://www.admiralhotel.it/;https://www.instagram.com/admiralhotelmilano/
MEININGER Milano Lambrate;Milan, Italy;Piazza Monte Titano, 10, 20134 Milano MI, Italy;https://www.meininger-hotels.com/en/hotels/milan/hotel-milan-lambrate/?utm_source=gmb&utm_medium=referral&utm_campaign=MIL-MT&utm_content=website;https://www.instagram.com/meininger_hotels
Trattoria Trippa;Milan, Italy;Via Giorgio Vasari, 1, 20135 Milano MI, Italy;http://www.trippamilano.it/;https://instagram.com/trippamilano/
Trattoria de la Trebia Milano;Milan, Italy;Via Trebbia, 32, 20135 Milano MI, Italy;http://www.trattorialatrebia.it/;https://www.instagram.com/trattorialatrebia/
Nerino Dieci Trattoria;Milan, Italy;Via Nerino, 10, 20123 Milano MI, Italy;http://www.nerinodieci.it/;https://www.instagram.com/nerinodiecitrattoria/
Galeria Antica Trattoria Milano;Milan, Italy;Via Arcangelo Corelli, 27, 20134 Milano MI, Italy;https://www.galeriaanticatrattoria.it/;https://www.instagram.com/galeria_trattoria_milanese/
Trattoria Torre di Pisa;Milan, Italy;Via Fiori Chiari, 21, 20121 Milano MI, Italy;http://www.trattoriatorredipisa.it/;https://www.instagram.com/elatedthemes/
A casa nostra;Milan, Italy;V. Piero della Francesca, 2, 20154 Milano MI, Italy;http://www.trattoriaacasanostra.it/;https://www.instagram.com/trattoriaacasanostra/
Antica Trattoria della Pesa;Milan, Italy;Viale Pasubio, 10, 20154 Milano MI, Italy;http://www.anticatrattoriadellapesa.com/;https://www.instagram.com/anticatrattoriadellapesa_
Trattoria della Stampa Milano;Milan, Italy;Viale Pasubio, 8, 20154 Milano MI, Italy;https://www.trattoriadellastampamilano.it/;https://www.instagram.com/trattoriadellastampamilano/
Don Raffaele - Trattoria Pizzeria;Milan, Italy;Via Roncaglia, 3, 20146 Milano MI, Italy;http://www.donraffaele.it/;https://www.instagram.com/donraffaelemilano/
Trattoria Montina dal 1995;Milan, Italy;Via Giulio Cesare Procaccini, 54, 20154 Milano MI, Italy;http://montinatrattoria.it/;https://www.instagram.com/trattoriamontina/
Osteria italiana;Milan, Italy;Via Napo Torriani, 22, 20124 Milano MI, Italy;http://www.osteriaitaliana.eu/;https://www.instagram.com/osteriaitaliana.milano/
Burla Giò;Milan, Italy;Via S. Giovanni sul Muro, 21, 20123 Milano MI, Italy;https://burlagiomilano.it/;https://www.instagram.com/trattoriaburlagiomilano/
Trattoria la vecchia guardia;Milan, Italy;Via della Commenda, 21, 20122 Milano MI, Italy;https://www.lavecchiaguardia.it/;https://www.instagram.com/lavecchiaguardiamilano/
Trattoria Nautilus;Milan, Italy;Via Pioppette, Corso di Porta Ticinese, 3, 20123 Milano MI, Italy;https://www.trattorianautilus.com/;https://www.instagram.com/trattorianautilus
Trattoria San Filippo Neri;Milan, Italy;Viale Monza, 220, 20128 Milano MI, Italy;http://trattoriasanfilipponeri.it/;https://www.instagram.com/trattoriasanfilipponeri
Trattoria Il Marinaio;Milan, Italy;Via Guglielmo Pepe, 12, 20159 Milano MI, Italy;http://www.trattoriailmarinaio.it/;https://www.instagram.com/trattoriailmarinaio.official/
Trattoria della Gloria;Milan, Italy;Via Mario Pichi, 5, 20143 Milano MI, Italy;https://www.trattoriadellagloria.com/;http://instagram.com/trattoriadellagloria
Osteria dal Cornuto;Milan, Italy;Ripa di Porta Ticinese, 55, 20143 Milano MI, Italy;https://www.osteriadalcornuto.com/;https://www.instagram.com/osteria_dal_cornuto
Osteria Da Fortunata - Brera;Milan, Italy;Via Fiori Chiari, 13, 20121 Milano MI, Italy;https://www.osteriadafortunata.it/;https://www.instagram.com/osteria_da_fortunata_italia/
OSTERIA DA FORTUNATA MILANO NAVIGLI;Milan, Italy;Via Casale, 4, 20144 Milano MI, Italy;https://www.osteriadafortunata.it/;https://www.instagram.com/osteria_da_fortunata_italia/
Osteria Del Binari;Milan, Italy;Via Tortona, 1, 20144 Milano MI, Italy;http://osteriadelbinari.it/;https://www.instagram.com/osteria_del_binari
Gloria Osteria Milano;Milan, Italy;Via Tivoli, 3, 20121 Milano MI, Italy;https://gloria-osteria.com/it/gloria-osteria-milano?utm_source=google&utm_medium=organic&utm_campaign=mybusiness-website;https://www.instagram.com/gloriaosteria.dxb/
Osteria Papà Nicola;Milan, Italy;V. Ruggero Boscovich, 23, 20124 Milano MI, Italy;https://osteriapapanicola.it/;https://www.instagram.com/osteriapapanicola/
Mamma Rosa Osteria;Milan, Italy;P.zza Cincinnato, 4, 20124 Milano MI, Italy;http://www.osteriamammarosa.it/;https://www.instagram.com/mammarosamilano/
Speciale Osteria;Milan, Italy;Via Pastrengo, 11, 20159 Milano MI, Italy;https://www.specialeosteria.it/;https://www.instagram.com/specialeosteria/
Osteria Milanese OSSBUS;Milan, Italy;Via Magolfa, 1, 20143 Milano MI, Italy;https://ossbusmilano.wixsite.com/ossbusmilano/menus;https://www.instagram.com/osteriaossbusmilano
Osteria del Corso;Milan, Italy;Corso Garibaldi, 75, 20121 Milano MI, Italy;http://www.osteriadelcorso.com/;https://www.instagram.com/osteriadelcorso/
Osteria San Giovanni - Ristorante Pugliese;Milan, Italy;Viale Monza, 256, 20128 Milano MI, Italy;https://www.osteriasangiovannimilano.com/;https://www.instagram.com/osteriasangiovanni__/
Osteria delle Coppelle Milano;Milan, Italy;Via Solferino, 34, 20121 Milano MI, Italy;http://www.osteriacoppellemilano.com/;https://www.instagram.com/osteriadellecoppellemilano/
Osteria la Semivuota;Milan, Italy;Via Emilio Cornalia, 4, 20123 Milano MI, Italy;https://osterialasemivuota.it/;https://www.instagram.com/osterialasemivuota/
San Lorenzo Osteria Bistrot;Milan, Italy;Via Pio IV, 1, 20123 Milano MI, Italy;https://www.sanlorenzomilano.it/;https://www.instagram.com/san_lorenzo_osteria_bistrot/
Osteria delle Corti;Milan, Italy;Via Giovanni Battista Fauchè, 11, 20154 Milano MI, Italy;https://www.osteriadellecorti.it/;https://www.instagram.com/osteriadellecorti/
Osteria del Treno;Milan, Italy;Via S. Gregorio, 46, 20124 Milano MI, Italy;https://www.osteriadeltreno.it/;https://www.instagram.com/osteriadeltreno/
Osteria Fiaschetto | Ristorante a Milano;Milan, Italy;Via Pioppette, 3, 20123 Milano MI, Italy;http://www.osteriafiaschetto.com/;https://www.instagram.com/osteria_fiaschetto
Osteria Nanin Napo Torriani;Milan, Italy;Via Napo Torriani, 10, 20124 Milano MI, Italy;http://nanin.it/;https://www.instagram.com/p/DWbNxVxjFnn/
Nonna Maria;Milan, Italy;Via Fratelli Bronzetti, 9 Ingresso da, Via Macedonio Melloni, 20129 Milano MI, Italy;http://www.nonnamariaosteria.it/;https://www.instagram.com/nonnamariaosteriamilano/
Osteria dei Vecchi Sapori;Milan, Italy;Via Carmagnola, 3, 20159 Milano MI, Italy;https://www.osteriavecchisapori.com/;https://www.instagram.com/osteriadeivecchisapori/
Osteria dei Malnat;Milan, Italy;Via Caccialepori, 3, 20090 Milano MI, Italy;http://www.osteriadeimalnat.it/;https://www.instagram.com/osteriadeimalnat/
Osteria Nanin Premuda;Milan, Italy;Via Pietro Maestri, 2, 20129 Milano MI, Italy;http://nanin.it/;https://www.instagram.com/p/DWbNxVxjFnn/
Ricci Osteria;Milan, Italy;Via Pasquale Sottocorno, 27, 20129 Milano MI, Italy;https://www.ricciosteria.it/;https://www.instagram.com/ricciosteria/
Matilde Osteria con carne alla brace;Milan, Italy;Via Agostino Bertani, 16, 20154 Milano MI, Italy;https://www.osteriamatilde.it/;https://www.instagram.com/reel/DWTiAaLjQFF/
Osteria Brunello;Milan, Italy;Corso Garibaldi, 117, 20121 Milano MI, Italy;http://www.osteriabrunello.it/;https://www.instagram.com/osteriabrunello/
Osteria al Piccolo Molo;Milan, Italy;Via Antonio Grossich, 2, 20131 Milano MI, Italy;https://osteriaalpiccolomolo.eatbu.com/?lang=it;https://www.instagram.com/osteriaalpiccolomolo
Osteria Bis Bistecca;Milan, Italy;Piazzale Principessa Clotilde, 10, 20121 Milano MI, Italy;http://www.bisbistecca.it/;https://www.instagram.com/
Osteria della Darsena;Milan, Italy;Via Vigevano, 1, 20144 Milano MI, Italy;https://osteriadarsena.it/;https://www.instagram.com/osteria_della_darsena_milano/
Osteria del Balabiott;Milan, Italy;Piazza Vesuvio, 13, 20144 Milano MI, Italy;https://osteriadelbalabiott.com/;https://www.instagram.com/osteriadelbalabiott/
Osteria Della Conca Fallata;Milan, Italy;Via della Chiesa Rossa, 113, 20142 Milano MI, Italy;http://www.osteriadellaconcafallata.it/;https://www.instagram.com/osteriadellaconcafallata/
Casa Tua Osteria;Milan, Italy;Via Ludovico Muratori, Via Bernardino Corio, 10, 20135 Milano MI, Italy;http://www.casatuaosteria.it/;https://www.instagram.com/casatuaosteria/
Osteria del Gambero Rosso;Milan, Italy;Viale Pasubio, 8, 20154 Milano MI, Italy;http://www.algambero.com/;https://www.instagram.com/osteriadelgamberorosso/
Antica Osteria Cavallini;Milan, Italy;Via Mauro Macchi, 2, 20124 Milano MI, Italy;https://www.anticaosteriacavallini.it/;https://www.instagram.com/anticaosteriacavallini1934
Pizzeria Tarantè Napoli – Milano;Milan, Italy;Via Marcello Malpighi, 8, 20129 Milano MI, Italy;https://www.tarantepizzerianapoli.it/;https://www.instagram.com/tarante.pizzerianapoletana/
Di Gennaro;Milan, Italy;Via Santa Radegonda, 14, 20121 Milano MI, Italy;https://www.ristorantedigennaro.com/;https://www.instagram.com/ristorantedigennaro/
Pizzikotto;Milan, Italy;Via Luigi Russolo, 5, 20138 Milano MI, Italy;https://www.pizzikotto.it/it/ristoranti/milano-santa-giulia?utm_campaign=Lsm-Interazioni&utm_content=schedagoogle&utm_medium=Organic&utm_source=Partoo;https://www.instagram.com/pizzikottopizzeria/
L'Antica Pizzeria • da Michele;Milan, Italy;Piazza della Repubblica, 27, 20124 Milano MI, Italy;https://www.pizzeriadamichelemilano.it/;https://www.instagram.com/damichele___milano/
Berberè Pizzeria Centrale;Milan, Italy;Via Alfredo Cappellini, 18/A, 20124 Milano MI, Italy;https://www.berberepizza.it/berbere-milano-centrale/;https://www.instagram.com/berberepizzeria/
Pizzeria Starita Milano;Milan, Italy;Via Giovanni Gherardini, 1, 20145 Milano MI, Italy;https://www.pizzeriestarita.it/le-pizzerie/milano;https://www.instagram.com/pizzeriastarita/
L'Antica Pizzeria da Michele Milano - Porta Romana;Milan, Italy;Via Lodovico Muratori, 16, 20135 Milano MI, Italy;https://www.pizzeriadamichelemilano.it/;https://www.instagram.com/damichele___milano/
Pizzeria Positano Milano - Colonne di San Lorenzo;Milan, Italy;Via S. Vito, 5, 20123 Milano MI, Italy;https://pizzeriapositano.eu/milano-colonne-di-san-lorenzo/;https://www.instagram.com/pizzeriapositano_milano/
Pizzeria del Sole;Milan, Italy;Via Carlo Marochetti, 10, 20139 Milano MI, Italy;http://www.pizzeriadelsolemilano.it/;https://www.instagram.com/pizzeriadelsolemilano/
Mama Eat - Gluten-free Restaurant & Pizzeria;Milan, Italy;Via Giulio Cesare Procaccini, 32, 20154 Milano MI, Italy;http://www.mamaeat.com/;https://www.instagram.com/mama_eat/
Pizzeria Cilea;Milan, Italy;Via Francesco Cilea, 2E, 20151 Milano MI, Italy;https://supergalla.it/pizzeria-cilea/;https://www.instagram.com/super.galla/
MATERIA PIZZERIA - MILANO CENTRO;Milan, Italy;Via del Torchio, 1, 20123 Milano MI, Italy;https://materiapizzeria.com/;https://www.instagram.com/materia_milano/
Napule è - Fratelli Coppola;Milan, Italy;Via Alfredo Cappellini, 23, 20124 Milano MI, Italy;https://www.fratellicoppola.net/fratelli-coppola-ristorante-pizzeria-napoletana-milano/;https://www.instagram.com/officialfratellicoppola/
Pizzeria & Ristorante d'amare;Milan, Italy;Via Romolo Gessi, 48, 20146 Milano MI, Italy;https://www.drinkino.it/damare_milano.html;https://www.instagram.com/damare_milano/
Pizzeria Ciro Cascella 3.0 Isola;Milan, Italy;Via Ugo Bassi, 30, 20159 Milano MI, Italy;https://www.cirocascella.it/;https://www.instagram.com/ciro_cascella3.0pizzeria
La Pezzara di Andrea Romolo dal 1994;Milan, Italy;Via Francesco de Sanctis, 50, 20141 Milano MI, Italy;https://pizzerialapezzara.eatbu.com/?lang=it;https://www.instagram.com/lapezzaradiandrearomolo/
Pizzium - Milano Via Procaccini;Milan, Italy;Via Giulio Cesare Procaccini, 30, 20154 Milano MI, Italy;https://pizzium.com/locali/milano-via-giulio-cesare-procaccini-30/;https://www.instagram.com/pizzium/
Pizzeria Ciro Cascella 3.0 Milano;Milan, Italy;Via Emilio Morosini, 5, 20135 Milano MI, Italy;https://www.cirocascella.it/;https://www.instagram.com/ciro_cascella3.0pizzeria
Berberè Pizzeria Porta Romana;Milan, Italy;Via Carlo Botta, 4, 20135 Milano MI, Italy;https://www.berberepizza.it/berbere-milano-porta-romana/;https://www.instagram.com/berberepizzeria/
Pizzeria Capuano's - Londonio;Milan, Italy;Via Francesco Londonio, 22, 20154 Milano MI, Italy;https://capuanos.it/;https://www.instagram.com/capuanos_milano/
Piccola Ischia Pizzeria (Via Morgagni);Milan, Italy;Via Giovanni Battista Morgagni, 7, 20129 Milano MI, Italy;http://www.piccolaischia.com/;https://www.instagram.com/wix
Berberè Pizzeria Isola;Milan, Italy;Via Sebenico, 21, 20124 Milano MI, Italy;https://www.berberepizza.it/berbere-milano-isola/;https://www.instagram.com/berberepizzeria/
Pizzeria Assaje;Milan, Italy;Via Raffaello Sanzio, 14, 20149 Milano MI, Italy;http://www.assaje.it/;https://www.instagram.com/pizzeria_assaje/
Fradiavolo Pizzeria - Milano Premuda;Milan, Italy;Viale Premuda, 14, 20129 Milano MI, Italy;https://www.fradiavolopizzeria.com/;https://www.instagram.com/fradiavolopizza
MARGHE - Via Cadore;Milan, Italy;Via Cadore, 26, 20135 Milano MI, Italy;http://www.marghepizza.com/;https://www.instagram.com/marghe_pizza/
Vesuvio Roof Bar & Restaurant;Naples, Italy;P.za Giuseppe Garibaldi, 9/10, 80142 Napoli NA, Italy;https://www.unaitalianhospitality.com/it/ristoranti/vesuvio-roof-bar-and-restaurant?cmp=gmb_vesuvio_roof_bar_restaurant%20_link;https://www.instagram.com/una_esperienze/
Palazzo Petrucci Pizzeria;Naples, Italy;P.za S. Domenico Maggiore, 5/6/7, 80134 Napoli NA, Italy;http://www.palazzopetruccipizzeria.it/;https://www.instagram.com/palazzo_petrucci/
Baldoria - Family Restaurant;Naples, Italy;Via Principe di Piemonte, 111, 80026 Casoria NA, Italy;https://www.baldoriaristopark.it/;https://www.instagram.com/baldoria_familyrestaurant/
Koi Sushi Restaurant;Naples, Italy;Via Monteoliveto, 35, 80134 Napoli NA, Italy;http://www.koinapoli.it/;https://www.instagram.com/koisushi.restaurant/
Bellini Restaurant;Naples, Italy;Via Santa Maria di Costantinopoli, 79/80, 80138 Napoli NA, Italy;https://www.teatrobellini.it/;https://www.instagram.com/teatrobellini/
THE NIQ BAR & RESTAURANT;Naples, Italy;C.so Vittorio Emanuele, 133, 80121 Napoli NA, Italy;https://www.thebritannique.com/it/the-britannique-naples/the-niq-bar/;https://www.instagram.com/debonartnaples/
Capatoast - Napoli Vomero;Naples, Italy;Via Gian Lorenzo Bernini, 64, 80129 Napoli NA, Italy;https://capatoast.it/;https://www.instagram.com/capatoast
Tokyo - Japanese Restaurant;Naples, Italy;Via Santa Maria della Neve, 26, 80122 Napoli NA, Italy;https://www.tokyorestaurant.it/;https://www.instagram.com/tokyonapoli/
O'Break Restaurant;Naples, Italy;Via Ponte di Tappia, 33, 80133 Napoli NA, Italy;https://www.marriott.it/hotels/hotel-information/restaurant/napbr-renaissance-naples-hotel-mediterraneo/;https://www.instagram.com/renaissancenaples/
Greeat - eat well. live well. (Santa Lucia);Naples, Italy;Via Santa Lucia, 54, 80132 Napoli NA, Italy;http://www.greeat.it/;https://www.instagram.com/greeat.official/
AZZUPPA Restaurant;Naples, Italy;Via Vincenzo Bellini, 15, 80135 Napoli NA, Italy;http://www.azzuppa.it/;https://www.instagram.com/azzuppare
Tufò - Take Away;Naples, Italy;Via Posillipo, 254, 80123 Napoli NA, Italy;http://www.tufotrattoria.it/;https://www.instagram.com/tufo.trattoriagourmet/
Ghi rice (indian restaurant);Naples, Italy;Piazza franchise, Via Umberto Giordano, 10, 80133 Napoli NA, Italy;https://ghiriceitaly.com/;https://www.instagram.com/ghirice/
Iki Restaurant;Naples, Italy;Via Chiaia, 148/149, 80121 Napoli NA, Italy;http://kukai.it/;https://www.instagram.com/kukai.it/
La Brasa - Beef restaurant;Naples, Italy;Via Nicola Nisco, 21, 80121 Napoli NA, Italy;https://www.labrasarestaurant.it/;https://www.instagram.com/serendipstudio.it/
Aquarium Restaurant;Naples, Italy;Riviera di Chiaia, 100, 80122 Napoli NA, Italy;https://aquariumrestaurant.it/;https://www.instagram.com/aquariumrestaurant_/
Panamar;Naples, Italy;Via Alessandro Scarlatti, 46/48, 80127 Napoli NA, Italy;https://panamar.love/;https://www.instagram.com/panamarofficial/
Greeat - eat well. live well. (CDN);Naples, Italy;Isola C1 - CDN, Via Giovanni Porzio, 80143 Napoli NA, Italy;http://greeat.it/;https://www.instagram.com/greeat.official/
Hawaii Poke Sushi;Naples, Italy;Via Ponte di Tappia, 70, 80134 Napoli NA, Italy;http://hawaiipokesushi.it/;https://instagram.com/hawaiipokesushi
Casa Gioia Home Restaurant & Aperitif (Reservation required);Naples, Italy;Via privata Villa Covino, 80129 Napoli NA, Italy;https://cesarine.com/it/experiences/sapori-napoletani-cena-unica-a-castel-sant-elmo-tG5TEt59vg;https://www.instagram.com/cesarine__
Clap Restaurant - Napoli;Naples, Italy;Piazza Ferdinando Fuga, 9, 80127 Napoli NA, Italy;http://clapnapoli.com/;https://www.instagram.com/clap.napoli/
It's | caffè & bistrot;Naples, Italy;Via Monteoliveto, 67, 80134 Napoli NA, Italy;https://itscaffe.it/;https://www.instagram.com/itscaffe/
Sansone Coffee Artisan Microroastery & Specialty Coffee;Naples, Italy;C.so Vittorio Emanuele, 610, 80121 Napoli NA, Italy;https://caffesansone.com/;https://www.instagram.com/caffesansone/
Miranapoli;Naples, Italy;Via Francesco Petrarca, 62, 80123 Napoli NA, Italy;http://www.miranapoli.com/;https://www.instagram.com/miranapoli1958/
Cafe’ Lucia Bistrot&Cocktail;Naples, Italy;Via Francesco Curia, 11, 80131 Napoli NA, Italy;https://cafebistrotlucia.it/gallery/;https://www.instagram.com/cafeluciacolliaminei/
Napoli Centrale Caffè;Naples, Italy;P.za Giuseppe Garibaldi, 52, 80142 Napoli NA, Italy;http://www.centraledelcaffe.it/;https://www.instagram.com/centrale_del_caffe/
Lavazza Coffee Design;Naples, Italy;Viale F. Ruffo di Calabria, 80144 Napoli NA, Italy;https://www.chefexpress.it/;https://www.instagram.com/chefexpress4u/
Colotti Pastry - The Symphony of Flavors;Naples, Italy;Via Giuseppe Orsi, 26, 80128 Napoli NA, Italy;http://www.pasticceriacolotti.com/;https://www.instagram.com/pasticceriacolotti/
Tentazioni;Naples, Italy;Stazione di Napoli Centrale, P.za Giuseppe Garibaldi, 80142 Napoli NA, Italy;https://www.autogrill.it/;https://www.instagram.com/autogrill/
Chalet Ciro 1952 - Mergellina;Naples, Italy;Via Caracciolo fronte, Via Orazio, 80122 Napoli NA, Italy;https://www.chaletciro1952.com/;https://www.instagram.com/chaletciro_official/
Cafè Napoli;Naples, Italy;P.za Giuseppe Garibaldi, 80142 Napoli NA, Italy;https://www.autogrill.it/;https://www.instagram.com/autogrill/
Stufa dei Fiori - Delizie Reali;Naples, Italy;Via Miano, 2 c/o Real Bosco di Capodimonte, adiacente Palazzina dei Principi, 80133 Napoli NA, Italy;https://deliziereali.it/;https://www.instagram.com/deliziereali_/
Roof Garden Lounge Bar;Naples, Italy;Via Sacerdote Cozzolino Benedetto, 86, 80056 Ercolano NA, Italy;https://roof-garden.it/;https://www.instagram.com/roofgardenercolano/
Ploom Store/Gran Bar D'Ago;Naples, Italy;Corso Arnaldo Lucci, 156, 80142 Napoli NA, Italy;http://www.granbardago.com/;https://www.instagram.com/granbardago
Opera Taste Factory - (Square of the artists);Naples, Italy;Via Luca Giordano, 145, 80129 Napoli NA, Italy;https://operatastefactory.com/;http://instagram.com/
Bar Rosso e Nero;Naples, Italy;Corso Giuseppe Garibaldi, 92, 80055 Portici NA, Italy;https://wa.me/message/QKTXQYZOEJVLM1;https://www.instagram.com/whatsapp/
Bottega Prosecco Bar;Naples, Italy;Stazione Napoli Centrale, 80142 Napoli NA, Italy;https://www.autogrill.it/;https://www.instagram.com/autogrill/
Smart Hotel Napoli;Naples, Italy;Stazione Marittima, Molo Angioino, 80133 Napoli NA, Italy;http://www.smarthotelnapoli.com/;https://www.instagram.com/smahonapoli/
Hotel & Resort Tre Fontane Luxury;Naples, Italy;Corso Giuseppe Garibaldi, 235, 80055 Portici NA, Italy;http://www.resorttrefontane.it/;https://www.instagram.com/resorttrefontaneluxury/
Hotel Naples;Naples, Italy;C.so Umberto I, 55, 80132 Napoli NA, Italy;http://www.hotelnaples.it/;https://www.instagram.com/hotelnaples/
Hotel San Paolo;Naples, Italy;Via Terracina, 159, 80125 Napoli NA, Italy;http://www.hotelsanpaolonapoli.it/;https://www.instagram.com/hotelsanpaolonapoli/
ibis Styles Napoli Garibaldi;Naples, Italy;Via Giuseppe Ricciardi, 33, 80142 Napoli NA, Italy;https://all.accor.com/lien_externe.svlt?goto=fiche_hotel&code_hotel=3243&merchantid=seo-maps-IT-3243&sourceid=aw-cen&utm_medium=seo%20maps&utm_source=google%20Maps&utm_campaign=seo%20maps;https://www.instagram.com/all.accor
Ramada by Wyndham Naples;Naples, Italy;Via Galileo Ferraris, 40, 80146 Napoli NA, Italy;https://ramadanaples.it/;https://instagram.com/ramadanaples
Grand Hotel Vesuvio;Naples, Italy;Via Partenope, 45, 80121 Napoli NA, Italy;http://www.vesuvio.it/;https://www.instagram.com/explore/locations/451889/grand-hotel-vesuvio
Vomero High Hotel;Naples, Italy;Via Privata Imperatrice G., 7, 80131 Napoli NA, Italy;http://www.vomerohighhotel.it/;https://www.instagram.com/vomerohighhotel/
Grand Hotel Saint Lucia;Naples, Italy;Via Partenope, 46, 80121 Napoli NA, Italy;http://www.santalucia.it/;https://www.instagram.com/grandhotelsantalucia/
Palazzo Salgar;Naples, Italy;Via Nuova Marina, 120, 80133 Napoli NA, Italy;http://www.palazzosalgar.com/;https://www.instagram.com/palazzosalgarnapoli/
NeapolitanTrips;Naples, Italy;Via dei Fiorentini, 10, 80133 Napoli NA, Italy;https://ostellobello.com/en/hostel/neapolitantrips-hotel/?utm_source=google&utm_medium=local&utm_campaign=MyBusiness_Neapolitan;https://www.instagram.com/ostellobello.napoli/
Hotel Paradiso, BW Signature Collection;Naples, Italy;Via Catullo, 11, 80122 Napoli NA, Italy;https://www.hotelparadisonapoli.it/;https://www.instagram.com/hotelparadisonapoli/
Eurostars Hotel Excelsior;Naples, Italy;Via Partenope, V. Francesco Caracciolo, 48, 80121 Napoli NA, Italy;http://www.eurostarshotels.it/eurostars-hotel-excelsior.html?referer_code=lb0gg00yx&utm_source=google&utm_medium=business&utm_campaign=lb0gg00yx;https://instagram.com/eurostarshotels
Benbo - Bed and Boarding;Naples, Italy;Palazzo Pegaso, Viale F. Ruffo di Calabria, snc, 80144 Napoli NA, Italy;https://bednboarding.com/;https://www.instagram.com/bednboarding/
Mercure Napoli Centro Angioino;Naples, Italy;It063049a1vvfcgsft, Via Agostino Depretis, 123, 80133 Napoli NA, Italy;https://all.accor.com/lien_externe.svlt?goto=fiche_hotel&code_hotel=1601&merchantid=seo-maps-IT-1601&sourceid=aw-cen&utm_medium=seo%20maps&utm_source=google%20Maps&utm_campaign=seo%20maps;https://www.instagram.com/all.accor
Gold Tower Lifestyle Hotel - Napoli;Naples, Italy;Via Brecce a S. Erasmo, 185, 80146 Napoli NA, Italy;https://goldtowerhotel.it/;https://www.instagram.com/goldtowerhotel/
Hotel Bella Capri;Naples, Italy;Via Guglielmo Melisurgo, 4, 80133 Napoli NA, Italy;http://hotelbellacapri.it/;https://www.instagram.com/hotelbellacapri.napoli/
Grand Hotel Capodimonte;Naples, Italy;Via Capodimonte, 3, 80136 Napoli NA, Italy;https://www.grandhotelcapodimonte.it/;https://www.instagram.com/grand_hotel_capodimonte/
Romeo Hotel - Naples;Naples, Italy;Via Cristoforo Colombo, 45, 80133 Napoli NA, Italy;https://theromeocollection.com/it/romeo-napoli/;https://www.instagram.com/theromeocollection_/
Starhotels Terminus;Naples, Italy;P.za Giuseppe Garibaldi, 91, 80142 Napoli NA, Italy;http://www.starhotels.com/en/our-hotels/terminus-naples/?utm_source=google&utm_medium=local&utm_campaign=glocal;https://www.instagram.com/starhotels
Hotel Vergilius Billia;Naples, Italy;Via Giuseppe Pica, 2/16, 80142 Napoli NA, Italy;http://www.hotelvergiliusbillia.it/;https://www.instagram.com/hotel.vergilius.billia/
Ostello Bello Napoli;Naples, Italy;Via dei Fiorentini, 10, 80133 Napoli NA, Italy;https://ostellobello.com/en/hostel/naples/?utm_source=google&utm_medium=local&utm_campaign=MyBusiness_OBN;https://www.instagram.com/ostellobello.napoli
Villa Signorini Hotel & Events;Naples, Italy;Via Roma, 43, 80056 Ercolano NA, Italy;https://www.villasignorini.it/;https://www.instagram.com/villasignorini/
Hotel Ginevra, hotels napoli stazione centrale;Naples, Italy;Hotel ginevra stazione centrale, Via Genova, 116, 80142 Napoli NA, Italy;http://www.hotelginevra.it/;https://www.instagram.com/hotel.ginevra.napoli/
Hotel Cimarosa;Naples, Italy;Via Domenico Cimarosa, 29, 80127 Napoli NA, Italy;http://www.hotelcimarosa.it/;https://www.instagram.com/hotelcimarosa
Hostel of the Sun;Naples, Italy;Via Guglielmo Melisurgo, 15, 80133 Napoli NA, Italy;http://www.hostelnapoli.com/;https://www.instagram.com/hostelofthesun/
Hotel Angioino;Naples, Italy;Via Vincenzo Russo, 17, 80133 Napoli NA, Italy;http://www.hotelangioino.it/;https://www.instagram.com/hotelangioino/
Relais Piazza del Plebiscito;Naples, Italy;Via Solitaria, 39, 80132 Napoli NA, Italy;http://www.relaispiazzadelplebiscito.it/;https://www.instagram.com/relaispiazzadelplebiscito/
Hotel Movida;Naples, Italy;Via Pignatelli Ferdinando, 4, 80026 Casoria NA, Italy;https://www.hotelmovida.it/;https://www.instagram.com/hotel.movida
Santa Chiara Inn;Naples, Italy;Vico Luigi Volpicelli, n°20, 80134 Napoli NA, Italy;https://santachiarainn.it/it;https://www.instagram.com/santachiarainn/
B&B Le 4 Stagioni Dante's Suites;Naples, Italy;Vico Carceri S. Felice, 13, 80135 Napoli NA, Italy;http://clapagroup.it/;https://www.instagram.com/clapa.group/
Trattoria Don Vincenzo;Naples, Italy;Via San Biagio Dei Librai, 60, 80138 Napoli NA, Italy;http://www.trattoriadonvincenzo.it/;https://www.instagram.com/macys/
Da Maria - Trattoria Napoletana;Naples, Italy;Vico Tiratoio, 7, 80132 Napoli NA, Italy;https://app.omny.it/damaria;https://www.instagram.com/damariatrattoria1964/
Trattoria da Nennella;Naples, Italy;Piazza Carità, 22, 80134 Napoli NA, Italy;https://www.trattorianennella.it/;https://www.instagram.com/trattoriadanennella
Trattoria e Pizzeria Morè - la trattoria più romantica di Napoli;Naples, Italy;Vico Tiratoio, 5, 80132 Napoli NA, Italy;https://trattoriamorenapoli.it/;https://www.instagram.com/trattoria_more/
Trattoria da Carmela - Cucina tipica napoletana;Naples, Italy;Via dei Tribunali, 376, 80134 Napoli NA, Italy;https://trattoriadacarmela.it/;https://www.instagram.com/trattoriadacarmela/
Trattoria Quartieri Spagnoli;Naples, Italy;Vico Santa Maria delle Grazie a Toledo, 3, 80134 Napoli NA, Italy;http://www.trattoriaquartierispagnoli.it/;https://www.instagram.com/trattoriaquartierispagnoli/
Na Bona Furchetta Trattoria;Naples, Italy;Piazza Carolina, 10, 80132 Napoli NA, Italy;https://nabonafurchettatrattoria.eatbu.com/;https://www.instagram.com/nabonafurchetta/
N'ata Cosa Trattoria e Pizzeria;Naples, Italy;Via Mergellina, 4a, 80122 Napoli NA, Italy;http://www.natacosamergellina.it/;https://www.instagram.com/natacosa_mergellina/
La Lazzara Trattoria e Pizzeria;Naples, Italy;Piazza Francese, 9/10, 80133 Napoli NA, Italy;https://lalazzara.eatbu.com/;https://www.instagram.com/lalazzaratrattoriapizzeria/
Trattoria Toledo;Naples, Italy;Vico Teatro Nuovo, 47, 80134 Napoli NA, Italy;https://trattoriatoledo.shop/;https://www.instagram.com/trattoriatoledo/
Trattoria del Golfo - Napoli - Tipica trattoria Napoletana - Genovese - Piatti di Pesce - Spigola fritta in crosta di sale;Naples, Italy;Via Santa Brigida, 56, 80133 Napoli NA, Italy;https://www.trattoriadelgolfo.net/;https://www.instagram.com/trattoriadelgolfo/
San Carlo 17 - Trattoria e Pizzeria;Naples, Italy;sancarlo17napoli@gmail.com, Via San Carlo, 17, 80133 Napoli NA, Italy;https://www.sancarlo17.it/;https://www.instagram.com/san_carlo_17
Trattoria Da Papa';Naples, Italy;V. Nuova del Campo, 56, 80141 Napoli NA, Italy;https://trattoriadapapa.eatbu.com/;https://www.instagram.com/trattoria_da_papa_/
Da Ciko spritzzeria pizzeria e trattoria;Naples, Italy;Vico S. Sepolcro, 99, 80134 Napoli NA, Italy;https://cikospritz.eatbu.com/;https://www.instagram.com/cikospritz/
Caffe' Del Professore Add'a Signora;Naples, Italy;V. Vittorio Emanuele III, 53, 80145 Napoli NA, Italy;https://trattoriaaddasignora.it/;https://www.instagram.com/adda_signora/
Trattoria Vanvitelli;Naples, Italy;Piazza Vanvitelli, 9/c, 80129 Napoli NA, Italy;https://www.trattoriavanvitelli.com/;https://www.instagram.com/trattoria_vanvitelli/
Trattoria da Concetta;Naples, Italy;Via Speranzella, 19, 80134 Napoli NA, Italy;http://www.trattoriadaconcetta.com/;https://www.instagram.com/trattoriadaconcetta/
Osteria Da Antonio;Naples, Italy;Via Agostino Depretis, 143, 80100 Napoli NA, Italy;http://www.osteriadaantonio.com/;https://www.instagram.com/osteria_da_antonio/
Vincè osteria;Naples, Italy;Via Napoli, 159, 80026 Casalnuovo di Napoli NA, Italy;http://www.osteriavincè.it/;https://www.instagram.com/vince_osteria
Osteria da Carmela;Naples, Italy;Via Conte di Ruvo, 12, 80135 Napoli NA, Italy;http://www.osteriadacarmela.it/;https://www.instagram.com/osteriadacarmela/
Ristorante Osteria Sannazaro;Naples, Italy;P.za Sannazaro, 72, 80122 Napoli NA, Italy;http://www.osteriasannazaro.it/;https://instagram.com/invites/contact/
Animus Osteria;Naples, Italy;Via Giuseppe Tropeano, 20, 80131 Napoli NA, Italy;http://osteria-animus.it/;https://www.instagram.com/animus_osteria
Isso Osteria;Naples, Italy;Vico Satriano, 8C/8, 80121 Napoli NA, Italy;https://www.issoosteria.com/;https://www.instagram.com/isso.osteria/
Signora Bettola - Napoli (Chiaia);Naples, Italy;Vico Satriano, 3B, 80121 Napoli NA, Italy;https://www.signorabettola.com/;https://www.instagram.com/signorabettola/
Antica Osteria Pisano;Naples, Italy;Piazza Crocelle ai Mannesi, 1, 80138 Napoli NA, Italy;https://www.osteriapisano.it/;https://www.instagram.com/anticaosteriapisano/
Antica Osteria Da Tonino dal 1880;Naples, Italy;Via Santa Teresa A Chiaia, 47, 80121 Napoli NA, Italy;https://www.osteriadatonino.it/;https://www.instagram.com/osteriadatonino1880/
OSTERIA DA FIORELLA by Max Mariola;Naples, Italy;Via Partenope, 1b, 80121 Napoli NA, Italy;http://www.maxmariolarestaurant.com/;https://www.instagram.com/maxmariolarestaurants/
Osteria Donna Teresa;Naples, Italy;Via Michele Kerbaker, 58, 80127 Napoli NA, Italy;http://osteriadonnateresa.eatbu.com/;https://www.instagram.com/explore/locations/19038677/osteria-donna-teresa/
Re Lazzarone;Naples, Italy;Via Santa Maria di Costantinopoli, 11, 80135 Napoli NA, Italy;https://www.relazzarone.it/;https://www.instagram.com/re_lazzarone
Hosteria Toledo 1951;Naples, Italy;Vico Giardinetto, 78, 80134 Napoli NA, Italy;https://www.hosteriatoledo.it/;https://www.instagram.com/hosteriatoledo1951/
Nonna Tittina;Naples, Italy;V. Francesco Caracciolo, 13, 80122 Napoli NA, Italy;https://nonnatittina.eu/;https://instagram.com/nonnatittinalungomare
Cantina del Gallo;Naples, Italy;Via Alessandro Telesino, 21, 80136 Napoli NA, Italy;http://www.cantinadelgallo.com/;http://instagram.com/cantinadelgallo
A Taverna d' 'e Zoccole;Naples, Italy;Vico Lungo del Gelso, 96, 80134 Napoli NA, Italy;http://atavernadezoccole.eatbu.com/;https://www.instagram.com/atavernadezoccole/
L' osteria di piazza Sannazzaro;Naples, Italy;P.za Sannazaro, 71, 80122 Napoli NA, Italy;https://osteriasannazaro.it/;https://instagram.com/invites/contact/
Gino e Toto Sorbillo;Naples, Italy;Via dei Tribunali, 32, 80138 Napoli NA, Italy;http://www.sorbillo.it/;https://www.instagram.com/sorbillo/
50 Kalò;Naples, Italy;P.za Sannazaro, 201/c, 80121 Napoli NA, Italy;http://www.50kalò.it/;https://www.instagram.com/50kalo/
al Ruotino - Pizzeria Ristorante;Naples, Italy;Via Cesare Battisti, 17, 80134 Napoli NA, Italy;http://www.alruotino.it/;https://www.instagram.com/alruotino/
Pizzeria La Nuova Italia - Fratelli Barretta;Naples, Italy;Corso Secondigliano, 543, 80144 Napoli NA, Italy;https://pizzerialanuovaitalia.it/;https://www.instagram.com/pizzerialanuovaitalia/
Pizzeria Trianon;Naples, Italy;Via Pietro Colletta, 44, 80139 Napoli NA, Italy;https://www.pizzeriatrianon.it/;https://instagram.com/pizzeriatrianon
Antica Pizzeria Di Matteo;Naples, Italy;Via dei Tribunali, 94, 80138 Napoli NA, Italy;http://www.anticapizzeriadimatteo.it/;https://www.instagram.com/anticapizzeriadimatteoofficial/
Pizzeria Pellone;Naples, Italy;Via Nazionale, 93, 80143 Napoli NA, Italy;http://pellonepizzeria.it/;https://www.instagram.com/pizzeriapellone/
Pizzeria Gaetano Genovesi;Naples, Italy;Via Alessandro Manzoni, 26/i, 80123 Napoli NA, Italy;http://www.pizzeriagaetanogenovesi.it/;https://www.instagram.com/explore/locations/335756592/
Pizzeria I Decumani;Naples, Italy;Via dei Tribunali, 58/60/61, 80138 Napoli NA, Italy;https://www.pizzeriadecumani.it/;https://www.instagram.com/explore/locations/406914663/pizzeria-i-decumani/
Pizzeria Carminiello;Naples, Italy;Corso Secondigliano, 350, 80144 Napoli NA, Italy;http://www.carminiello.it/;https://www.instagram.com/pizzeriacarminiello1910
Pizzeria Concettina ai Tre Santi;Naples, Italy;Via Arena della Sanità, 7 Bis, 80137 Napoli NA, Italy;https://www.concettinaaitresanti.com/;https://www.instagram.com/p/C-lIFunIxLS/
Antica Pizzeria Port’Alba;Naples, Italy;Via Port'Alba, 18, 80134 Napoli NA, Italy;https://www.anticapizzeriaportalba.com/;https://www.instagram.com/anticapizzeriaportalba1738/
Pizzeria da Gigino e Figli;Naples, Italy;Via Stanislao Manna, 30, 80126 Napoli NA, Italy;http://www.giginoefigli.it/;https://www.instagram.com/pizzeriagiginoefigli/
Pummarola Gourmet Girarrosto Pizzeria;Naples, Italy;Corso Giuseppe Garibaldi, 118, 80055 Portici NA, Italy;https://www.pummarolagourmet.com/pizzeria-gourmet/;https://www.instagram.com/pummarolagourmet/
Pizzeria Vesuvio - Pizzaioli dal 1989;Naples, Italy;V. Benedetto Croce, 44, 80055 Portici NA, Italy;https://www.pizzeriavesuvio.it/;https://www.instagram.com/pizzeriavesuvio1989/
Pizzeria Errico Porzio Vomero;Naples, Italy;Via Alessandro Scarlatti, 84, 80129 Napoli NA, Italy;https://pizzerierricoporzio.it/;https://www.instagram.com/pizzeria_porzio/
Pizzeria Presepe Napoletano by Gino Sorbillo;Naples, Italy;Via dei Tribunali, 359, 80134 Napoli NA, Italy;http://www.sorbillo.it/;https://www.instagram.com/sorbillo/
Bistrot Turin;Turin, Italy;Via Po, 21/B, 10124 Torino TO, Italy;https://bistroturin.it/;https://www.instagram.com/bistroturin/
Touberi Restaurant;Turin, Italy;Via Giulia di Barolo, 18/a, 10124 Torino TO, Italy;http://touberi.com/;https://www.instagram.com/touberi.torino/
Haveli Ristorante Indiano- Best Indian Restaurant in Turin;Turin, Italy;Corso Regio Parco, 20, 10153 Torino TO, Italy;https://haveliristorante.it/;https://www.instagram.com/haveliristoranteindiano
Ristorante Slurp!;Turin, Italy;Via Massena, 26, 10128 Torino TO, Italy;http://www.slurptorino.it/;https://www.instagram.com/slurp_tuttociochegusto/
XO-RESTAURANT;Turin, Italy;Via Po, 46, 10123 Torino TO, Italy;https://xocafe.it/;https://www.instagram.com/xo_restaurant_cafe/
St. Martin Pub Torino;Turin, Italy;Corso S. Martino, 0/b, 10122 Torino TO, Italy;http://www.stmartinpub.com/;https://www.instagram.com/st.martinpub/
Catarina Bistrot;Turin, Italy;Via Maria Vittoria, 27D/29, 10123 Torino TO, Italy;https://www.catarinabistrot.com/;https://www.instagram.com/catarina_bistrot/
Osaka Restaurant;Turin, Italy;Via Rivalta, 23E, 10141 Torino TO, Italy;http://osakaristorantegiapponese.com/;https://www.instagram.com/osakaristorantegiapponese/
Real One - Breakfast Restaurant Events Catering;Turin, Italy;Corso Giovanni Agnelli, 129, 10135 Torino TO, Italy;https://www.realonetorino.it/;https://www.instagram.com/realonetorino
Samurai Japanese Restaurant;Turin, Italy;Via Fréjus, 12, 10139 Torino TO, Italy;http://www.ristorantesamurai.com/;https://www.instagram.com/samuraifrejus.torino/
AM restaurant | Ristorante nel centro di Torino;Turin, Italy;Via delle Orfane, 17f, 10122 Torino TO, Italy;http://amrestaurant.it/?utm_source=google&utm_medium=wix_google_business_profile&utm_campaign=17877217258676396394;https://www.instagram.com/am.restaurant.torino/
Smith's British - Ristorante Inglese;Turin, Italy;Via Virle, 19c, 10138 Torino TO, Italy;https://smithsbritish.it/;https://www.instagram.com/smithsbritish/
Mezzaluna;Turin, Italy;Piazza Emanuele Filiberto, 8/d, 10122 Torino TO, Italy;https://www.mezzalunatorino.it/;https://www.instagram.com/mezzalunatorino/
Eataly | Turin;Turin, Italy;Via Giuseppe Luigi Lagrange, 3, 10123 Torino TO, Italy;https://www.eataly.net/it_it/negozi/torino-lagrange?utm_source=gmb&utm_medium=listing&utm_campaign=organic-search;https://www.instagram.com/eatalytorino/
Benvenuto Family Restaurant - Venaria;Turin, Italy;Corso Giuseppe Garibaldi, 155, 10078 Venaria Reale TO, Italy;http://www.benvenutofamilyrestaurant.it/;https://www.instagram.com/BenvenutoFamilyRestaurant/
Replay Restaurant;Turin, Italy;Via D. Cimarosa, 21, 10042 Nichelino TO, Italy;https://replayristorante.it/;https://www.instagram.com/replayrestaurant/
Dolce Stil Novo - Alfredo Russo;Turin, Italy;Reggia di Venaria, Piazza della Repubblica, 4, 10078 Venaria Reale TO, Italy;http://www.dolcestilnovo.com/online/;https://www.instagram.com/russo_alfredo/
I Love Poke - Torino;Turin, Italy;V. Antonio Bertola, 17/c, 10121 Torino TO, Italy;http://www.ilovepoke.it/;https://www.instagram.com/ilovepoke.official/
Shiso Fusion Restaurant;Turin, Italy;Viale Buridani, 54, 10078 Venaria Reale TO, Italy;https://shisofusion.it/;https://www.instagram.com/shiso_venaria/
L'Assommoir Restaurant Bistrot;Turin, Italy;V. Antonio Bertola, 24 C, 10122 Torino TO, Italy;http://www.ristoranteassommoir.it/;https://www.instagram.com/lassommoir.restaurant/
Benvenuto Family Restaurant - Torino;Turin, Italy;V.Caraglio, 97, 10141 Torino TO, Italy;https://www.benvenutofamilyrestaurant.it/;https://www.instagram.com/BenvenutoFamilyRestaurant/
Roadhouse;Turin, Italy;presso C. C. 8 Gallery, Via Nizza, 10126 Torino TO, Italy;http://www.roadhouse.it/it/ristorante-roadhouse-lingotto;https://www.instagram.com/roadhouse_restaurant/
Cascina Marchesa Restaurant & Resort;Turin, Italy;Corso Regina Margherita, 371, 10151 Torino TO, Italy;http://www.cascinamarchesaresort.com/;https://www.instagram.com/cascinamarchesa_resort/
Roadhouse Restaurant Beinasco;Turin, Italy;Viale del Risorgimento, 10092 Beinasco TO, Italy;https://www.roadhouse.it/it/ristorante-roadhouse-beinasco;https://www.instagram.com/roadhouse_restaurant/
Garden Cafè;Turin, Italy;Via Sant'Ottavio, 57, 10124 Torino TO, Italy;https://garden-cafe-torino.eatbu.com/;https://www.instagram.com/gardencafe_silvia
ORSO - Laboratorio Caffè | Specialty Coffee | BORGO ROSSINI;Turin, Italy;Via Cagliari, 18, 10153 Torino TO, Italy;https://shop.orsolaboratoriocaffe.it/;https://www.instagram.com/isola_torino/
Orso Laboratorio del Caffè;Turin, Italy;Via Claudio Luigi Berthollet, 30h, 10125 Torino TO, Italy;http://shop.orsolaboratoriocaffe.it/;https://www.instagram.com/isola_torino/
Gospelfood Bakery Torino;Turin, Italy;Corso Vercelli, 210/A, 10155 Torino TO, Italy;https://gospelfood.it/;https://www.instagram.com/gospelfood/
Costadoro Coffee Lab Diamond;Turin, Italy;Via Teofilo Rossi di Montelera, 2, 10123 Torino TO, Italy;https://costadoro.it/chi-siamo/factory/;https://www.instagram.com/costadoro_official/
Caffé Al Bicerin;Turin, Italy;Piazza della Consolata, 5, 10122 Torino TO, Italy;http://www.bicerin.it/;https://www.instagram.com/bicerin.1763.torino/
Caffè Lib - Collegno;Turin, Italy;Via Torino, 166, 10093 Collegno TO, Italy;http://www.caffelib.com/;https://www.instagram.com/caffelib/
DAPPER Coffee | Specialty Coffee Bar;Turin, Italy;Corso S. Maurizio, 51/G, 10124 Torino TO, Italy;https://dappercoffee.it/;https://www.instagram.com/dappercoffeetorino/
Caffetteria Vergnano Dal Tiepolo;Turin, Italy;Via Gian Battista Tiepolo, 14/A, 10126 Torino TO, Italy;https://www.caffetteriavergnanodaltiepolo.it/?utm_source=restaurantguru&utm_medium=referral;https://www.instagram.com/daltiepolo/
Bowie café bistrot & drinks;Turin, Italy;Lungo Dora Firenze, 131, 10153 Torino TO, Italy;https://www.bowietorino.it/;https://www.instagram.com/bowie.torino/
Caffè Elena;Turin, Italy;P.za Vittorio Veneto, 5, 10124 Torino TO, Italy;https://www.caffeelena.it/;https://www.instagram.com/caffe_elena_torino/
Farmacia Del Cambio;Turin, Italy;Piazza Carignano, 2, 10123 Torino TO, Italy;http://farmaciadelcambio.it/;https://www.instagram.com/delcambiotorino/
Efeso Bistrot Café;Turin, Italy;Via Giuseppe Verdi, 20 B, 10124 Torino TO, Italy;https://efeso-bistrot-cafe.eatbu.com/?fbclid=PAAaa_RmR7QKwRP84zHrCVs2U8jofKiignuC-HKkcbWqlvk7JRs3H2gIC1X9o&lang=it;https://www.instagram.com/efesobistrotcaffe
Km 5;Turin, Italy;Via San Domenico, 14, 10122 Torino TO, Italy;http://km5torino.com/;https://www.instagram.com/km5_torino/
Trivè All Day Bar - Amendola;Turin, Italy;Via Giovanni Amendola, 12/B, 10121 Torino TO, Italy;http://www.trivetime.it/;https://www.instagram.com/trive_time/
Caffè De Florio Torino;Turin, Italy;Corso Giuseppe Garibaldi, 50, 10078 Venaria Reale TO, Italy;https://caffedeflorio.eatbu.com/?lang=it;https://www.instagram.com/caffe_de_florio/
Moi Moi Gastronomia Salentina;Turin, Italy;Via Roero di Cortanze, 0/F, 10124 Torino TO, Italy;http://www.moimoi.it/;https://www.instagram.com/moimoitorino_/
Gluten Free Cafe & Patisserie;Turin, Italy;Via Filadelfia, 113/B, 10137 Torino TO, Italy;http://www.freedomgf.it/;https://www.instagram.com/freedom_gluten_free/
Gran Bar Turin;Turin, Italy;Piazza Gran Madre di Dio, 2, 10131 Torino TO, Italy;https://www.granbartorino.com/?utm_source=google&utm_medium=wix_google_business_profile&utm_campaign=12151454948817284969;https://www.instagram.com/granbartorino
Bar Savoia;Turin, Italy;Via Lelio Silva, 2/A, 10078 Venaria Reale TO, Italy;https://caffesavoia.it/;https://www.instagram.com/il.baruccio/
Harry's Bar - Torino Porta Nuova;Turin, Italy;Porta Nuova, Via Nizza, 2, 10125 Torino TO, Italy;https://www.chefexpress.it/;https://www.instagram.com/chefexpress4u/
Mokà Cafè;Turin, Italy;Corso Bolzano, 47, 10121 Torino TO, Italy;http://www.chefexpress.it/;https://www.instagram.com/chefexpress4u/
Orient Express;Turin, Italy;C.so Francia, 3/a, 10138 Torino TO, Italy;https://www.orient-express.com/;https://www.instagram.com/orientexpress/
Novotel Torino Corso Giulio Cesare;Turin, Italy;C.so Giulio Cesare, 338/34, 10154 Torino TO, Italy;https://all.accor.com/lien_externe.svlt?goto=fiche_hotel&code_hotel=3306&merchantid=seo-maps-IT-3306&sourceid=aw-cen&utm_medium=seo%20maps&utm_source=google%20Maps&utm_campaign=seo%20maps;https://www.instagram.com/all.accor
Idea Hotel Torino Mirafiori;Turin, Italy;Via Paolo Gaidano, 113, 10137 Torino TO, Italy;https://torino.ideahotel.it/;https://www.instagram.com/ideahoteltorino/
Grand Hotel Sitea;Turin, Italy;Via Carlo Alberto, 35, 10123 Torino TO, Italy;http://www.grandhotelsitea.it/;https://www.instagram.com/grandhotelsitea/
Hotel Gran Torino;Turin, Italy;Via La Loggia, 6, 10134 Torino TO, Italy;http://www.hotelgrantorino.com/;https://www.instagram.com/gch.grantorino
Sharing;Turin, Italy;Via Ribordone, 12, 10156 Torino TO, Italy;http://www.sharing.to.it/;https://www.instagram.com/sharing.to
ART HOTEL OLYMPIC;Turin, Italy;Via Verolengo, 19, 10149 Torino TO, Italy;http://www.arthotelolympic.it/;https://www.instagram.com/art.hotel.olympic/
Best Quality Hotel La Darsena;Turin, Italy;Str. Torino, 29, 10124 Moncalieri TO, Italy;http://www.ladarsena.bqhotel.it/;https://www.instagram.com/bestquality.hotelladarsena
Hotel Plaza;Turin, Italy;Via Ilarione Petitti, 18, 10126 Torino TO, Italy;http://www.hotelplazatorino.it/;https://www.instagram.com/hotelplazatorino/
Boston Art Hotel;Turin, Italy;Via Massena, 70, 10128 Torino TO, Italy;https://hotelbostontorino.it/;https://www.instagram.com/boston.art.hotel/
Hotel Continental;Turin, Italy;Via Genova, 2, 10126 Torino TO, Italy;http://www.continental.to.it/;https://instagram.com/hotelcontinentaltorino
Best Western Plus Hotel Genova;Turin, Italy;Via Paolo Sacchi, 14/B, 10128 Torino TO, Italy;http://albergogenova.it/;https://www.instagram.com/hotelgenovatorino/
Hotel Torino Royal;Turin, Italy;Corso Regina Margherita, 249, 10144 Torino TO, Italy;https://www.hotelroyaltorino.it/;https://www.instagram.com/hotelroyaltorino/
La Pace;Turin, Italy;Via Roma, 36, 10099 San Mauro Torinese TO, Italy;https://www.hotellapacetorino.com/;https://www.instagram.com/hotel_lapace_torino/
CXTurin | Marconi Campus & Hotel;Turin, Italy;Via Belfiore, 23, 10125 Torino TO, Italy;http://www.cx-place.com/;https://www.instagram.com/cxcampus_/
Campus Sanpaolo;Turin, Italy;V.Caraglio, 97, 10141 Torino TO, Italy;http://campussanpaolo.it/;https://www.instagram.com/campussanpaolo/
Hotel Parisi;Turin, Italy;Via Luigi, Via Galvani, 19, 10042 Nichelino TO, Italy;https://hotelparisi.it/;https://www.instagram.com/hotel_parisi_torino/
Best Western Hotel Crimea;Turin, Italy;Via Mentana, 3, 10133 Torino TO, Italy;http://www.hotelcrimea.it/;https://www.instagram.com/bestwesternhotelcrimea/
J Hotel;Turin, Italy;Via Traves, 40, 10151 Torino TO, Italy;https://www.jhotel.eu/?utm_source=google&utm_medium=mybusiness&utm_campaign=mybusiness&utm_content=gmb_site_link;https://www.instagram.com/jhotelturin/
Hotel Miramonti;Turin, Italy;P.za Derna, 238, 10154 Torino TO, Italy;http://www.hotelmiramontitorino.it/;https://www.instagram.com/hotelmiramonti_torino
Starhotels Majestic;Turin, Italy;C.so Vittorio Emanuele II, 54, 10123 Torino TO, Italy;http://www.starhotels.com/en/our-hotels/majestic-turin/;https://www.instagram.com/starhotels
Best Quality Hotel Politecnico;Turin, Italy;Corso Peschiera, 117, 10141 Torino TO, Italy;http://www.politecnico.bqhotel.it/;https://www.instagram.com/bestquality.hotelpolitecnico/
Diamond Motel;Turin, Italy;Via Nazioni Unite, 11, 10093 Collegno TO, Italy;http://www.diamantemhotel.it/;https://instagram.com/diamantetorino/
Caprizza Torino;Turin, Italy;Piazza Savoia, 2, 10122 Torino TO, Italy;http://caprizza.it/;https://www.instagram.com/caprizza_italia/
Piola da Cianci;Turin, Italy;Largo IV Marzo, 9/b, 10122 Torino TO, Italy;https://ciancipiola.it/;https://www.instagram.com/ciancipiola/
Ristò;Turin, Italy;V. Antonio Bertola, 57, 10122 Torino TO, Italy;http://www.trattoriatorino.it/;https://www.instagram.com/ristoacasatorino/
Almondo Trattoria;Turin, Italy;Piazza Gran Madre di Dio, 2L, 10131 Torino TO, Italy;https://almondotrattoria.it/;https://www.instagram.com/almondo.trattorie/
Ue' Ue' Trattoria Pizzeria;Turin, Italy;Via Madama Cristina, 86, 10126 Torino TO, Italy;https://trattoriaueue.it/;https://www.instagram.com/ueuetrattoriapizzeria
Trattoria vineria da Ale;Turin, Italy;Piazza Corpus Domini, 17, 10122 Torino TO, Italy;http://www.trattoriadaale.it/;https://www.instagram.com/trattoriavineriadaale/
Antica Trattoria Cirio;Turin, Italy;Corso Moncalieri, 216/F, 10133 Torino TO, Italy;https://www.trattoriacirio.it/;https://www.instagram.com/wixstudio
Trattoria Del Centro 2018;Turin, Italy;Via Torino-Druento, 14, 10093 Collegno TO, Italy;http://www.trattoriadelcentro2018.it/;https://www.instagram.com/trattoria_del_centro2018/
Trattoria Crotto;Turin, Italy;Str. di Lanzo, 88c, 10148 Torino TO, Italy;https://www.trattoriacrotto.it/;https://www.instagram.com/trattoria_crotto/
Trattoria AlleVolte;Turin, Italy;Via Nizza, 27E, 10125 Torino TO, Italy;https://www.trattoriaallevolte.com/;https://www.instagram.com/trattoria_allevolte/
Trattoria Ala;Turin, Italy;Via Santa Giulia, 24/B, 10124 Torino TO, Italy;http://www.trattoria-ala.it/;https://www.instagram.com/trattoria_ala/
Almondo Nuovo Trattoria;Turin, Italy;Via Giuseppe Mazzini, 12A, 10123 Torino TO, Italy;https://almondotrattoria.it/;https://www.instagram.com/almondo.trattorie/
Il Trullo Torino Trattoria Pugliese;Turin, Italy;Corso Casale, 91, 10132 Torino TO, Italy;http://www.iltrullotorino.it/;https://www.instagram.com/iltrullotorino/
Trattoria Carmen;Turin, Italy;V. Ormea, 15, 10125 Torino TO, Italy;https://www.trattoriacarmen.it/;https://www.instagram.com/trattoriacarmen/
Trattoria Decoratori & Imbianchini;Turin, Italy;Via Francesco Lanfranchi, 28, 10131 Torino TO, Italy;http://www.decoratorieimbianchini.it/;https://www.instagram.com/trattoriadecoratoriimbianchini/
Trattoria Le Tre Nuvole Lingotto;Turin, Italy;Via Passo Buole, 176, 10135 Torino TO, Italy;http://letrenuvole.eatbu.com/;https://www.instagram.com/letrenuvole
Osteria Il Porto;Turin, Italy;Via Gian Francesco Bellezia, 9, 10122 Torino TO, Italy;https://palazzobellezia.it/ristorante/;https://www.instagram.com/palazzo_bellezia/
Spirito Osteria;Turin, Italy;V. Corte d'Appello, 13, 10122 Torino TO, Italy;http://www.spirito.it/;https://www.instagram.com/spirito.osteria/
Ado Osteria di Pesce | Ristorante di Pesce Torino;Turin, Italy;Via Antonio Gramsci, 1, 10121 Torino TO, Italy;https://adoosteriadipesce.it/;https://www.instagram.com/ado_osteria_di_pesce/
Osteria Al Tagliere - Via XX Settembre;Turin, Italy;Via XX Settembre, 79, 10122 Torino TO, Italy;https://osteriaaltagliere.it/;https://www.instagram.com/p/C_TF7xzhEHR/
Osteria le Ramin-e;Turin, Italy;Via Isonzo, 64, 10141 Torino TO, Italy;http://www.leramine.it/;https://www.instagram.com/le_ramine/
Osteria Nuova;Turin, Italy;Via XX Settembre, 2/M, 10121 Torino TO, Italy;http://www.osterianuovatorino.it/;https://www.instagram.com/osteria_nuova_torino/
Osteria le Putrelle;Turin, Italy;Via Valperga Caluso, 11, 10125 Torino TO, Italy;http://www.leputrelle.it/;https://www.instagram.com/osteria_leputrelle/
Osterie Torino;Turin, Italy;Via Silvio Pellico, 2bis, 10125 Torino TO, Italy;https://osterietorino.com/;https://www.instagram.com/osterietorino/
Osteria Sinella;Turin, Italy;Corso S. Maurizio, 23b, 10124 Torino TO, Italy;https://sinella.it/;https://www.instagram.com/ostesinella/
La Piola Sabauda;Turin, Italy;Via Giovanni Giolitti, n. 10, 10123 Torino TO, Italy;http://lapiolasabauda.it/;https://www.instagram.com/lapiolasabauda/
Osteria Novecento;Turin, Italy;Via Issiglio, 20/A, 10141 Torino TO, Italy;https://osterianovecento.com/;https://www.instagram.com/osterianovecento/
Osteria Andirivieni;Turin, Italy;Via Edoardo Rubino, 43a, 10137 Torino TO, Italy;https://andirivienitorino.it/;https://www.instagram.com/andirivieniosteria/
Osteria Rabezzana;Turin, Italy;Via San Francesco D'Assisi, 23,C, 10121 Torino TO, Italy;http://www.osteriarabezzana.it/;https://www.instagram.com/osteriarabezzana/
Alfiere Osteria;Turin, Italy;Via Torino, 22, 10020 Rivodora TO, Italy;https://www.alfiereosteria.it/;https://www.instagram.com/osteria_alfiere/
OSTERIA CON GASTRONOMIA LA CADREGA;Turin, Italy;Piazza Vittorio Emanuele II, 5a, 10024 Moncalieri TO, Italy;https://lacadregamoncalieri.it/;https://www.instagram.com/osterialacadrega/
L'Ostu;Turin, Italy;Via Cristoforo Colombo, 63/A, 10129 Torino TO, Italy;http://www.ostu.it/;https://www.instagram.com/enoteca_ostu/
L’Ostu del Feramiu';Turin, Italy;Via Giuseppe Baretti, 20, 10125 Torino TO, Italy;https://lostudelferamiu.eatbu.com/;https://www.instagram.com/lostu.del.feramiu
Caffè dell'Orologio;Turin, Italy;Via Oddino Morgari, 16, 10125 Torino TO, Italy;http://www.caffedellorologio.net/;https://instagram.com/caffedellorologiotorino
Scannabue;Turin, Italy;Largo Saluzzo, 25/h, 10125 Torino TO, Italy;http://www.scannabue.it/;https://www.instagram.com/explore/tags/scannabue/
Osteria al Cantun;Turin, Italy;Piazza dell'Annunziata, 6, 10078 Venaria Reale TO, Italy;https://ristoranteosterialcantun.it/;https://www.instagram.com/osterialcantunvenariareale/
L'Osto del Borgh Vej;Turin, Italy;Via Torquato Tasso, 7, 10122 Torino TO, Italy;http://www.losto.it/;https://www.instagram.com/trattoria_losto/
Passami Il Sale;Turin, Italy;Via Andrea Mensa, 37 A/B, 10078 Venaria Reale TO, Italy;http://www.passamiilsale.it/;https://www.instagram.com/osteriapassamiilsale/
OSTERIA CON MESCITA;Turin, Italy;Corso Duca degli Abruzzi, 70, 10129 Torino TO, Italy;https://www.osteriagiowinetorino.it/;https://www.instagram.com/giowine_/
Da Pecchia - Pizzeria e Pasticceria;Turin, Italy;Piazza Bengasi, 25C, 10024 Moncalieri TO, Italy;https://dapecchiapizzerie.it/;https://www.instagram.com/dapecchiapizzerie
Margherì Pizza;Turin, Italy;Via Sant'Ottavio, 51C, 10124 Torino TO, Italy;https://www.margheripizza.it/;https://www.instagram.com/margheripizza/
Taglio IV Marzo - La Pizza Per Fetta;Turin, Italy;Largo IV Marzo, 17/C, 10122 Torino TO, Italy;https://www.tagliopizzaperfetta.com/;https://www.instagram.com/taglioperfetta/
Berberè Pizzeria Porta Palazzo;Turin, Italy;Via Gian Francesco Bellezia, 24, 10122 Torino TO, Italy;https://www.berberepizza.it/torino-porta-palazzo/;https://www.instagram.com/berberepizzeria/
Sorbillo Torino;Turin, Italy;Via XX Settembre, 22, 10121 Torino TO, Italy;https://www.sorbillo.it/;https://www.instagram.com/sorbillo/
Pizzikotto - Pizzeria & Lifferia - Torino;Turin, Italy;Corso Mediterraneo, 82/A, 10129 Torino TO, Italy;https://www.pizzikotto.it/it/ristoranti/torino?utm_campaign=Lsm-Interazioni&utm_content=schedagoogle&utm_medium=Organic&utm_source=Partoo;https://www.instagram.com/pizzikottopizzeria/
Berberè;Turin, Italy;Via Sestriere, 34, 10141 Torino TO, Italy;https://www.berberepizza.it/berbere-torino-binaria/;https://www.instagram.com/berberepizzeria/
Pizze & Cozze - Nizza;Turin, Italy;Via Nizza, 69, 10125 Torino TO, Italy;http://www.pizzeecozze.it/;https://www.instagram.com/pizze.e.cozze.69/
Pizzium - Torino Duchessa Jolanda;Turin, Italy;Via Duchessa Jolanda, 8, 10138 Torino TO, Italy;https://pizzium.com/locali/torino-via-duchessa-jolanda/;https://www.instagram.com/pizzium/
Pizzeria 150;Turin, Italy;Via Nizza, 29, 10126 Torino TO, Italy;https://www.pizzeria150.com/;https://www.instagram.com/pizzeria150
Augusto - Ristorante Pizzeria;Turin, Italy;Via S. Quintino, 11, 10121 Torino TO, Italy;https://augustotorino.com/;https://www.instagram.com/augusto.ristorante/
Berberè Pizzeria Centro;Turin, Italy;Piazzetta Madonna degli Angeli, 2, 10123 Torino TO, Italy;https://www.berberepizza.it/berbere-torino-centro/;https://www.instagram.com/berberepizzeria/
Fradiavolo Pizzeria - Torino Piazza Carlina;Turin, Italy;P.za Carlo Emanuele II, 17a, 10123 Torino TO, Italy;https://www.fradiavolopizzeria.com/;https://www.instagram.com/fradiavolopizza
Pizzeria e farinateria Porcaloca;Turin, Italy;Via Tunisi, 50, 10134 Torino TO, Italy;http://www.porcalocapizzeria.it/;https://www.instagram.com/explore/locations/269246005/porcaloca-pizzeria/
La Capannina Ristorante Pizzeria;Turin, Italy;Via Vitaliano Donati, 1, 10121 Torino TO, Italy;https://lacapanninatorino.com/;https://www.instagram.com/lacapanninatorino/
Pizzeria La Rustica;Turin, Italy;Corso Duca degli Abruzzi, 39, 10129 Torino TO, Italy;https://pizzerialarusticatorino.it/;https://www.instagram.com/pizzeria_larustica_torino/
Napples (San Salvario) - Antica Pizzeria e Friggitoria Partenopea;Turin, Italy;Via Sant'Anselmo, 36, 10125 Torino TO, Italy;https://www.napples.it/;https://www.instagram.com/napplestorino/%20
Ristorante Pizzeria Grattacielo;Turin, Italy;Corso Bolzano, 8, 10121 Torino TO, Italy;https://www.pizzeriagrattacielo.it/;http://instagram.com/ristorantepizzeriagrattacielo3
Pizzeria Cos 'e Pazz;Turin, Italy;Via Edoardo Daneo, 10/10, 10135 Torino TO, Italy;https://www.pizzeriacosepazztorino.it/;https://www.instagram.com/pizzeria_cos_e_pazz_torino/
Margherì Pizza;Turin, Italy;Corso Guglielmo Marconi, 23, 10125 Torino TO, Italy;https://margheripizza.it/;https://www.instagram.com/margheripizza/
Pizzium - Torino Corso Matteotti;Turin, Italy;Corso Giacomo Matteotti, 3A, 10121 Torino TO, Italy;https://pizzium.com/locali/torino-corso-matteotti-3/;https://www.instagram.com/pizzium/
Ristorante Pizzeria Zeta;Turin, Italy;Corso Vercelli, 128/A, 10155 Torino TO, Italy;https://www.pizzeriazeta.it/;https://www.instagram.com/zeta_pizzeria/
La casa della PIZZA;Turin, Italy;Via Nizza, 87, 10126 Torino TO, Italy;https://lacasadellapizzatorino.it/;https://www.instagram.com/lacasadellapizza_torino/
Pizzium;Turin, Italy;Via Eusebio Bava, 2R, 10124 Torino TO, Italy;https://pizzium.com/;https://www.instagram.com/pizzium/
Pizza Ad Hoc;Turin, Italy;Via Giovanni Plana, 7/B, 10123 Torino TO, Italy;https://pizzaadhoc.it/;https://www.instagram.com/pizzaadhoctorino/
Pizza a Torino - La Pizzicata;Turin, Italy;Corso Eusebio Giambone, 8B, 10135 Torino TO, Italy;https://pizzerialapizzicata.it/;https://www.instagram.com/pizzeria.pizzicata/
Pizzium;Turin, Italy;Via Claudio Luigi Berthollet, 16, 10125 Torino TO, Italy;https://pizzium.com/locali/torino-via-berthollet-16/;https://www.instagram.com/pizzium/
Bioesserì;Palermo, Italy;Via G. La Farina, 4, 90141 Palermo PA, Italy;http://www.bioesseri.it/;https://www.instagram.com/bioesseri/
Ai Normanni;Palermo, Italy;P.za della Vittoria, 25, 90134 Palermo PA, Italy;https://ainormanni.com/;https://www.instagram.com/trattoria_ai_normanni/
La Brace Palermo;Palermo, Italy;V. Principe di Scordia, 105, 90139 Palermo PA, Italy;https://labracepalermo.com/;https://www.instagram.com/la_brace_restaurant_/
Rossopomodoro;Palermo, Italy;Via Filippo Pecoraino, 90124 Palermo PA, Italy;https://ristoranti.rossopomodoro.it/palermo-7323f5bda58c?utm_source=googleBusinessProfile&utm_medium=Yext&utm_campaign=183;https://www.instagram.com/rossopomodoro_italia/
Ke Palle;Palermo, Italy;Via Maqueda, 270, 90133 Palermo PA, Italy;https://www.kepalle.it/;https://www.instagram.com/p/DWZctNCjkTt/
A' Putìa - Salumeria Panini e Vini | Palermo;Palermo, Italy;Via Principe di Granatelli, 49, 90139 Palermo PA, Italy;https://linktr.ee/aputiasicily;https://www.instagram.com/aputiasicily/
Camillo - Terrace and Restaurant;Palermo, Italy;Via Giovanni Lucifora, 90133 Palermo PA, Italy;https://www.camillorestaurant.it/;https://www.instagram.com/qodeinteractive/
Di Martino dal 1910;Palermo, Italy;Via Giuseppe Mazzini, 54, 90139 Palermo PA, Italy;https://dimartinofood.it/;https://www.instagram.com/evolution_global_/
Riccio Restaurant;Palermo, Italy;V. Isidoro La Lumia, 30, 90139 Palermo PA, Italy;https://ricciorestaurant.com/;https://www.instagram.com/riccio_palermo
Ristorante Citysea;Palermo, Italy;Via Filippo Patti, 30, 90133 Palermo PA, Italy;https://www.citysea.it/;https://www.instagram.com/citysea_rooftop/
Doba restaurant and terrace;Palermo, Italy;Via Bara All'Olivella, 78, 90133 Palermo PA, Italy;https://www.dobarestaurant.it/;https://www.instagram.com/dobarestaurantandterrace/
Ciambra Restaurant;Palermo, Italy;Via B. d'Acquisto, 18, 90046 Monreale PA, Italy;https://www.ciambrarestaurant.it/;https://www.instagram.com/ciambra_restaurant/
Seven Restaurant Palermo;Palermo, Italy;Via Roma, n°111, 90133 Palermo PA, Italy;http://sevenrestaurantpalermo.it/;https://www.instagram.com/sevenrestaurantpalermo/
Osaki Restaurant Palermo;Palermo, Italy;C.so Calatafimi, 691, 90129 Palermo PA, Italy;https://www.osakirestaurants.it/?fbclid=PAY2xjawH17e9leHRuA2FlbQIxMQABpt-zu013nw-rDuERJIdZxlyP9EreIraqJX4pkWb4rA9eUyppHj2GXl_l_w_aem_H8ZV9VHlV4B0i5pTC667hA;https://www.instagram.com/osaki.restaurants_/
Old Wild West - Palermo Conca D' Oro;Palermo, Italy;Centro Commerciale Conca D' Oro, 90147 Palermo PA, Italy;http://www.oldwildwest.it/code/20067/Palermo-Conca-D-Oro;https://www.instagram.com/oldwildwest/
I Cucci Bakery La casa del cannolo!;Palermo, Italy;Via Vittorio Emanuele, 360/362, 90134 Palermo PA, Italy;https://www.icuccibakery.it/;https://www.instagram.com/icuccibakery/
Rodeo Drive Restaurant;Palermo, Italy;Via Atenasio, 8, 90146 Palermo PA, Italy;https://www.rodeodrivepalermo.it/;https://www.instagram.com/rodeodrivepalermo/
Convivio - Restaurant & Cocktail Bar;Palermo, Italy;Via G. La Farina, 19a, 90141 Palermo PA, Italy;https://conviviopalermo.it/;https://www.instagram.com/conviviopalermo/
Yoshi;Palermo, Italy;Via Principe di Granatelli, 29, 90139 Palermo PA, Italy;https://yoshipalermo.com/;https://www.instagram.com/yoshipalermo/
Bacio Nero - Stazione Centrale;Palermo, Italy;P.za Giulio Cesare, 45a, 90127 Palermo PA, Italy;https://www.bacionero.com/stazionecentralepalermo/;https://www.instagram.com/bacionero/
Maison Gavé;Palermo, Italy;Via Torquato Tasso, 120, 90144 Palermo PA, Italy;https://www.maisongave.it/;https://www.instagram.com/maison.gave/
Pedro's Coffee Bistrot;Palermo, Italy;Via Maqueda, 345, 90133 Palermo PA, Italy;https://glovoapp.com/it/it/palermo/pedros-food-pmo/;https://www.instagram.com/glovo_it/
Casa Stagnitta;Palermo, Italy;Discesa dei Giudici, 46, 90133 Palermo PA, Italy;https://www.casastagnitta.it/;https://www.instagram.com/casastagnitta/
La Martorana;Palermo, Italy;Via Vittorio Emanuele, 194/196, 90133 Palermo PA, Italy;https://glovoapp.com/it/it/palermo/la-martorana-pmo/;https://www.instagram.com/glovo_it/
Charleston Cafè - Bistrot;Palermo, Italy;Piazzetta Salvatore Fausto Flaccovio, 8, 90141 Palermo PA, Italy;https://casacharleston.net/charleston-cafe/;https://www.instagram.com/ristorantecharleston/
Sikulo - Umori&Sapori;Palermo, Italy;Piazza Diodoro Siculo, 2, 90141 Palermo PA, Italy;https://www.sikulo.it/;https://www.instagram.com/sikulo_bistrot/
Esedra dal 1984;Palermo, Italy;Via Don Orione, 103/105, 90142 Palermo PA, Italy;https://www.esedra1984.it/;https://www.instagram.com/esedrapalermo/
Bar Vabres;Palermo, Italy;Via Michele Cipolla, 83/85, 90123 Palermo PA, Italy;http://www.pasticceriavabres.com/;https://www.instagram.com/pasticceria_vabres_spedizioni/
Bar Pasticceria Olimpia;Palermo, Italy;Via dell'Orsa Minore, 82, 90124 Palermo PA, Italy;https://www.barolimpiapalermo.it/;https://www.instagram.com/barolimpiapalermo/
Pasticceria Bar Matranga Ettore;Palermo, Italy;Vle del Fante, 54, 90146 Palermo PA, Italy;http://www.pasticceriamatranga.com/;https://www.instagram.com/pasticceria_matranga_ettore/
Bar Gulliver;Palermo, Italy;V. Ugo La Malfa, 44/46, 90146 Palermo PA, Italy;https://www.gulliverrestaurantpalermo.it/;https://www.instagram.com/explore/locations/593945758/self-service-gulliver-palermo/
Il Bar in Piazza San Domenico;Palermo, Italy;Via Roma 289 Food Hall 4 Piano Rinascente, 90133 Palermo PA, Italy;https://www.ilbarsulweb.com/;https://www.instagram.com/ilbarsuisocial/
Bar Golden;Palermo, Italy;P.za Papa Giovanni Paolo II, 38, 90144 Palermo PA, Italy;https://www.goldenbarpalermo.it/;https://www.instagram.com/golden_bar_palermo/
CUMA Natural Bar & Fresh Market;Palermo, Italy;Via, V. Giovan Battista Guccia, 26, 90141 Palermo PA, Italy;http://www.cuma.bio/;https://www.instagram.com/cumanaturalfood/
Ruvolo QuattroCanti - Bar Palermo;Palermo, Italy;Via Maqueda, 190, 90134 Palermo PA, Italy;https://ruvoloquattrocanti.it/;https://www.instagram.com/ruvoloquattrocanti/
President Hotel Palermo;Palermo, Italy;V. Francesco Crispi, 230, 90139 Palermo PA, Italy;https://www.presidenthotelpalermo.it/;https://www.instagram.com/p/DV-tEWQDjVL/
Grand Hotel Piazza Borsa;Palermo, Italy;Via dei Cartari, 18, 90133 Palermo PA, Italy;https://piazzaborsa.it/;https://www.instagram.com/ghpiazzaborsa/
Quintocanto Hotel & Spa;Palermo, Italy;Via Vittorio Emanuele, 310, 90134 Palermo PA, Italy;http://www.quintocantohotel.com/index.php/it/;https://www.instagram.com/quintocantohotel/
Hotel Europa Palermo;Palermo, Italy;Via Agrigento, 3, 90141 Palermo PA, Italy;https://www.eurostarshotels.it/crisol-europa.html?referer_code=lb0gg00yx&utm_source=google&utm_medium=business&utm_campaign=lb0gg00yx;https://www.instagram.com/eurostarshotels/
Hotel Ambasciatori;Palermo, Italy;Via Roma, 111, 90133 Palermo PA, Italy;http://www.ambasciatorihotelpalermo.com/;https://www.instagram.com/ambasciatorihotelpalermo/
Hotel Politeama;Palermo, Italy;Piazza Ruggero Settimo, 15, 90139 Palermo PA, Italy;https://www.hotelpoliteama.com/;https://www.instagram.com/hotelpoliteama/
Hotel Garibaldi;Palermo, Italy;V. Emerico Amari, 146, 90139 Palermo PA, Italy;https://www.crbhotels.it/garibaldi;https://www.instagram.com/ghshotels/
Hotel Porta Felice;Palermo, Italy;Via Butera, 45, 90133 Palermo PA, Italy;https://www.hotelportafelice.it/;https://www.instagram.com/hotelportafelice/
Hotel Bel 3;Palermo, Italy;V. Ruffo di Calabria, 20, 90137 Palermo PA, Italy;http://www.bel3.com/;https://www.instagram.com/hotelbel3/
Grand Hotel Wagner;Palermo, Italy;Via Riccardo Wagner, 2, 90139 Palermo PA, Italy;https://www.grandhotelwagner.it/;https://www.instagram.com/grandhotelwagner/
Eurostars Centrale Palace;Palermo, Italy;Via Vittorio Emanuele, 327, 90134 Palermo PA, Italy;http://www.eurostarshotels.it/eurostars-centrale-palace.html?referer_code=lb0gg00yx&utm_source=google&utm_medium=business&utm_campaign=lb0gg00yx;https://instagram.com/eurostarshotels
Bastione Spasimo Boutique Hotel;Palermo, Italy;Via Filippo Evola, 1, 90133 Palermo PA, Italy;http://www.bastionespasimo.com/;https://www.instagram.com/bastionespasimo/
Artemisia Palace Hotel;Palermo, Italy;Via Roma, 499, 90139 Palermo PA, Italy;http://www.artemisiapalacehotel.it/;https://www.instagram.com/explore/locations/591588953/artemisia-palace-hotel/
Cristal Hotel Palermo;Palermo, Italy;Via Roma, 477 A, 90139 Palermo PA, Italy;https://www.cristalhotelpalermo.com/;https://www.instagram.com/cristal_hotel_palermo
Grand Hotel et Des Palmes;Palermo, Italy;Via Roma, 398, 90139 Palermo PA, Italy;https://despalmes.mangias.com/it?utm_source=google&utm_medium=organic&utm_campaign=gbp&utm_content=gbp;https://www.instagram.com/grandhoteletdespalmes/
Hotel Principe di Villafranca;Palermo, Italy;Via Giuseppina Turrisi Colonna, 4, 90141 Palermo PA, Italy;https://www.principedivillafranca.com/?utm_source=google&utm_medium=organic&utm_campaign=gbp;https://www.instagram.com/hotelprincipedivillafranca/
Hotel Tonic;Palermo, Italy;V. Mariano Stabile, 126, 90139 Palermo PA, Italy;http://www.hoteltonic.it/;https://www.instagram.com/hoteltonicpalermo/
Palazzo del Poeta;Palermo, Italy;Via Seminario Italo Albanese, 20, 90133 Palermo PA, Italy;https://palazzodelpoeta.com/;https://www.instagram.com/palazzodelpoeta
Massimo Plaza Hotel;Palermo, Italy;Via Maqueda, 437, 90133 Palermo PA, Italy;https://www.massimoplazahotel.com/;https://www.instagram.com/massimo_plaza_hotel/
Hospitality Hotel;Palermo, Italy;Via Salvatore Morso, 41, 90127 Palermo PA, Italy;http://www.hospitalityhotelpalermo.it/;https://www.instagram.com/hospitality_hotel/
L' Hôtellerie;Palermo, Italy;Foro Italico Umberto I, 13, 90133 Palermo PA, Italy;http://www.lhotellerie.it/;https://www.instagram.com/lhotellerie_easy_suites/
La Terrazza Sul Centro;Palermo, Italy;Via dell'Università, 20, 90134 Palermo PA, Italy;http://www.laterrazzasulcentro.it/;https://www.instagram.com/la_terrazza_sul_centro/
Hotel Elite;Palermo, Italy;V. Mariano Stabile, 136C, 90139 Palermo PA, Italy;http://www.hotelelitepalermo.it/;https://www.instagram.com/hotelelitepalermo/
La Serenissima Hotel;Palermo, Italy;Via dei Cassari, 24, 90133 Palermo PA, Italy;http://www.laserenissimahotel.it/;https://www.instagram.com/laserenissimahotel/
Hotel Pontemare;Palermo, Italy;V. Francesco Crispi, 91, 90139 Palermo PA, Italy;https://www.hotelpontemare.it/;https://www.instagram.com/hotelpontemare/
Palazzo Cartari;Palermo, Italy;Via dei Cartari, 21, 90133 Palermo PA, Italy;https://www.palazzocartari.it/;https://www.instagram.com/palazzocartari/
DANTE091;Palermo, Italy;Via Dante, 119, 90138 Palermo PA, Italy;https://www.dante091.it/;https://www.instagram.com/rooms_and_appartment_dante091/
A Casa di Amici;Palermo, Italy;Via Dante, 57, 90141 Palermo PA, Italy;https://www.acasadiamici.com/en/;https://www.instagram.com
Spasimo hôtellerie;Palermo, Italy;Via dello Spasimo, 72, 90133 Palermo PA, Italy;http://www.spasimohotellerie.com/;https://www.instagram.com/
Liberty Suites;Palermo, Italy;Via Principe di Granatelli, 28, 90139 Palermo PA, Italy;http://www.libertysuites.it/;https://www.instagram.com/libertysuitespalermo/
Alma Hotel;Palermo, Italy;V. Mariano Stabile, 136, 90139 Palermo PA, Italy;http://www.almahotel.it/;https://www.instagram.com/almahotelpalermo/
Ad Hoc Rooms;Palermo, Italy;Discesa dei Giudici, 15, 90133 Palermo PA, Italy;http://www.adhocrooms.it/;https://www.instagram.com/adhoc_rooms
Hibrido Hotel;Palermo, Italy;Via Divisi, 49, 90133 Palermo PA, Italy;https://www.hibridoboutiquehotel.com/;https://www.instagram.com/hibridoboutiquehotelspa/
Bohème B&B;Palermo, Italy;Via Catania, 15, 90141 Palermo PA, Italy;https://www.bbboheme.it/;https://instagram.com/bohemebb
Trattoria Del Massimo;Palermo, Italy;P.za Giuseppe Verdi, 25/26, 90138 Palermo PA, Italy;http://trattoriadelmassimo.com/;https://www.instagram.com/trattoriadelmassimo/
Trattoria alla Vucciria;Palermo, Italy;Via Argenteria, 45, 90133 Palermo PA, Italy;https://www.trattoriaallavucciria.it/;https://www.instagram.com/trattoriaallavucciria/
Celso - Trattoria Mediterranea;Palermo, Italy;Via Maqueda, 356, 90133 Palermo PA, Italy;https://trattoriacelso.it/;https://www.instagram.com/tavernacelso/
Buatta Cucina Popolana;Palermo, Italy;Via Vittorio Emanuele, 176, 90133 Palermo PA, Italy;http://www.buattapalermo.it/;https://www.instagram.com/buattacucinapopolana/
Trattoria dal Pescatore;Palermo, Italy;Via Bari, 58, 90133 Palermo PA, Italy;https://trattoriadalpescatore.it/;https://www.instagram.com/salinarestaurant_palermo/
Ciauru’ trattoria Villabate;Palermo, Italy;Via Giulio Cesare, 1s, 90039 Villabate PA, Italy;https://www.ciaurutrattoria.it/menu;https://www.instagram.com/ciaurutrattoria
Osteria Lo Bianco;Palermo, Italy;Via Belgio, 41, 90146 Palermo PA, Italy;https://osterialobianco.it/;https://www.instagram.com/osterialobianco/
Molo Sant'Erasmo - Trattoria sul Mare;Palermo, Italy;Caletta Sant'Erasmo, 90123 Palermo PA, Italy;https://www.molosanterasmo.it/;https://www.instagram.com/molosanterasmo/
Corona Trattoria;Palermo, Italy;Via Guglielmo Marconi, 9, 90141 Palermo PA, Italy;http://www.coronatrattoria.com/;http://instagram.com/coronatrattoria
Don ciccio trattoria;Palermo, Italy;Via Malaspina, 44, 90145 Palermo PA, Italy;http://www.dadonciccio.it/;https://www.instagram.com/dadonciccio1960
Osteria Lo Bianco sede storica;Palermo, Italy;V. Emerico Amari, 104, 90139 Palermo PA, Italy;http://www.osterialobianco.com/;https://www.instagram.com/osterialobianco/
Osteria Cilea;Palermo, Italy;Via Francesco Cilea, 79, 90144 Palermo PA, Italy;https://osteriacilea.it/;https://www.instagram.com/osteriacilea/
Osteria garzilli;Palermo, Italy;Via Nicolò Garzilli, 47g, 90141 Palermo PA, Italy;http://www.osteriagarzilli.it/;https://www.instagram.com/osteriagarzilli2024/
Osteria Pizzeria Re Borbone;Palermo, Italy;P.za Francesco Bagnasco, 8, 90141 Palermo PA, Italy;http://www.pizzeriareborbone.it/;https://www.instagram.com/pizzeria_reborbone/
Rosalia Osteria in Festa;Palermo, Italy;P.za della Rivoluzione, 3, 90133 Palermo PA, Italy;https://www.rosaliaosteria.it/;https://www.instagram.com/rosaliaosteria
Osteria La Tara - Pizza e Cucina;Palermo, Italy;Via Maqueda, 204, Via Maqueda, 208, 90134 Palermo PA, Italy;https://tarabottegaecucina.com/;https://www.instagram.com/tarabottegaecucina/
Osteria Ballarò;Palermo, Italy;V. Calascibetta, 25, 90133 Palermo PA, Italy;https://osteriaballaro.it/;http://instagram.com/osteriaballaro
Osteria Popolare Nonna Rita Palermo;Palermo, Italy;Via Antonio Pacinotti, 60, 90145 Palermo PA, Italy;http://www.osterianonnarita.it/;https://www.instagram.com/nonnarita_osteria/
Osteria Nonna Dora;Palermo, Italy;P.za Colonna, 7/8, 90133 Palermo PA, Italy;https://www.osterianonnadora.it/;https://www.instagram.com/osterianonnadora/
Osteria dei Vespri;Palermo, Italy;Piazza Croce dei Vespri, 6, 90133 Palermo PA, Italy;http://www.osteriadeivespri.it/;https://www.instagram.com/osteria_dei_vespri/
Osteria Alivàru da Carlo Napoli;Palermo, Italy;Via della Vetriera, 1, 90133 Palermo PA, Italy;https://www.alivaru.com/;http://www.instagram.com/alivaru_dacarlo
Osteria Pizzeria da Carlo;Palermo, Italy;Piazza Enrico D'Orleans, 11, 90134 Palermo PA, Italy;http://www.dorleans.it/;https://www.instagram.com/pizzeria_osteria_da_carlo/
Osteria Mangia e Bevi;Palermo, Italy;L.go dei Cavalieri di Malta, 18, 90133 Palermo PA, Italy;http://www.osteriamangiaebevi.it/;https://www.instagram.com/osteria_mangiaebevi/
Osteria Pantelleria;Palermo, Italy;Via Pantelleria, 24, 90133 Palermo PA, Italy;https://www.osteriapantelleria.com/;https://instagram.com/osteriapantelleria
Bisso Bistrot;Palermo, Italy;Via Maqueda, 172A, 90134 Palermo PA, Italy;http://bissobistrot.it/;https://www.instagram.com/bissobistrot/
Tannura Osteria;Palermo, Italy;Via Gaet. Filangeri, 26, 90133 Palermo PA, Italy;http://tannuraosteria.it/;https://www.instagram.com/tannuraosteria/
A Casa Mia;Palermo, Italy;Piazza Fonderia, 12, 90141 Palermo PA, Italy;http://www.acasamia-osteria.it/;https://www.instagram.com/
Osteria Mangia e Bevi - Piazza Marina;Palermo, Italy;Piazza Marina, 24 - 28, 90133 Palermo PA, Italy;https://osteriamangiaebevi.it/;https://www.instagram.com/osteria_mangiaebevi/
Sorelle Mozza Pizzeria;Palermo, Italy;Via Maqueda, 290, 90133 Palermo PA, Italy;https://sorellemozza.it/;https://www.instagram.com/sorellemozzapizzeria
Pizzeria Frida;Palermo, Italy;Piazza Sant'Onofrio, 37/38, 90134 Palermo PA, Italy;http://www.fridapizzeria.it/;https://www.instagram.com/fridapizzeria/
Pizzeria Ristorante La Tramontina;Palermo, Italy;Via Giuseppe Pagano, 17, 90129 Palermo PA, Italy;http://www.latramontinapalermo.it/;https://scontent-fco2-1.cdninstagram.com/v/t39.30808-6/661063845_1503114865158380_2260885221011112968_n.jpg
Taco Loco ~ Ristorante • Pizzeria • Birreria;Palermo, Italy;Via Giovanni Campolo, 25, 90145 Palermo PA, Italy;https://www.tacoloco.it/;https://www.instagram.com/
Assud a Santamarina Pizzeria Siciliana;Palermo, Italy;Via del Celso, 5, 90134 Palermo PA, Italy;http://www.assud.eu/;https://www.instagram.com/assud.eu/
Ristorantino Pizzeria Leone & B&B AIC;Palermo, Italy;Via Cavour, 21, 90133 Palermo PA, Italy;http://www.ristorantepizzerialeone.it/;https://www.instagram.com/ristorantino_leone/
Pizzeria Pikki Pakki - Monreale;Palermo, Italy;Via Arcivescovado, 7, 90046 Monreale PA, Italy;http://www.pikkipakki.it/;https://www.instagram.com/pizzeria_pikki_pakki/
Villa Costanza;Palermo, Italy;Via Bonanno Pietro, 42, 90142 Palermo PA, Italy;http://www.villacostanza.com/;https://instagram.com/villa_costanza_restaurant
Procopio | Pizzeria Palermo;Palermo, Italy;Via discesa delle Capre 1 Piazza Francesco Procopio Cutò 6, Via Maqueda, 280, 90134 Palermo PA, Italy;http://pizzeriaprocopio.it/;https://www.instagram.com/procopiopizzeria
BIGA Genio e Farina;Palermo, Italy;Via Maqueda, 284-286, 90134 Palermo PA, Italy;https://bigageniofarina.it/;https://www.instagram.com/biga_geniofarina/
Sfizio Pizza & Co.;Palermo, Italy;Via dell'Autonomia Siciliana, 86, 90143 Palermo PA, Italy;http://sfiziopizzeria.it/;https://www.instagram.com/sfizio_pizza.co/
Fúnnaco PizzaLab;Palermo, Italy;Via Pantelleria, 19, 90133 Palermo PA, Italy;http://www.funnaco.it/;http://instagram.com/funnacopizzalab
Pizzeria da Alfonso;Palermo, Italy;Via San Vincenzo dè Paoli, 22, 90142 Palermo PA, Italy;https://sites.google.com/view/pizzeria-da-alfonso-arenella;https://www.google.com/url
Pizzeria Gabibbo;Palermo, Italy;Via Oreto, 351, 90124 Palermo PA, Italy;http://www.pizzeriagabibbo.it/;https://www.instagram.com/gabibbo_92/
SOHO RESTAURANT;Genoa, Italy;Via al Ponte Calvi, 20 R, 16124 Genova GE, Italy;http://www.ristorantesoho.it/;https://www.instagram.com/p/C_xwzYLofbu/
Settepolpette;Genoa, Italy;Piazza della Raibetta, 9R/11R, 16123 Genova GE, Italy;http://www.settepolpette.it/;https://www.instagram.com/settepolpette/
MIC Ramen Genova;Genoa, Italy;Via S. Vincenzo, 96A/R, 16121 Genova GE, Italy;https://micramenitalia.it/;https://www.instagram.com/micramenofficial/
Rooster Streetfood Rotisserie;Genoa, Italy;Via Domenico Fiasella, 16/18R, 16121 Genova GE, Italy;http://www.roosterrotisserie.com/;https://www.instagram.com/rooster_streetfood_rotisserie
Restaurant Au Café;Genoa, Italy;Via del Portello, 14r, 16124 Genova GE, Italy;http://www.aucafe.it/;https://www.instagram.com/aucafe_ristorante/
Il Nine Osteria Ligure Vino e Cucina;Genoa, Italy;Piazza Henry Dunant, 38, 16146 Genova GE, Italy;https://www.ilnine.it/;https://www.instagram.com/zenamadin/
K Kaiseki Sushi Restaurant - Genova;Genoa, Italy;C.so Torino, 28, 16129 Genova GE, Italy;https://kkaiseki.it/k-kaiseki-genova/;https://www.instagram.com/k_kaiseki_genova/
Osteria Le Colonne;Genoa, Italy;Piazza Invrea, 3 R, 16129 Genova GE, Italy;http://www.osterialecolonne.it/;https://www.instagram.com/osteria_le_colonne/
Groove Burger;Genoa, Italy;Via ai Quattro Canti di S. Francesco, 32r, 16124 Genova GE, Italy;https://www.groovefood.it/groove-burger-genova/;https://www.instagram.com/groovegenova/
Rustichello Restaurant;Genoa, Italy;Via S. Vincenzo, 59/R, 16121 Genova GE, Italy;http://www.osteriarustichello.com/;http://www.instagram.com/osteriarustichello/
Zeffirino Genova;Genoa, Italy;Via XX Settembre, 20, 16121 Genova GE, Italy;https://zeffirino.it/;https://www.instagram.com/zeffirinorestaurant1939/
Hare Restaurant Genova;Genoa, Italy;Via Dino Col, 2, 16149 Genova GE, Italy;https://harerestaurant.com/home-genova/;https://www.instagram.com/harerestaurantgenova/
Osteria di Vico Palla;Genoa, Italy;Vico Palla, 15/R, 16128 Genova GE, Italy;https://osteriadivicopalla.com/;https://www.instagram.com/vicopalla/
Tamashi Ramen;Genoa, Italy;Vico Falamonica, 25r, 16123 Genova GE, Italy;http://www.tamashi-ramen.com/;https://www.instagram.com/tamashi_ramen/
Trattoria dell'Acciughetta;Genoa, Italy;Piazza Sant'Elena, 16126 Genova GE, Italy;http://www.acciughetta.it/;https://www.instagram.com/loriginedelpiacere/
Poke House - Genova Piazza Dante;Genoa, Italy;Piazza Dante, 10/12r, 16121 Genova GE, Italy;https://poke-house.com/;https://www.instagram.com/pokehouse_official/
Gen restaurant sushi;Genoa, Italy;Via Molassana, 72/r, 16138 Genova GE, Italy;https://finsushi.it/;https://www.instagram.com/fingenova/
Soul Kitchen;Genoa, Italy;Piazza dell'Agnello, 41 r, 16124 Genova GE, Italy;http://www.soulkitchengenova.it/;https://www.instagram.com/soulkitchengenova/
Toe Drue Antica Osteria;Genoa, Italy;Via Carlo Corsi, 44/r, 16154 Genova GE, Italy;http://www.toedrue.it/;https://www.instagram.com/p/C_iAyvGIjSK/
Roadhouse Grill;Genoa, Italy;Via Magazzini del Cotone, 19, 16128 Genova GE, Italy;http://www.roadhouse.it/it/ristorante-roadhouse-genova;https://www.instagram.com/roadhouse_restaurant/
Garden Restaurant;Genoa, Italy;Corso Italia, 15/R, 16145 Genova GE, Italy;https://www.gardenmarinetta.com/;https://www.instagram.com/garden__marinetta/
Fratelli La Bufala;Genoa, Italy;V. Colombo, 25, 16121 Genova GE, Italy;https://fratellilabufala.com/;https://www.instagram.com/fratellilabufalaofficial/
Jin Restaurant;Genoa, Italy;Via Giordano Bruno, 25/27r, 16146 Genova GE, Italy;https://www.jinrestaurant.it/;https://www.instagram.com/jin_gourmet_experience/
La Buca di San Matteo;Genoa, Italy;Via David Chiossone, 16123 Genova GE, Italy;https://www.labucadisanmatteo.com/;https://www.instagram.com/labucadisanmatteogenova/
TAZZE PAZZE Specialty Coffee;Genoa, Italy;Piazza Cinque Lampadi, 71R, 16123 Genova GE, Italy;https://www.tazzepazze.com/;https://www.instagram.com/tazze_pazze/
Caffè degli Specchi;Genoa, Italy;Salita Pollaiuoli, 43/R, 16123 Genova GE, Italy;http://www.caffedeglispecchi.it/;https://www.instagram.com/caffedeglispecchi/
Douce Pâtisserie Café;Genoa, Italy;Via XX Settembre, 62r, 16121 Genova GE, Italy;http://www.douce.it/;https://www.instagram.com/douce.patisserie.cafe/
Caffè delle Dame;Genoa, Italy;Galleria Giuseppe Mazzini, 67/R, 16121 Genova GE, Italy;https://caffe-delle-dame.eatbu.com/?lang=it;https://www.instagram.com/caffedelledame/
Cafhein;Genoa, Italy;Via Balbi, 198r, 16126 Genova GE, Italy;http://www.cafhein.com/;https://www.instagram.com/cafhein
Time Cafè;Genoa, Italy;Piazza del Principe, 16126 Genova GE, Italy;https://www.autogrill.it/;https://www.instagram.com/autogrill/
Douce Pâtisserie Café;Genoa, Italy;Piazza Giacomo Matteotti, 84R, 16123 Genova GE, Italy;http://www.douce.it/;https://www.instagram.com/douce.patisserie.cafe/
Puro Gusto;Genoa, Italy;Piazza Giuseppe Verdi, 3, 16121 Genova GE, Italy;https://www.autogrill.it/;https://www.instagram.com/autogrill/
Don Cola;Genoa, Italy;Via Cesarea, 33r, 16121 Genova GE, Italy;http://www.doncola.com/;https://www.instagram.com/doncolasicilianodinascita/
Ottava Stella;Genoa, Italy;Piazza Giuseppe Verdi, 21R, 16121 Genova GE, Italy;https://www.ottavastella.it/;http://instagram.com/ottavastella
Bar Atlantic;Genoa, Italy;Via Piave, 5, 16145 Genova GE, Italy;https://www.esselunga.it/it-it/brand-del-gruppo/bar-atlantic.html;https://www.instagram.com/esselunga/
Gradisca Cafe';Genoa, Italy;Piazza delle Erbe, 31/R, 16123 Genova GE, Italy;https://gradiscaspirits.it/;https://www.instagram.com/gradiscaspirits/
Trattoria Bar Edera;Genoa, Italy;Largo Silvio Gandolfo, 1/1a, 16163 Genova GE, Italy;http://www.overplace.com/trattoria-bar-edera;https://www.instagram.com/overplacepagineazzurre
Bonton Bar;Genoa, Italy;Via Monte Suello, 6, 16129 Genova GE, Italy;https://bontonbar.altervista.org/;https://www.instagram.com/bontonbar.ge/
Bar Bisù;Genoa, Italy;Corso Italia, 11F, 16145 Genova GE, Italy;https://www.bisugenova.it/;https://www.instagram.com/bisu_genova/
Tower Genova Airport Hotel & Conference Center;Genoa, Italy;Via Pionieri e Aviatori d'Italia, 44, 16154 Genova GE, Italy;https://towergenova.ideahotel.it/;https://www.instagram.com/towergenovahotel/
Novotel Genova City;Genoa, Italy;Via Antonio Cantore, 8, 16149 Genova GE, Italy;https://all.accor.com/lien_externe.svlt?goto=fiche_hotel&code_hotel=1709&merchantid=seo-maps-IT-1709&sourceid=aw-cen&utm_medium=seo%20maps&utm_source=google%20Maps&utm_campaign=seo%20maps;https://www.instagram.com/all.accor
Hotel Mercure Genova San Biago;Genoa, Italy;Citr 010025 Alb 0003, Via Romairone, 14, 16163 Genova GE, Italy;https://all.accor.com/lien_externe.svlt?goto=fiche_hotel&code_hotel=9617&merchantid=seo-maps-IT-9617&sourceid=aw-cen&utm_medium=seo%20maps&utm_source=google%20Maps&utm_campaign=seo%20maps;https://www.instagram.com/all.accor
Starhotels President;Genoa, Italy;Corte dei Lambruschini, 4, 16129 Genova GE, Italy;http://www.starhotels.com/en/our-hotels/president-genoa/;https://www.instagram.com/starhotels
Ostello Bello Genova - Hostel and Bar;Genoa, Italy;Via Balbi, 38/a, 16126 Genova GE, Italy;https://ostellobello.com/en/hostel/genoa/?utm_source=google&utm_medium=local&utm_campaign=MyBusiness_OBGE;https://www.instagram.com/ostellobello.genova/
Hotel Bristol Palace;Genoa, Italy;Via XX Settembre, 35, 16121 Genova GE, Italy;http://www.hotelbristolpalace.it/;https://www.instagram.com/hotelbristolpalacegenova/
Hotel Genziana;Genoa, Italy;Vico delle Mele, 7, 16123 Genova GE, Italy;https://www.hotelgenzianagenova.it/it/index.html;https://www.instagram.com/hotelgenzianagenova/
Morali Palace;Genoa, Italy;Piazza della Raibetta, 2, 16123 Genova GE, Italy;http://www.palazzomorali.com/;https://www.instagram.com/palazzomorali/
Hotel Britannia;Genoa, Italy;Via Balbi, 38, 16126 Genova GE, Italy;https://ostellobello.com/it/hostel/hotel-britannia-genova?utm_source=google&utm_medium=local&utm_campaign=MyBusiness_BRITANNIA;https://www.instagram.com/ostellobello
Hotel Astoria;Genoa, Italy;Piazza Brignole, 4, 16122 Genova GE, Italy;https://www.astoriagenova.it/;https://www.instagram.com/hotelastoriagenova/
Albergo Parigi;Genoa, Italy;Via di Prè, 72/1 nero, 16126 Genova GE, Italy;https://albergoparigi.eu/;https://www.instagram.com/albergo_parigi/
Albergo Boccadasse;Genoa, Italy;Via Boccadasse, 14A, 16146 Genova GE, Italy;http://www.hotelboccadasse.com/;https://instagram.com/hotel_boccadasse
Hotel Doria Genova;Genoa, Italy;Vico dei Garibaldi, 3, 16123 Genova GE, Italy;http://www.hoteldoriagenova.com/;https://www.instagram.com/hoteldoriagenova/
Best Western Hotel Moderno Verdi;Genoa, Italy;Piazza Giuseppe Verdi, 5, 16121 Genova GE, Italy;https://www.modernoverdi.it/;https://www.instagram.com/modernoverdi/
Hotel Nuovo Nord;Genoa, Italy;Via Balbi, 153, 16126 Genova GE, Italy;http://www.hotelnuovonord.com/;https://instagram.com/hotelnuovonordgenova/
PALAZZO DEL PORTO by Almond Tree Collection;Genoa, Italy;Via al Varco Quadrio, 1, 16128 Genova GE, Italy;https://www.almondtree.global/palazzo-del-porto/;https://www.instagram.com/palazzodelporto_genova/
Marathon Hostel Beds & Beer;Genoa, Italy;Via degli Archi, 1r, 16121 Genova GE, Italy;https://marathonhostel.com/en/;https://www.instagram.com/marathonhostel/
3 Stars Hotel Cantore;Genoa, Italy;Via Antonio Cantore, 32b, 16149 Genova GE, Italy;http://www.hotelcantoregenova.it/;http://instagram.com/hotelcantore
Hotel Helvetia Genova;Genoa, Italy;Piazza della Nunziata, 1, 16124 Genova GE, Italy;http://www.hotelhelvetiagenova.it/;https://www.instagram.com/hotelhelvetiagenova/
OStellin Genova - Hostel;Genoa, Italy;Vico dei Parmigiani, 1/3, 16123 Genova GE, Italy;https://www.ostellingenova.it/;https://www.instagram.com/ostellin.genova/
Manena Hostel Genova;Genoa, Italy;Vico alla, Vico della Chiesa della Maddalena, 9/1, 16124 Genova GE, Italy;http://manenahostel.it/;https://www.instagram.com/manenahostel/
Hotel Brignole;Genoa, Italy;Vico del Corallo, 13R, 16122 Genova GE, Italy;https://www.hotelbrignole.it/;https://www.instagram.com/hotelbrignole
Hotel Suisse Genova;Genoa, Italy;Via XX Settembre, 21/6, 16121 Genova GE, Italy;http://www.hotelsuissegenova.it/;https://www.instagram.com/hotelsuissegenova/
Leone X Genova Affittacamere;Genoa, Italy;Corso Niccolò Paganini, 16, 16125 Genova GE, Italy;http://www.leonex.it/;https://www.instagram.com/leonexgenova
Rex Hotel Residence;Genoa, Italy;Via Oreste De Gaspari, 9, 16146 Genova GE, Italy;http://www.rexhotelresidence.it/;https://www.instagram.com/rexhotelresidencegenova/
Trattoria delle Erbe;Genoa, Italy;Piazza delle Erbe, 8, 16123 Genova GE, Italy;https://www.trattoriadelleerbe.it/;https://www.instagram.com/trattoria_delle_erbe_genova/
Trattoria Le Maschere;Genoa, Italy;Via al Ponte Calvi, 2, 16124 Genova GE, Italy;https://www.lemascheretrattoria.it/;https://www.instagram.com/explore/locations/697030300/trattoria-le-maschere-genova-porto-antico/
Trattoria Tralalero;Genoa, Italy;Via Arsenale di Terra, 1, 16126 Genova GE, Italy;https://www.hotelcontinentalgenova.it/it/dining/trattoria-tralal%C3%AAro.html;https://www.instagram.com/hotelcontinentalgenova/
Trattoria Archivolto Mongiardino;Genoa, Italy;Archivolto Mongiardino, 2, 16123 Genova GE, Italy;http://www.archivoltomongiardino.it/;https://www.instagram.com/archivoltomongiardino/
Trattoria San Carlo;Genoa, Italy;Via David Chiossone, 41, 16123 Genova GE, Italy;http://www.trattoriasancarlo.it/;https://www.instagram.com/sancarlogenova/
RetroCucina - Trattoria Moderna;Genoa, Italy;Vico Lepre, 4-8-10 rosso, 16124 Genova GE, Italy;https://www.retrocucina.com/;https://instagram.com/retrocucina
Trattoria della Raibetta;Genoa, Italy;Vico Caprettari, 12r, 16123 Genova GE, Italy;http://www.trattoriadellaraibetta.it/;https://www.instagram.com/trattoriadellaraibetta/
Osteria della Piazza;Genoa, Italy;Piazza Colombo, 30r, 16121 Genova GE, Italy;https://osteria.fratellimanzella.it/;https://www.instagram.com/osteriadellapiazza
Osteria Il Cadraio;Genoa, Italy;V.cl Dietro il Coro della Maddalena, 26, 16124 Genova GE, Italy;http://www.ilcadraio.it/;https://www.instagram.com/ilcadraio/
Ostaia Du Richetto;Genoa, Italy;Via del Peralto, 3, 16135 Genova GE, Italy;http://www.ostaiadorichetto1890.com/;https://www.instagram.com/ostaiadorichetto
Osteria Monte Gazzo;Genoa, Italy;Piazza Nostra Signora del Gazzo, 16154 Genova GE, Italy;https://www.emmausgenova.it/;https://www.instagram.com/emmausgenova/
Osteria Gigino;Genoa, Italy;Via Romana della Castagna, 27/R, 16148 Genova GE, Italy;https://www.osteriagigino.com/;http://instagram.com/fabrizio_osteria_gigino
Osteria della Foce;Genoa, Italy;Via Eugenio Ruspoli, 72 R, 16129 Genova GE, Italy;http://osteriadellafocegenova.it/;https://instagram.com/osteria_della_foce
Tere Bistrot;Genoa, Italy;Piazza di Sarzano, 2a, 16128 Genova GE, Italy;https://www.terebistrot.it/;https://www.instagram.com/terebistrot
Osteria del Bai;Genoa, Italy;Via Quarto, 12, 16148 Genova GE, Italy;https://www.ilbai.it/;https://www.instagram.com/osteriadelbai/
Osteria Maniman;Genoa, Italy;Salita S. Nicolò, 35, 16136 cancello GE, Italy;http://manimanosteria.com//;https://www.instagram.com/osteriamaniman/
L' Antica Pizzeria da Michele;Genoa, Italy;Via XII Ottobre, 120, 16121 Genova GE, Italy;https://lanticapizzeriadamichelegenova.eatbu.com/;https://www.instagram.com/damichelegenova/
Ristorante Pizzeria G. Mazzini;Genoa, Italy;Via Lomellini, 15/R, 16124 Genova GE, Italy;https://ristorantepizzeriagmazzini.godaddysites.com/;https://www.instagram.com/rist.mazzini
Pizzeria Ristorante Del Ponte Albaro;Genoa, Italy;Via Pisa, 3/5/7, 16146 Genova GE, Italy;https://www.pizzeriadelponte.it/genovaviapisa;https://www.instagram.com/delponte_ristorantipizzerie/
Fradiavolo Pizzeria - Genova Castello;Genoa, Italy;Via Bernardo Castello, 2, 16121 Genova GE, Italy;https://www.fradiavolopizzeria.com/;https://www.instagram.com/fradiavolopizza
Savô Pizzeria Gourmet;Genoa, Italy;Via al Ponte Calvi, 16/R, 16124 Genova GE, Italy;http://www.pizzeriasavo.it/;https://www.instagram.com/pizzeriasavo/
Fradiavolo Pizzeria - Genova Corso Italia;Genoa, Italy;Corso Italia, 17, 16145 Genova GE, Italy;https://www.fradiavolopizzeria.com/;https://www.instagram.com/fradiavolopizza
Ristorante Pizzeria New O' Sole Mio 4;Genoa, Italy;Via Bobbio, 56/58/60 r/56/58/60 r, 16139 Genova GE, Italy;https://newosolemio4.com/;https://instagram.com/newosolemio4_official
Pizzeria Ristorante Piedigrotta - Corso Torino;Genoa, Italy;Piazza Gerolamo Savonarola, 27/R, 16129 Genova GE, Italy;http://www.ristorantepiedigrotta.com/;https://www.instagram.com/piedigrotta_savonarola/
Pizzium - Genova Corso Sardegna;Genoa, Italy;Corso Sardegna, 165, 16142 Genova GE, Italy;https://pizzium.com/locali/genova-mercato-di-corso-sardegna/;https://www.instagram.com/pizzium/
Ristorante Pizzeria Il Vicolo;Genoa, Italy;Vico Schiaffino, 14/R, 16154 Genova GE, Italy;https://ristoranteilvicologenova.it/;https://www.instagram.com/_ilvicolo_/
Pizzium - Genova Piazza Rossetti;Genoa, Italy;Piazza Raffaele Rossetti, 12R, 16129 Genova GE, Italy;https://pizzium.com/locali/genova-piazza-raffaele-rossetti/;https://www.instagram.com/pizzium/
Tiflis Braceria Pizzeria;Genoa, Italy;Vico del Fico, 35, 16128 Genova GE, Italy;https://www.tiflis.it/;https://www.instagram.com/tiflisristorante/
Trattoria del Tempo Buono;Bologna, Italy;Piazza S. Martino, 4a, 40126 Bologna BO, Italy;http://www.trattoriadeltempobuono.com/;https://www.instagram.com/trattoriadeltempobuono/
Adesso Pasta Car Ristorante;Bologna, Italy;Via IV Novembre, 12/c, 40123 Bologna BO, Italy;http://www.adessopasta.it/;https://www.instagram.com/adessopastaofficial
Nip Burger Bologna;Bologna, Italy;Via Don Giovanni Minzoni, 11/A, 40121 Bologna BO, Italy;http://nipgroup.it/;https://www.instagram.com/nip.burger
Delizioso Food;Bologna, Italy;Via Giuseppe Petroni, 19/A, 40126 Bologna BO, Italy;https://deliziosofood.it/;https://www.instagram.com/deliziosofood_bologna/
Sfoglia stella risto bistrot;Bologna, Italy;Via Maria Callas, 4/a, 40131 Bologna BO, Italy;https://sfogliastella.it/;https://www.instagram.com/sfogliastella
Cafè Marinetti;Bologna, Italy;Via Manzoni, 2, 40121 Bologna BO, Italy;https://grandhotelmajestic.duetorrihotels.com/en/luxury-hotel-italy-5-stars-bologna/cafe-marinetti;http://instagram.com/grandhotelmajestic
Eataly Bologna Ambasciatori;Bologna, Italy;Via degli Orefici, 19, 40126 Bologna BO, Italy;https://www.eataly.net/it_it/negozi/bologna?utm_source=gmb&utm_medium=listing&utm_campaign=organic-search;https://www.instagram.com/eataly
Al Sangiovese Restaurant;Bologna, Italy;Vicolo del Falcone, 2b, 40124 Bologna BO, Italy;http://www.alsangiovese.com/;https://www.instagram.com/al_sangiovese/
707;Bologna, Italy;Via G. Di Vittorio, 16/a, 40013 Castel Maggiore BO, Italy;http://www.settezerosette.it/contatti/;https://www.instagram.com/707_restaurant_club/
Calavera Restaurant - Casalecchio di Reno;Bologna, Italy;Via Antonio de Curtis, 9/2, 40033 Zola Predosa BO, Italy;https://www.calavera.it/;https://www.instagram.com/calavera_restaurant/
Oltre.;Bologna, Italy;Via Augusto Majani, 1/b, 40121 Bologna BO, Italy;http://www.oltrebologna.it/;https://www.instagram.com/oltre.bologna
Pasto Nomade;Bologna, Italy;Via Bruno Lanzarini, 8e, 40127 Bologna BO, Italy;http://www.pastonomade.it/;https://www.instagram.com/p/DWThLghFx_7/
Avorio;Bologna, Italy;V.le Pietro Pietramellara, 51, 40121 Bologna BO, Italy;https://www.starhotels.com/en/our-hotels/excelsior-bologna/restaurant-and-bar/avorio-restaurant.html;https://www.instagram.com/starhotels
The Spoon;Bologna, Italy;Via Montebello, 8, 40121 Bologna BO, Italy;https://www.royalhotelcarltonbologna.com/ristorazione/ristorante-the-spoon/;https://www.instagram.com/monrifhotels/
Roadhouse Restaurant Bologna Stalingrado;Bologna, Italy;V. Stalingrado, 40, 40128 Bologna BO, Italy;http://www.roadhouse.it/it/ristorante-roadhouse-bologna-stalingrado;https://www.instagram.com/roadhouse_restaurant/
L'Emiliano Bar & Restaurant;Bologna, Italy;Via Luigi Fantini, 1, 40068 San Lazzaro di Savena BO, Italy;https://www.unaitalianhospitality.com/it/ristoranti/l-emiliano-bar-and-restaurant?cmp=gmb_l_emiliano_bar_restaurant%20_link;https://www.instagram.com/una_esperienze/
Mensa Unipol;Bologna, Italy;Piazza della Costituzione, 6, 40128 Bologna BO, Italy;http://camstgroup.com/;https://www.instagram.com/camstgroup/
Roadhouse Restaurant Bologna San Lazzaro;Bologna, Italy;Via Caselle, 103, 40068 San Lazzaro di Savena BO, Italy;http://www.roadhouse.it/it/ristorante-roadhouse-bologna-san-lazzaro;https://www.instagram.com/roadhouse_restaurant/
Roadhouse Restaurant Casalecchio;Bologna, Italy;Via Antonio de Curtis, 40033 Casalecchio di Reno BO, Italy;https://www.roadhouse.it/roadhouse-restaurant-casalecchio-di-reno-bologna;https://www.instagram.com/roadhouse_restaurant/
Ristorante Puyuma;Bologna, Italy;Via Don Luigi Sturzo, 45, 40135 Bologna BO, Italy;https://www.puyumabologna.it/;https://www.instagram.com/puyumabologna/
Mister Coffee Bistrò;Bologna, Italy;Via Riva di Reno, 65/M, 40122 Bologna BO, Italy;https://mistercoffeebistro.com/;https://www.instagram.com/mistercoffee_bistro/
Comix Café;Bologna, Italy;Via delle Belle Arti, 12a, 40126 Bologna BO, Italy;https://linktr.ee/comixcafe.bologna;https://www.instagram.com/comix.cafe.bologna
Pappare' Bologna;Bologna, Italy;Via De' Giudei, 2d, 40126 Bologna BO, Italy;http://www.pappa-reale.it/;https://www.instagram.com/pappare_mood/
Impero Caprarie;Bologna, Italy;Via Caprarie, 4/e, 40124 Bologna BO, Italy;https://www.pasticceriaimpero.com/;https://www.instagram.com/pasticceriaimpero/
Tarcaban Cafè;Bologna, Italy;Via del Pratello, 96 F/G, 40122 Bologna BO, Italy;https://tarcabancaffebologna.eatbu.com/?lang=it;https://www.instagram.com/darfatmabytarcaban
b+ Street Kitchen;Bologna, Italy;Via Guglielmo Marconi, 108, 40033 Casalecchio di Reno BO, Italy;https://bpiustreetkitchen.it/;https://www.instagram.com/bpiustreetkitchen/
Il Caffè della Corte Bistrot;Bologna, Italy;Corte Isolani, 5b, 40125 Bologna BO, Italy;http://www.ilcaffedellacorte.it/;https://www.instagram.com/ilcaffedellacorte/
051 Braceria - Café de Paris;Bologna, Italy;Piazza del Francia, 1c, 40124 Bologna BO, Italy;https://051.it/;https://www.instagram.com/famiglia051/
Caffè Eden;Bologna, Italy;Via dell'Indipendenza, 69, 40126 Bologna BO, Italy;https://www.iporticihotel.com/;https://www.instagram.com/iporticihotel
Caffè Napoli;Bologna, Italy;Piazza delle Medaglie d'Oro, 40121 Bologna BO, Italy;https://www.caffenapoli.com/;https://www.instagram.com/caffenapoliexytus/
Sulla via Emilia cafe' e cucina;Bologna, Italy;Via Emilia, 277, 40068 San Lazzaro di Savena BO, Italy;http://www.sullaviaemilia277.it/;https://www.instagram.com/sullaviaemilia_cafe_cucina/
Forno Brisa Galliera - Bakery & Specialty Coffee;Bologna, Italy;Via Galliera, 34d, 40121 Bologna BO, Italy;https://www.fornobrisa.it/?utm_source=GMB&utm_medium=Organic&utm_campaign=FornoBrisaGalliera;https://www.instagram.com/fornobrisa/
Café Rétro Casalecchio;Bologna, Italy;Via Porrettana, 134, 40033 Casalecchio di Reno BO, Italy;http://www.caferetro.it/;https://www.instagram.com/cafe_retro_casalecchio/
Sushi Daily Bologna Marconi;Bologna, Italy;Via Guglielmo Marconi, 28A, 40122 Bologna BO, Italy;https://sushidaily.com/it-it/dove-siamo/bologna-marconi/?utm_source=Google&utm_medium=local&utm_term=bologna%20marconi&utm_content=IT;https://www.instagram.com/sushidailyitalia/
Panfé;Bologna, Italy;Piazza delle Medaglie d'Oro, 3/interno stazione FFSS, 40121 Bologna BO, Italy;https://www.panfe.it/?utm_source=google&utm_medium=GMBSitelink&utm_campaign=GMBSitelink_Bologna_PAN215;https://www.instagram.com/panfe_paneamorecaffe/
Aroma Specialty Coffees;Bologna, Italy;Via Porta Nova, 12 b, 40123 Bologna BO, Italy;http://www.ilpiaceredelcaffe.it/;https://www.instagram.com/aromacoffeelove/
Mokà Cafè - Bologna Stazione AV;Bologna, Italy;Presso Stazione di Bologna, Piazza delle Medaglie d'Oro, 40126 Bologna BO, Italy;https://www.chefexpress.it/poi/bologna-centrale/;https://www.instagram.com/chefexpress4u/
Puro Gusto;Bologna, Italy;Via del Triumvirato, 84, 40132 Bologna BO, Italy;https://www.autogrill.it/;https://www.instagram.com/autogrill/
GranVia Café Bar de Tapas;Bologna, Italy;Via Jacopo della Lana, 6a, 40137 Bologna BO, Italy;https://granviabardetapas.metro.bar/;https://www.instagram.com/granviacafe_bologna
Bar Pasticceria Venezia;Bologna, Italy;Via Andrea Costa, 68f, 40134 Bologna BO, Italy;http://www.barpasticceriavenezia.it/;https://www.instagram.com/bar_pasticceria_venezia/
Roxy Bar;Bologna, Italy;Via Rizzoli, 9, 40125 Bologna BO, Italy;http://051.it/;https://www.instagram.com/famiglia051/
Bar Al Tramezzino;Bologna, Italy;Via Giuseppe Massarenti, 56b, 40138 Bologna BO, Italy;http://www.altramezzino.it/;https://www.instagram.com/al_tramezzino_bologna
Le Mercanzie Lounge Bar;Bologna, Italy;Piazza della Mercanzia, 2/A, 40125 Bologna BO, Italy;http://www.lemercanzie.com/;https://www.instagram.com/mercanzie_food_drink_chill/
Brek Cocktail Bar;Bologna, Italy;Via Zamboni, 12a, 40126 Bologna BO, Italy;https://www.brek.bo.it/;https://www.instagram.com/brek_cocktail_bar/
Bamboo Lounge Bologna;Bologna, Italy;Str. Maggiore, 23/c, 40125 Bologna BO, Italy;https://bamboolounge.it/;https://www.instagram.com/bamboo.lounge.bologna/
FlyOn Hotel & Conference Center;Bologna, Italy;Via dell'Aeroporto, 34/36, 40132 Bologna BO, Italy;http://www.flyonhotel.it/;https://www.instagram.com/flyonhotelconferencecenter/
Hotel Fiera;Bologna, Italy;V. Stalingrado, 82, 40128 Bologna BO, Italy;http://www.hotel-fiera.com/;https://www.instagram.com/hotel_fiera_wellness_spa/
Boutique Hotel Calzavecchio;Bologna, Italy;Via Calzavecchio, 1, 40033 Casalecchio di Reno BO, Italy;http://www.hotelcalzavecchio.eu/;https://www.instagram.com/boutiquehotel.calzavecchio
Living Place Hotel Bologna;Bologna, Italy;Via Properzia de' Rossi, 40138 Bologna BO, Italy;http://www.livingplacehotelbologna.com/?utm_source=google&utm_medium=organic&utm_campaign=mybusiness;https://www.instagram.com/livingplacebologna/
THE SYDNEY HOTEL;Bologna, Italy;Via Michelino, 73, 40127 Bologna BO, Italy;https://www.thesydneyhotel.eu/;https://www.instagram.com/thesydneyhotelbologna/
UNA Hotels Bologna San Lazzaro;Bologna, Italy;Via Luigi Fantini, 1, 40068 San Lazzaro di Savena BO, Italy;https://www.unaitalianhospitality.com/it/soggiorni/una-hotels-bologna-san-lazzaro;https://www.instagram.com/una_esperienze/
HP Fly Hotel Bologna;Bologna, Italy;Via Don Minzoni, 16, 40012 Calderara di Reno BO, Italy;https://www.hpflyhotelbologna.com/;https://www.instagram.com/hpflyhotel_bologna/
Mitico Hotel;Bologna, Italy;Via Ferrarese, 164, 40128 Bologna BO, Italy;https://www.miticohotel.it/;https://www.instagram.com/mitico_hotel_bologna/
UNA Hotels San Vitale Bologna;Bologna, Italy;Via Larga, 4, 40138 Bologna BO, Italy;https://www.unaitalianhospitality.com/it/soggiorni/una-hotels-san-vitale-bologna;https://www.instagram.com/una_esperienze/
Boutique Hotel Il Guercino;Bologna, Italy;Via Luigi Serra, 7, 40129 Bologna BO, Italy;https://www.guercino.it/;https://www.instagram.com/hotelguercino/
Best Western Plus Tower Hotel Bologna;Bologna, Italy;Viale Ilic Uljanov Lenin, 43, 40138 Bologna BO, Italy;https://www.towerhotelbologna.com/?utm_source=GoogleMyBusiness&utm_medium=organic&utm_campaign=mybusiness;https://www.instagram.com/hoteltowerbologna/
hc3 hotel Bologna;Bologna, Italy;Via dell'Arcoveggio, 46/4, 40129 Bologna BO, Italy;https://www.hc3.it/;https://www.instagram.com/hc3hotel/
Royal Hotel Carlton;Bologna, Italy;Via Montebello, 8, 40121 Bologna BO, Italy;http://www.royalhotelcarltonbologna.com/;https://www.instagram.com/monrifhotels/
Ristorante Hotel Emi;Bologna, Italy;Via Surrogazione, 45, 40012 Calderara di Reno BO, Italy;https://www.hotelemi.it/;https://www.instagram.com/emi_ristorante/
Hotel Porta San Mamolo;Bologna, Italy;Vicolo del Falcone, 6/8, 40124 Bologna BO, Italy;https://www.hotel-portasanmamolo.it/;https://www.instagram.com/hotelportasanmamolo/
UNA Hotels Bologna Fiera;Bologna, Italy;Piazza della Costituzione, 1, 40128 Bologna BO, Italy;https://www.unaitalianhospitality.com/it/soggiorni/una-hotels-bologna-fiera;https://www.instagram.com/una_esperienze/
Savhotel Fiera Bologna;Bologna, Italy;Via Ferruccio Parri, 9, 40128 Bologna BO, Italy;https://www.savhotel.com/fiera;https://www.instagram.com/savhotel_/
Hotel Internazionale;Bologna, Italy;Via dell'Indipendenza, 60, 40121 Bologna BO, Italy;http://www.hotelinternazionalebologna.com/;https://www.instagram.com/monrifhotels/
Hotel Maggiore Bologna;Bologna, Italy;Via Emilia Ponente, 62/3, 40133 Bologna BO, Italy;http://www.hotelmaggiore.net/;https://www.instagram.com/hotelmaggiorebologna/
Hotel Mercure Bologna Centro;Bologna, Italy;Cin: It037006a193rsh434, V.le Pietro Pietramellara, 59, 40121 Bologna BO, Italy;https://all.accor.com/lien_externe.svlt?goto=fiche_hotel&code_hotel=1310&merchantid=seo-maps-IT-1310&sourceid=aw-cen&utm_medium=seo%20maps&utm_source=google%20Maps&utm_campaign=seo%20maps;https://www.instagram.com/all.accor
Hotel Palace Bologna;Bologna, Italy;Via Monte Grappa, 9/2, 40121 Bologna BO, Italy;https://www.hotelpalacebologna.com/;https://www.instagram.com/explore/locations/235201216/hotel-palace-bologna/
Hotel I Portici;Bologna, Italy;Via dell'Indipendenza, 69, 40121 Bologna BO, Italy;https://www.iporticihotel.com/;https://www.instagram.com/iporticihotel
Relais Bellaria Hotel;Bologna, Italy;Via Altura, 11bis, 40139 Bologna BO, Italy;https://hotelrelaisbellaria.com/;https://www.instagram.com/relaisbellaria/
Hotel Cavour;Bologna, Italy;Via Goito, 4, 40126 Bologna BO, Italy;http://www.cavour-hotel.com/;https://instagram.com/hotel.cavour
Hotel Liberty 1904;Bologna, Italy;Via Giuseppe Massarenti, 98/C, 40138 Bologna BO, Italy;http://www.hotellibertybologna.eu/;https://www.instagram.com/boutique_hotelliberty1904/
Art Hotel Commercianti;Bologna, Italy;Via de' Pignattari, 11, 40124 Bologna BO, Italy;https://www.art-hotel-commercianti.com/?utm_source=google&utm_medium=organic&utm_campaign=GoogleMyBusiness&utm_content=Commercianti&partner=4764;https://www.instagram.com/hotelcommercianti/
Bleis Hotel;Bologna, Italy;Via del Gomito, 16, 40127 Bologna BO, Italy;http://www.bleishotel.com/;https://www.instagram.com/bleis.hotel/
Best Western City Hotel;Bologna, Italy;Via Ambrogio Magenta, 10, 40128 Bologna BO, Italy;https://www.cityhotelbologna.it/;https://www.instagram.com/cityhotel_bo/
Hotel Savoia Regency;Bologna, Italy;Via del Pilastro, 2, 40127 Bologna BO, Italy;https://www.savoia.eu/it/savoia-hotel-regency.html?utm_source=google&utm_medium=mybusiness&utm_campaign=mybusiness&utm_content=gmb_site_link;https://www.instagram.com/savoiahotelsbologna/
Grand Hotel Majestic già Baglioni;Bologna, Italy;Via dell'Indipendenza, 8, 40121 Bologna BO, Italy;http://grandhotelmajestic.duetorrihotels.com/;http://instagram.com/grandhotelmajestic
Hotel Holiday;Bologna, Italy;Via Bertiera, 13, 40126 Bologna BO, Italy;https://www.hotelholiday-bo.com/;https://www.instagram.com/hotelholidaybologna/
Aemilia Hotel;Bologna, Italy;Via Zaccherini Alvisi, 16, 40138 Bologna BO, Italy;https://www.savhotel.com/aemilia;https://www.instagram.com/savhotel_/
Hotel Accademia;Bologna, Italy;Via delle Belle Arti, 6, 40126 Bologna BO, Italy;http://www.hotelaccademia.com/;https://www.instagram.com/hotelaccademiabologna/
Trattoria Nonna Gigia;Bologna, Italy;Via dell'Orso, 9a, 40121 Bologna BO, Italy;http://www.nonnagigia.it/;https://www.instagram.com/trattorianonnagigia/
Trattoria Nonna Rosa;Bologna, Italy;Via Piave, 31/b, 40133 Bologna BO, Italy;http://trattorianonnarosa.it/;https://www.instagram.com/explore/locations/5885814/nonna-rosa/
Trattoria della Santa;Bologna, Italy;Via Urbana, 7/F, 40123 Bologna BO, Italy;https://www.trattoriadellasanta.com/;https://instagram.com/trattoria_della_santa/
Trattoria dal Biassanot;Bologna, Italy;Via Piella, 16, 40126 Bologna BO, Italy;http://dalbiassanot.it/;https://www.instagram.com/
Trattoria Del Gallo;Bologna, Italy;Via Ferrarese, 1, 40013 Castel Maggiore BO, Italy;http://www.trattoriadelgallobologna.it/;https://www.instagram.com/trattoria_del_gallo_bo/
Trattoria Amedeo;Bologna, Italy;Via Saragozza, 88, 40123 Bologna BO, Italy;https://www.trattoriaamedeo.it/;https://instagram.com/trattoriaamedeo/
Antica Trattoria della Gigina;Bologna, Italy;Via Stendhal, 1a, 40128 Bologna BO, Italy;http://www.trattoriagigina.it/;https://www.instagram.com/antica_trattoria_gigina/
Trattoria da Me;Bologna, Italy;Via S. Felice, 50a, 40122 Bologna BO, Italy;http://www.trattoriadame.it/;https://www.instagram.com/trattoriadame/
Pizzeria Trattoria Napoletana Zii Margherita;Bologna, Italy;Via Guglielmo Oberdan, 24/2, 40126 Bologna BO, Italy;https://www.ziimargherita.it/;https://www.instagram.com/ziimargheritabologna/
Trattoria Trebbi;Bologna, Italy;Via Solferino, 40, 40124 Bologna BO, Italy;https://www.trattoria-trebbi.com/;https://instagram.com/trattoriatrebbi
Trattoria Pizzeria Belle Arti;Bologna, Italy;Via delle Belle Arti, 14, 40126 Bologna BO, Italy;https://www.trattoriapizzeriabellearti.it/;https://www.instagram.com/trattoriapizzeriabellearti/
Trattoria Da Zia Allari;Bologna, Italy;Via S. Donato, 79/3, 40055 Granarolo dell'Emilia BO, Italy;http://www.trattoriaziaallari.it/;https://instagram.com/ziaallari
Trattoria Pizzeria La Mela;Bologna, Italy;Via de' Fusari, 5, 40123 Bologna BO, Italy;http://www.ristorantelamela.com/;https://www.instagram.com/trattorialamela/
Trattoria Bertozzi;Bologna, Italy;Via Andrea Costa, 84/2/D, 40134 Bologna BO, Italy;https://www.trattoriabertozzibologna.it/;https://www.instagram.com/trattoria_bertozzi/
Da Sandro al Navile;Bologna, Italy;Via del Sostegno, 15, 40131 Bologna BO, Italy;http://www.dasandroalnavile.it/;https://www.instagram.com/dasandroalnavile/
Osteria del Sole;Bologna, Italy;Vicolo Ranocchi, 1/d, 40124 Bologna BO, Italy;http://www.osteriadelsole.it/;https://www.instagram.com/osteriadelsole1465/
Osteria Bartolini;Bologna, Italy;Piazza Malpighi, 16, 40123 Bologna BO, Italy;https://www.osteriabartolinibologna.com/;https://www.instagram.com/osteriabartolini/
Osteria Le Sette Chiese;Bologna, Italy;Via Borgonuovo, 6b, 40125 Bologna BO, Italy;http://www.lesettechiese.it/;https://www.instagram.com/osterialesettechiese/
Osteria dell'Orsa;Bologna, Italy;Via Mentana, 1f, 40126 Bologna BO, Italy;http://www.osteriadellorsa.it/;https://www.instagram.com/osteria_dellorsa/
Osteria Angolo degli Orefici;Bologna, Italy;Via degli Artieri, 1g, 40125 Bologna BO, Italy;https://osteriadegliorefici.it/;https://www.instagram.com/osteriadeglioreficibologna/
Osteria La Frasca al Vicolo;Bologna, Italy;Vicolo Ranocchi, 4/a, 40124 Bologna BO, Italy;https://lafrascabologna.it/;https://www.instagram.com/lafrascabologna/%20
Osteria La Traviata;Bologna, Italy;Via Urbana, 5/C, 40123 Bologna BO, Italy;https://www.ristorantelatraviatabologna.it/;https://instagram.com/myinstagram
Osteria Futura;Bologna, Italy;Via Saragozza, 29a, 40123 Bologna BO, Italy;http://www.osteriafutura.it/;https://www.instagram.com/osteria.futura
Osteria La Frasca;Bologna, Italy;Via Andrea Costa, 8a, 40134 Bologna BO, Italy;http://www.lafrascabologna.it/;https://www.instagram.com/lafrascabologna/%20
Osteria Del Podestà;Bologna, Italy;Via degli Orefici, 21a, 40124 Bologna BO, Italy;http://www.osteriadelpodesta.com/;https://www.instagram.com/osteria_del_podesta_bologna/
051 Osteria Zerocinquantello;Bologna, Italy;Via Pescherie Vecchie, 2b, 40124 Bologna BO, Italy;http://051.it/;https://www.instagram.com/famiglia051/
051 Osteria Quadrilatero;Bologna, Italy;Via degli Orefici, 7a, 40124 Bologna BO, Italy;http://051.it/;https://www.instagram.com/famiglia051/
i mattarelli bologna osteria;Bologna, Italy;Via Sebastiano Serlio, 8, 40128 Bologna BO, Italy;https://www.imattarellibologna.com/;https://www.instagram.com/imattarelli.bologna/
Osteria BoccaBuona;Bologna, Italy;Via degli Usberti, 5, 40121 Bologna BO, Italy;http://www.osteriaboccabuona.com/;https://www.instagram.com/osteriaboccabuonabologna/
Bar Osteria Ciccio;Bologna, Italy;Via San Mamolo, 128a, 40136 Bologna BO, Italy;https://barciccio.eatbu.com/;https://www.instagram.com/cicciobarosteria
Osteria delle Donzelle;Bologna, Italy;Via delle Donzelle, 4/3, 40126 Bologna BO, Italy;https://www.ledonzelle.com/;https://www.instagram.com/osteriadelledonzelle/
051 Osteria;Bologna, Italy;Via de' Pignattari, 1f, 40124 Bologna BO, Italy;http://www.051.it/;https://www.instagram.com/famiglia051/
Osteria Dell'Orsa Fuori Porta;Bologna, Italy;Via Andrea Costa, 35a, 40134 Bologna BO, Italy;http://www.fuoriporta.osteriadellorsa.it/;https://www.instagram.com/osteriadellorsafuoriporta/
Darcy Osteria Contemporanea;Bologna, Italy;Str. Maggiore, 10/a, 40125 Bologna BO, Italy;https://www.darcybologna.it/;https://www.instagram.com/darcybolognaristorante/
Osteria della Lanterna;Bologna, Italy;Via Savenella, 9a, 40124 Bologna BO, Italy;http://www.osteriadellalanterna.it/;https://www.instagram.com/explore/locations/1020349858/osteria-della-lanterna
Antica Osteria Della Pace;Bologna, Italy;Via Agucchi, 13a, 40133 Bologna BO, Italy;https://www.anticaosteriadellapace.com/;https://www.instagram.com/wix
051 Osteria San Gervasio;Bologna, Italy;Via S. Gervasio, 1e, 40121 Bologna BO, Italy;https://051.it/;https://www.instagram.com/famiglia051/
Osteria Cannone;Bologna, Italy;Via Andrea Costa, 102d, 40134 Bologna BO, Italy;https://www.osteriailcannone.it/;https://www.instagram.com/osteria.ilcannone/
051 Osteria Santo Stefano;Bologna, Italy;Corte Isolani, 4c, 40125 Bologna BO, Italy;https://051.it/;https://www.instagram.com/famiglia051/
Osteria Sarda;Bologna, Italy;Via Paolo Canali, 8, 40127 Bologna BO, Italy;https://www.grandtouritalia.it/it/osteria-sarda#;https://www.instagram.com/grandtouritalia.ita/
Amole - Osteria Multiculturale;Bologna, Italy;Via Riva di Reno, 7/b, 40122 Bologna BO, Italy;http://www.amole.it/;https://instagram.com/amole_cucina_cinese
Antica Osteria Romagnola;Bologna, Italy;Via Rialto, 13a, 40124 Bologna BO, Italy;https://www.osteriaromagnola.it/;https://www.instagram.com/anticaosteriaromagnola/
Pizzeria Nettuno - Bologna;Bologna, Italy;Via Fossalta, 4/G, 40125 Bologna BO, Italy;https://www.pizzerianettunobologna.it/;https://www.instagram.com/pizzerianettuno/
Pizzeria Altero - via Caprarie;Bologna, Italy;Via Caprarie, 3a, 40124 Bologna BO, Italy;https://www.pizzaltero.com/;https://www.instagram.com/pizzaltero/
Pistamentuccia - Pizza in teglia alla romana;Bologna, Italy;Via Riva di Reno, 118c, 40121 Bologna BO, Italy;http://www.pistamentuccia.it/;https://www.instagram.com/pistamentuccia/
Trieste Pizza Bologna;Bologna, Italy;Via Zamboni, 24, 40126 Bologna BO, Italy;https://www.trieste.pizza/punto-vendita/bologna/;https://www.instagram.com/triestepizzaitalia/
Brep Pizzeria, Da Esperto;Bologna, Italy;Via S. Gervasio, 5F, 40121 Bologna BO, Italy;https://www.breppizzeria.it/;https://www.instagram.com/breppizzeria/
Il Sellaio;Bologna, Italy;Via S. Donato, 31, 40127 Bologna BO, Italy;https://www.pizzeriailsellaio.com/;https://www.instagram.com/explore/locations/677877912/pizzeria-il-sellaio/
Vecchia Malga - Pizzeria;Bologna, Italy;Via del Triumvirato, 84, 40132 Bologna BO, Italy;http://www.vecchiamalganegozi.com/;https://www.instagram.com/vecchia_malga/
Berberè - Petroni;Bologna, Italy;Via Giuseppe Petroni, 9c, 40126 Bologna BO, Italy;https://www.berberepizza.it/berbere-bologna/;https://www.instagram.com/berberepizzeria/
Terra Mia Ristorante Pizzeria;Bologna, Italy;Via Enrico Mattei, 22L, 40138 Bologna BO, Italy;https://www.terramiabologna.com/;https://instagram.com/terramiabologna/
Pizzeria Baciami Ancora;Bologna, Italy;Via Antonio Levanti, 8/D, 40138 Bologna BO, Italy;https://www.baciamiancora.it/;https://www.instagram.com/pizzeriabaciamiancora/
Ristorante Pizzeria Scalinatella;Bologna, Italy;Via Caduti di Cefalonia, 5/e, 40125 Bologna BO, Italy;https://ristorantepizzeriascalinatella.it/;https://www.instagram.com/scalinatella_/
Cibum;Bologna, Italy;Cibum pizzeria, Via Mazzini, 13/d, 40137 Bologna BO, Italy;https://cibumpizzeria.wixsite.com/cibumpizzeria;https://instagram.com/cibumpizzeria
Ristorante Pizzeria Tenerife;Bologna, Italy;Via Tommaso Salvini, 12b, 40127 Bologna BO, Italy;http://www.ristorantetenerife.it/;https://www.instagram.com/ristotenerife/
BACLAS;Bologna, Italy;Via Guelfa, 74/4A, 40138 Bologna BO, Italy;https://www.baclas.it/;https://www.instagram.com/baclas_bologna/
Fra Diavolo Pizzeria;Bologna, Italy;Via Santo Stefano, 1/B, 40125 Bologna BO, Italy;https://www.fradiavolopizzeria.com/;https://www.instagram.com/fradiavolopizza
Ristorante Pizzeria Snoopy;Bologna, Italy;Via Ferrarese, 113/D, 40128 Bologna BO, Italy;https://www.ristorantepizzeriasnoopy.it/;https://instagram.com/myinstagram
La Petite;Florence, Italy;Via Pellicceria, 30/R, 50121 Firenze FI, Italy;https://www.lapetitefirenze.it/;https://www.instagram.com/lapetitefirenze/
Sophia Loren Restaurant Firenze;Florence, Italy;Via dei Brunelleschi, 11, 50123 Firenze FI, Italy;https://sophialorenrestaurant.com/;https://www.instagram.com/SophiaLorenRestaurant/
Bella Italia Ristorante-Osteria;Florence, Italy;Via del Campidoglio, 12 rosso, 50123 Firenze FI, Italy;https://www.bellaitaliaristorantefirenze.com/;https://www.instagram.com/bella.italia.ristorante/
Ristorante La Gioia Toscana;Florence, Italy;Via del Proconsolo, 79 R, 50122 Firenze FI, Italy;https://www.lagioiatoscana.it/;https://www.instagram.com/ristorante_lagioiatoscana
Ristorante il Paiolo;Florence, Italy;Via del Corso, 42, 50122 Firenze FI, Italy;https://ristoranteilpaiolo.it/;https://www.instagram.com/ristoranteilpaiolofirenze/
La Buchetta Food & Wine Restaurant;Florence, Italy;Via dei Benci, 3, 50122 Firenze FI, Italy;https://www.labuchetta.com/;https://www.instagram.com/labuchetta/
Trattoria 4 Leoni;Florence, Italy;Via dei Vellutini, 1r, 50125 Firenze FI, Italy;http://www.4leoni.it/;https://www.instagram.com/4leoni_firenze/
Ditta Artigianale Riva d'Arno;Florence, Italy;Lungarno Soderini, 7R, 50124 Firenze FI, Italy;http://www.dittaartigianale.it/;https://www.instagram.com/dittaartigianale/
Ditta Artigianale Piazza Ferrucci;Florence, Italy;Lungarno Benvenuto Cellini, 1r, 50125 Firenze FI, Italy;http://www.dittaartigianale.com/;https://www.instagram.com/dittaartigianale/
Colle Bereto;Florence, Italy;Piazza degli Strozzi, 5, 50123 Firenze FI, Italy;https://www.cafecollebereto.com/;https://www.instagram.com/collebereto/
Ristorante Il Bargello Firenze;Florence, Italy;P.za della Signoria, 4/red, 50122 Firenze FI, Italy;http://www.ilbargello.it/;https://www.instagram.com/ristoranteilbargello/
Tehran Restaurant;Florence, Italy;Via dei Cerchi, 25/R, 50122 Firenze FI, Italy;https://ristorantetehran.com/;https://www.instagram.com/ristorantetehran/
Ammalia Restaurant and Lounge;Florence, Italy;Via de' Ginori, 20/r, 50123 Firenze FI, Italy;https://www.ammaliafirenze.com/;https://www.instagram.com/ammaliafirenze/
Ristorante Beccafico;Florence, Italy;Borgo S. Jacopo, 49, Borgo San Iacopo, 49/R, 50125 Firenze FI, Italy;https://www.beccaficofirenze.it/;https://www.instagram.com/beccafico_firenze/
Ditta Artigianale Sant' Ambrogio;Florence, Italy;Via Giosuè Carducci, 2/4r, 50121 Firenze FI, Italy;https://www.dittaartigianale.it/;https://www.instagram.com/dittaartigianale/
Cosimo Rooftop Restaurant;Florence, Italy;Piazza Ognissanti, 3, 50123 Firenze FI, Italy;https://www.cosimorestaurant.com/;https://www.instagram.com/cosimorestaurant/
Moyo Firenze | Aperitivo - Cocktail Bar - Restaurant;Florence, Italy;Via dei Benci, 23/r, 50122 Firenze FI, Italy;http://www.moyo.it/;https://www.instagram.com/moyo_firenze/
Cibrèo Caffè - Helvetia & Bristol;Florence, Italy;Via dei Pescioni, 8r, 50123 Firenze FI, Italy;https://www.cibreo.com/caffe/;https://www.instagram.com/cibreo_firenze
360° Cooking Class Florence;Florence, Italy;Borgo Pinti, 95R, 50122 Firenze FI, Italy;https://www.360cookingclassexperience.com/;https://www.instagram.com/360_cooking_class/
Buca Poldo;Florence, Italy;Via Chiasso degli Armagnati 2/R, 50122 Firenze FI, Italy;http://www.bucapoldo.com/;https://www.instagram.com/bucapoldoristorante/
Giglio Rosso Restaurant;Florence, Italy;Via Panzani, 35 R, 50123 Firenze FI, Italy;https://www.ristorantegigliorosso.com/;https://www.instagram.com/ristorante_gigliorosso
Ciro and Sons - Restaurant Pizzeria Firenze;Florence, Italy;Via del Giglio, 28/r, 50123 Firenze FI, Italy;https://www.ciroandsons.com/;https://www.instagram.com/ristoranteciroandsons/
San Frediano Bar & Restaurant;Florence, Italy;Via Pisana, 59, 50143 Firenze FI, Italy;https://www.unaitalianhospitality.com/it/ristoranti/san-frediano-bar-and-restaurant?cmp=gmb_san_frediano_bar_restaurant%20_link;https://www.instagram.com/una_esperienze/
Ristorante Gilo' Firenze;Florence, Italy;Via dei Fossi, 44/R, 50123 Firenze FI, Italy;http://ristorantegilo.com/;https://www.instagram.com/gilofirenze/
La Selva Home Restaurant;Florence, Italy;Via della Querciola, 29, 50141 Firenze FI, Italy;https://laselvahomerestaurantfirenze.eatbu.com/?lang=it;https://www.instagram.com/la_selva_home_restaurant/
Maddina Florence Tandoori Halal Restaurant;Florence, Italy;Via de' Bardi, 47/red, 50125 Firenze FI, Italy;https://www.maddinaflorence.com/;https://www.instagram.com/explore/locations/699968226/maddina-florence-tandoori
The Lion's Fountain Irish Pub;Florence, Italy;Borgo degli Albizi, 34r, 50122 Firenze FI, Italy;http://www.thelionsfountain.com/;https://www.instagram.com/thelionsfountain/
Ditta Artigianale Via dello Sprone Specialty Coffee;Florence, Italy;Via dello Sprone, 5/R, 50125 Firenze FI, Italy;http://dittaartigianale.it/;https://www.instagram.com/dittaartigianale/
Caffè - Pizzeria del 900 Firenze;Florence, Italy;Borgo Ognissanti, 3/rosso, 50123 Firenze FI, Italy;https://caffe-del900.vercel.app/;https://www.instagram.com/caffe_del900firenze/
Caffe Concerto Paszkowski;Florence, Italy;Piazza della Repubblica, 6, 50123 Firenze FI, Italy;https://www.caffepaszkowski.com/;https://www.instagram.com/caffepaszkowski/
Retrobottega - Cibarie e Mescita;Florence, Italy;Piazza de Cimatori, 5 rosso, 50122 Firenze FI, Italy;https://www.retrobottegafirenze.com/;https://www.instagram.com/retrobottegafirenze/
Ditta Artigianale;Florence, Italy;Via dei Neri, 32 R, 50122 Firenze FI, Italy;http://www.dittaartigianale.it/;https://www.instagram.com/dittaartigianale/
Shake Cafè;Florence, Italy;Via dei Neri, 56, 50122 Firenze FI, Italy;http://www.shakecafe.it/;https://www.instagram.com/shakecafe_firenze/
Shake Café;Florence, Italy;Via Camillo Cavour, 67/69R, 50121 Firenze FI, Italy;http://www.shakecafe.it/;https://www.instagram.com/shakecafe_firenze/
Shake Café;Florence, Italy;Via degli Avelli, 2/red, 50123 Firenze FI, Italy;http://www.shakecafe.it/;https://www.instagram.com/shakecafe_firenze/
Caffè Gilli;Florence, Italy;Via Roma, 1r, 50123 Firenze FI, Italy;https://www.caffegilli.com/;https://www.instagram.com/gilli_1733/
Vintage Cafè;Florence, Italy;Via dei Conti, 25, 50123 Firenze FI, Italy;https://vintagecafe.cafe/;https://www.instagram.com/vintagecafe____/
Cibrèo Caffè;Florence, Italy;Via Andrea del Verrocchio, 5R, 50122 Firenze FI, Italy;http://www.cibreo.com/caffe/;https://www.instagram.com/cibreo_firenze
Rooster Cafe Firenze;Florence, Italy;Via Porta Rossa, 63R, 50123 Firenze FI, Italy;https://www.roostercafefirenze.com/;https://www.instagram.com/roostercafefirenze/
Caffè Michelangelo;Florence, Italy;Via della Colonna, 4/R, 50121 Firenze FI, Italy;https://caffemichelangelofirenze.it/;https://www.instagram.com/michelangelo_caffe/
La Milkeria;Florence, Italy;Borgo degli Albizi, 85r/87r, 50122 Firenze FI, Italy;http://www.lamilkeria.com/;https://www.instagram.com/explore/locations/606922004/
Rivoire;Florence, Italy;P.za della Signoria, 5/R, 50122 Firenze FI, Italy;https://rivoire.it/;https://www.instagram.com/rivoirefirenze/
Coffee Mantra;Florence, Italy;Borgo La Croce 71r, Via della Mattonaia, 24r, 50121 Firenze FI, Italy;http://www.coffeemantrafirenze.it/;https://www.instagram.com/coffeemantrafirenze/
L’Opera Caffè;Florence, Italy;Piazza del Duomo, 62/red, 50122 Firenze FI, Italy;https://www.loperacaffe.eu/;https://www.instagram.com/loperacaffefirenze/
Gran Caffè San Marco;Florence, Italy;P.za di San Marco, 11/R, 50121 Firenze FI, Italy;http://www.grancaffesanmarco.it/;https://www.instagram.com/ristorantecaffesanmarcofi/
Rooster Cafe Firenze - Sant'Egidio;Florence, Italy;Via Sant'Egidio, 37r, 50123 Firenze FI, Italy;https://www.roostercafefirenze.com/;https://www.instagram.com/roostercafefirenze/
Tentazioni Café;Florence, Italy;Piazza della Stazione, 45, 50123 Firenze FI, Italy;https://www.autogrill.it/;https://www.instagram.com/autogrill/
Shake Cafè Manifattura Tabacchi;Florence, Italy;Piazza Francesca Morvillo, 13, 50144 Firenze FI, Italy;http://www.shakecafe.it/;https://www.instagram.com/shakecafe_firenze/
VaLù Bakery & Cakes;Florence, Italy;V.le Filippo Strozzi, 10r, 50129 Firenze FI, Italy;https://www.valubakery.it/;https://instagram.com//valu_bakery_cakes
Ditta Artigianale Mercato San Lorenzo;Florence, Italy;Piazza del Mercato Centrale, 50123 Firenze FI, Italy;https://www.dittaartigianale.it/;https://www.instagram.com/dittaartigianale/
Antica Bottega Del Pane Caffè Srl;Florence, Italy;Via Vincenzo Borghini, 19/r/21 /r, 50133 Firenze FI, Italy;http://www.anticabottegadelpane.it/;https://www.instagram.com/antica_bottegadelpane/
Le Vespe Cafè;Florence, Italy;Via Ghibellina, 76r, 50122 Firenze FI, Italy;https://www.levespecafe.com/;https://www.instagram.com/levespe_cafe/
BAR Ostello Bello FIrenze;Florence, Italy;Via Faenza, 56, 50123 Firenze FI, Italy;https://ostellobello.com/it/bar/firenze/?utm_source=google&utm_medium=local&utm_campaign=MyBusiness_OBF_BAR;https://www.instagram.com/ostellobello.firenze/
The Fiddler's Elbow Irish Pub;Florence, Italy;7R, P.za di Santa Maria Novella, 50123 Firenze FI, Italy;https://www.thefiddlerselbow.it/;https://www.instagram.com/fiddlerselbowfi/
Gianno bar Il Poggio;Florence, Italy;Via del Gelsomino, 1/r, 50125 Firenze FI, Italy;https://www.gianno.it/;https://www.instagram.com/gianno_official/
Loggia Roof Bar at Hotel Palazzo Guadagni;Florence, Italy;Piazza Santo Spirito, 9, 50125 Firenze FI, Italy;https://www.palazzoguadagni.com/loggia-roof-bar/;https://www.instagram.com/hotelpalazzoguadagni/
Bar L'Argingrosso;Florence, Italy;Via dell'Argingrosso, 87, 50142 Firenze FI, Italy;http://www.overplace.com/l-argingrosso-bar-tavola-calda-pub-firenze;https://www.instagram.com/overplacepagineazzurre
Bar Bistrot San Jacopino;Florence, Italy;Via del Ponte all'Asse, 2, 50144 Firenze FI, Italy;https://barsanjacopino.it/;http://instagram.com/bar_sanjacopino
ibis Firenze Nord Aeroporto;Florence, Italy;Cin: It048043a1j9xt7jsp, Via Volturno, 5, 50019 Sesto Fiorentino FI, Italy;https://all.accor.com/lien_externe.svlt?goto=fiche_hotel&code_hotel=3728&merchantid=seo-maps-IT-3728&sourceid=aw-cen&utm_medium=seo%20maps&utm_source=google%20Maps&utm_campaign=seo%20maps;https://www.instagram.com/all.accor
The Gate Hotel;Florence, Italy;Area di servizio Firenze Nord, 50019, Area Di Servizio Firenze Nord, 50019 Sesto Fiorentino FI, Italy;https://www.thegatehotel.it/?utm_medium=organic&utm_source=GB;https://www.instagram.com/thegatehotel/
Hostel 7 Santi;Florence, Italy;Viale dei Mille, 11, 50131 Firenze FI, Italy;http://www.hostel7santi.com/;https://www.instagram.com/hotel_hostel7_fi/
PLUS Florence;Florence, Italy;Via Santa Caterina D'Alessandria, 15, 50129 Firenze FI, Italy;https://plushostels.com/en/florence;https://www.instagram.com/plushostels/
Hotel Club Florence;Florence, Italy;Via Santa Caterina da Siena, 11, 50123 Firenze FI, Italy;http://www.hotelclubflorence.com/;https://www.instagram.com/chotelsitaly/
c-hotels Joy Firenze;Florence, Italy;Via degli Orti Oricellari, 30, 50123 Firenze FI, Italy;https://joyhotelfirenze.it/;https://www.instagram.com/chotelsitaly/
Hotel Pensione Ferretti;Florence, Italy;Via delle Belle Donne, 17, 50123 Firenze FI, Italy;https://www.hotelferretti.com/;https://www.instagram.com/gregorihotels/
YellowSquare Florence;Florence, Italy;Vle Francesco Redi, 19, 50144 Firenze FI, Italy;https://yellowsquare.com/florence/;https://www.instagram.com/TheYellowRome/
Fantastic Garden Hotel & Ristorante;Florence, Italy;Viale XX Settembre, 200, 50019 Sesto Fiorentino FI, Italy;https://fantastic-garden.com/;https://www.instagram.com/fantastic_garden_official/
Hotel Adler Cavalieri;Florence, Italy;Via della Scala, 40, 50123 Firenze FI, Italy;https://www.hoteladlercavalieri.com/?utm_source=google&utm_medium=organic&utm_campaign=GoogleMyBusiness;https://www.instagram.com/explore/tags/adlercavalieri
Cosmopolitan Hotel;Florence, Italy;Via Francesco Baracca, 187, 50127 Firenze FI, Italy;http://www.cosmopolitanhotel.it/;https://www.instagram.com/cosmopolitanhotelfirenze/
Hotel Villa Olmi Firenze;Florence, Italy;Via Del Crocifisso Del Lume, 18, 50126 Firenze FI, Italy;http://www.villaolmifirenze.com/;https://www.instagram.com/villaolmi/
Hotel Perlage Florence a Scandicci (Firenze);Florence, Italy;V. Baccio da Montelupo, 16, 50018 Scandicci FI, Italy;https://www.perlageflorence.com/;https://www.instagram.com/perlageflorence_hotel/
Hotel San Giorgio & Olimpic;Florence, Italy;Via Sant'Antonino, 3, 50123 Firenze FI, Italy;http://www.hotelsangiorgioflorence.com/;https://www.instagram.com/hotelsangiorgioflorence/
Hotel 500 Firenze;Florence, Italy;Via Tomerello, 1, 50013 Campi Bisenzio FI, Italy;http://www.hotel500firenze.com/;https://www.instagram.com/hotel500firenze/
Hotel Marzia;Florence, Italy;Via Duccio Tessari, 2, 50018 Scandicci FI, Italy;http://www.hotel-marzia.it/;https://www.instagram.com/hotelmarzia/
Hotel Albani Firenze;Florence, Italy;Via Fiume, 12, 50123 Firenze FI, Italy;https://www.hotelalbanifirenze.com/;https://www.instagram.com/hotel.albani.firenze/
VILLA GELSOMINO GARDEN;Florence, Italy;Via del Gelsomino, 68, 50125 Firenze FI, Italy;http://www.gelsominogarden.it/;http://instagram.com/gelsominogardenfirenze/
Camping Village Panoramico Fiesole;Florence, Italy;Via Peramonda, 1, 50014 Fiesole FI, Italy;http://www.campingpanoramicofiesole.com/;https://www.instagram.com/campingpanoramicofiesole/
c-hotels Diplomat Firenze;Florence, Italy;Via Luigi Alamanni, 9, 50123 Firenze FI, Italy;http://www.hoteldiplomat.net/;https://www.instagram.com/chotelsitaly/
Hotel Berchielli;Florence, Italy;Lungarno degli Acciaiuoli, 14, 50123 Firenze FI, Italy;http://www.berchielli.it/;https://www.instagram.com/hotelberchielli/
hu Firenze camping in town;Florence, Italy;Via Generale C. A. dalla Chiesa, 1/3, 50136 Firenze FI, Italy;https://firenze.huopenair.com/;https://www.instagram.com/huopenair
Grand Hotel Cavour Florence;Florence, Italy;Via del Proconsolo, 3, 50122 Firenze FI, Italy;https://www.hotelcavour.com/?utm_source=GoogleMyBusiness&utm_medium=referral&utm_campaign=GoogleMyBusinessCTA;https://www.instagram.com/grandhotelcavour/
Alex Florence;Florence, Italy;V. Baccio da Montelupo, 18, 50142 Firenze FI, Italy;http://www.hotelalexfirenze.com/;https://www.instagram.com/hotelalexfirenze/
Grand Hotel Baglioni;Florence, Italy;Piazza dell'Unità Italiana, 6, 50123 Firenze FI, Italy;http://www.hotelbaglioni.it/;https://www.instagram.com/grandhotelbaglioni/
Mercure Firenze Centro;Florence, Italy;Via Nazionale, 21/23 R, 50123 Firenze FI, Italy;https://all.accor.com/lien_externe.svlt?goto=fiche_hotel&code_hotel=9131&merchantid=seo-maps-IT-9131&sourceid=aw-cen&utm_medium=seo%20maps&utm_source=google%20Maps&utm_campaign=seo%20maps;https://www.instagram.com/all.accor
Art Hotel Villa Agape;Florence, Italy;Via della Torre del Gallo, 8, 50125 Firenze FI, Italy;https://www.villaagape.it/;https://www.instagram.com/villaagapefirenze/
Trattoria Dall'Oste;Florence, Italy;Borgo S. Lorenzo, 31, 50121 Firenze FI, Italy;https://www.trattoriadalloste.com/;https://www.instagram.com/trattoriadalloste/
Trattoria Zà Zà;Florence, Italy;Piazza del Mercato Centrale, 26r, 50123 Firenze FI, Italy;http://www.trattoriazaza.it/;https://www.instagram.com/trattoriazaza/
Trattoria Giovanni;Florence, Italy;Via Sant'Agostino, 38r, 50125 Firenze FI, Italy;https://trattoriagiovanni.it/;https://www.instagram.com/trattoria_giovanni/
Trattoria Osteria Dall'Oste SMN;Florence, Italy;Via Luigi Alamanni, 3/5r, 50100 Firenze FI, Italy;https://trattoriadalloste.com/;https://www.instagram.com/trattoriadalloste/
Trattoria Bondi;Florence, Italy;Via Nazionale, 45/47 R, 50123 Firenze FI, Italy;https://trattoriabondi.it/;https://www.instagram.com/trattoriabondi/
Trattoria San Lorenzo Firenze;Florence, Italy;Piazza di San Lorenzo, 33R, 50123 Firenze FI, Italy;http://www.sanlorenzotrattoria.com/;https://www.instagram.com/themerex_net/
"Ristorante ""Bottega di Fattoria-Trattoria Toscana""";Florence, Italy;Piazza dell'Olio, 8r, 50123 Firenze FI, Italy;https://bottegadifattoria.com/;https://www.instagram.com/bottega_di_fattoria_trattoria/
Trattoria de' Pitti;Florence, Italy;Piazza de' Pitti, 32, 50125 Firenze FI, Italy;https://trattoriadepitti.it/;https://www.instagram.com/trattoriadepitti/
Trattoria Ponte Vecchio - Ristorante Firenze;Florence, Italy;Lungarno degli Archibusieri, 8, 50122 Firenze FI, Italy;https://trattoriapontevecchio.com/;https://www.instagram.com/trattoriapontevecchio/
Trattoria del Pennello;Florence, Italy;Via Dante Alighieri, 4/r, 50122 Firenze FI, Italy;https://trattoriadelpennello1513.com/;https://www.instagram.com/trattoriadelpennello
Trattoria Da Guido;Florence, Italy;Via Faenza, 34/R, 50123 Firenze FI, Italy;https://www.trattoriadaguidofirenze.com/;https://www.instagram.com/explore/locations/2045266/
Trattoria Vecchio Mercato;Florence, Italy;Piazza del Mercato Centrale, 17R, 50123 Firenze FI, Italy;https://www.vecchiomercato.it/;https://www.instagram.com/vecchio_mercato_firenze
Trattoria dall'Oste Chianineria;Florence, Italy;Via dei Cerchi, 40/R, 50122 Firenze FI, Italy;https://trattoriadalloste.com/;https://www.instagram.com/trattoriadalloste/
Trattoria Palle D'Oro dal 1860;Florence, Italy;Via Sant'Antonino, 43/45r, 50123 Firenze FI, Italy;https://www.trattoriapalledorofirenze.com/;https://www.instagram.com/ancora_themes/
Trattoria Dall'oste;Florence, Italy;Via degli Orti Oricellari, 29, 50123 Firenze FI, Italy;http://www.trattoriadalloste.com/;https://www.instagram.com/trattoriadalloste/
Trattoria Mario;Florence, Italy;Via Rosina, 2r, 50123 Firenze FI, Italy;http://www.trattoriamario.com/?fbclid=IwAR0MPzS11h9Vb7-qxeIXStkV_cAn4urdi4nuHnbMZFOchDwRobT47jf3NLQ;https://www.instagram.com/trattoriamario1953/
Trattoria Antellesi;Florence, Italy;Via Faenza, 9r, 50123 Firenze FI, Italy;https://trattoriaantellesi.it/;https://www.instagram.com/trattoriantellesifirenze
Trattoria Lo Stracotto;Florence, Italy;Piazza di Madonna degli Aldobrandini, 17r, 50123 Firenze FI, Italy;http://www.trattorialostracotto.it/;https://www.instagram.com/trattorialostracotto/
Trattoria Garga;Florence, Italy;Via del Moro, 48-red, 50123 Firenze FI, Italy;https://www.trattoriagarga.com/;https://www.instagram.com/trattoriagarga/
Trattoria Marione;Florence, Italy;Via della Spada, 27R, 50123 Firenze FI, Italy;https://www.trattoriamarione.it/trattoria-marione/;https://www.instagram.com/trattoriamarione/
Trattoria Mamma Gina;Florence, Italy;Borgo San Iacopo, 37/R, 50100 Firenze FI, Italy;http://www.mammagina.it/;https://www.instagram.com/mammaginafirenze/
Trattoria Dedo;Florence, Italy;Piazza del Mercato Centrale, 44, 50123 Firenze FI, Italy;http://www.trattoriadedo.it/;https://www.instagram.com/trattoriadedo/
Antica Trattoria da Tito;Florence, Italy;Via S. Gallo, 112/R, 50129 Firenze FI, Italy;https://www.trattoriadatito.com/;https://www.google.com/url
Trattoria Anita;Florence, Italy;Via del Parlagio, 2R, 50122 Firenze FI, Italy;https://trattorianita.eatbu.com/?lang=it;https://www.instagram.com/trattoriaanitaofficial/
Trattoria da Giorgio;Florence, Italy;Via Palazzuolo, 100r, 50123 Firenze FI, Italy;http://www.trattoriadagiorgio.it/;https://www.instagram.com/explore/locations/6223235/trattoria-da-giorgio/
Da Gerardo Trattoria Pizzeria;Florence, Italy;Via Nazionale, 112R, 50123 Firenze FI, Italy;https://www.trattoriadagerardo.com/;https://www.instagram.com/braceria_all11/
Gusto Leo;Florence, Italy;Via del Proconsolo, 8/10 R, 50122 Firenze FI, Italy;http://www.ristorantepizzeriagustoleo.com/;https://www.instagram.com/gustoleofirenze/
Trattoria Braciere Malatesta I Bistecca e Pizzeria a Firenze dal 1954;Florence, Italy;Via Nazionale, 36/R, 50121 Firenze FI, Italy;https://www.bracieremalatesta.com/en/;https://www.instagram.com/braciere_malatesta/
Trattoria da Rocco;Florence, Italy;Piazza Lorenzo Ghiberti, 50122 Firenze FI, Italy;https://www.daroccotrattoria.com/;https://www.instagram.com/trattoriadarocco/
Trattoria Sant'Agostino;Florence, Italy;Sant'Agostino, Via Sant'Agostino, 23, 50125 Firenze FI, Italy;http://www.trattoriasantagostino.com/;https://www.instagram.com/trattoriasantagostino/
Trattoria Antico Fattore;Florence, Italy;Via Lambertesca, 1/R, 50122 Firenze FI, Italy;http://www.anticofattore.it/;https://www.instagram.com/trattoria_antico_fattore/
Trattoria Alfredo;Florence, Italy;Via dei Leoni, 14/r, 50122 Firenze FI, Italy;http://www.trattoriaalfredofirenze.com/;https://www.instagram.com/trattoriaalfredo/
Osteria dei Leoni Firenze;Florence, Italy;Via dei Leoni, 2r, 50122 Firenze FI, Italy;https://www.osteriadeileoni.it/;https://www.instagram.com/osteriadeileonifirenze
Osteria Vespucci;Florence, Italy;Via del Corso, 75 R, 50122 Firenze FI, Italy;https://www.osteriavespucci.it/;https://www.instagram.com/osteria_vespucci
Osteria Cavurrino;Florence, Italy;Via Camillo Cavour, 26/28R, 50123 Firenze FI, Italy;https://www.osteriacavurrino.it/;https://instagram.com/osteriacavurrino
Osteria San Fiorenzo;Florence, Italy;Borgo dei Greci, 1r, 50122 Firenze FI, Italy;https://www.osteriasanfiorenzo.it/;https://www.instagram.com/osteriasanfiorenzo/
OSTERIA da FORTUNATA - Firenze -;Florence, Italy;Via dei Pecori, 9, 50123 Firenze FI, Italy;https://www.osteriadafortunata.it/;https://www.instagram.com/osteria_da_fortunata_italia/
Osteria Dell'Osso;Florence, Italy;Piazza del Mercato Centrale, 2/3 R, 50123 Firenze FI, Italy;https://osteriadellosso.it/;https://www.instagram.com/osteria_dell_osso/
Osteria Le Pietre - Piazza de Pitti Firenze;Florence, Italy;Piazza de' Pitti, 7, 50125 Firenze FI, Italy;https://osterialepietre.it/;https://www.instagram.com/osterialepietre/
Osteria del Proconsolo;Florence, Italy;Via del Proconsolo, 59, 50122 Firenze FI, Italy;http://www.osteriadelproconsolo.com/;https://www.instagram.com/osteriadelproconsolo/
Osteria dell'Orcagna;Florence, Italy;P.za della Signoria, 1, 50122 Firenze FI, Italy;https://osteriaorcagna.it/;https://www.instagram.com/osteriadellorcagna
Osteria del Corso;Florence, Italy;Via del Corso, 36r, 50122 Firenze FI, Italy;https://osteriadelcorso.it/;https://www.instagram.com/osteriadelcorso_firenze/
Osteria Uguccione;Florence, Italy;Via Giosuè Carducci, 13r, 50121 Firenze FI, Italy;https://www.osteriauguccione.it/;https://www.instagram.com/osteriauguccione/
Osteria del Fiore - Piazza del Duomo Firenze;Florence, Italy;Piazza del Duomo, 57r, 50122 Firenze FI, Italy;https://www.osteriadelfiore.it/;https://www.instagram.com/osteriadelfiore
Osteria Lungarno;Florence, Italy;Lungarno Corsini, 18/20 r, 50123 Firenze FI, Italy;https://www.osterialungarno.it/;https://www.instagram.com/osterialungarno/
Antica Osteria 1 Rosso;Florence, Italy;Borgo Ognissanti, 1 rosso, 50123 Firenze FI, Italy;https://osteria1rosso.it.com/;https://www.instagram.com/osteria_1rosso/
Osteria del Tegolaio;Florence, Italy;Borgo Tegolaio, 17/r, 50125 Firenze FI, Italy;https://www.osteriadeltegolaiofirenzegmail.com/;https://instagram.com/osteriadeltegolaio.firenze
Caffè Italiano;Florence, Italy;Via Isola delle Stinche, 11R/13r, 50122 Firenze FI, Italy;https://www.osteriacaffeitaliano.it/;https://www.instagram.com/osteriacaffeitaliano
Osteria Il Basilico;Florence, Italy;Via Nazionale, 124/R, 50123 Firenze FI, Italy;http://www.osteriailbasilico.it/;https://www.instagram.com/osteria_il_basilico_firenze/
Osteria Giglio d'oro;Florence, Italy;Via dei Servi, 51 rosso, 50122 Firenze FI, Italy;https://www.osteriagigliodoro.it/;https://instagram.com/https://www.instagram.com/giglio_doro_/
Osteria Pastella;Florence, Italy;Via della Scala, 17 R, 50123 Firenze FI, Italy;https://www.osteriapastella.it/;https://www.instagram.com/osteriapastella/
Osteria de' Peccatori;Florence, Italy;Piazza di S. Firenze, 14 r, 50122 Firenze FI, Italy;http://www.osteriadepeccatori.com/;https://www.instagram.com/osteriadepeccatori/
La Bistecca - Osteria Fiorentina - Piazza della Repubblica;Florence, Italy;Piazza della Repubblica, 12, 50123 Firenze FI, Italy;http://www.osterialabistecca.it/;https://www.instagram.com/labisteccaosteria/
Osteria Dell'Olio;Florence, Italy;Piazza dell'Olio, 10/r, 50123 Firenze FI, Italy;https://osteriadellolio.com/;https://www.instagram.com/osteriadellolio/
Osteria del Porcellino;Florence, Italy;Via Val di Lamona, 7r, 50123 Firenze FI, Italy;https://osteriadelporcellino.com/;https://www.instagram.com/explore/tags/osteriadelporcellino/
Osteria Cipolla Rossa;Florence, Italy;Via dei Conti, 53/r, 50123 Firenze FI, Italy;http://www.osteriacipollarossa.com/;https://www.instagram.com/osteriacipollarossafirenze/
Ciccio Pennello Osteria;Florence, Italy;Via degli Olmi, 2, 50019 Sesto Fiorentino FI, Italy;https://www.ristorantecicciopennello.com/;https://www.instagram.com/osteriacicciopennello/
LiVio Pizzeria;Florence, Italy;Via Nazionale, 77r, 50123 Firenze FI, Italy;https://pizzerialivio.com/;https://www.instagram.com/pizzerialivio_firenze/
L’antica pizzeria da Michele Firenze;Florence, Italy;Piazza del Mercato Centrale, 22R, 50123 Firenze FI, Italy;http://www.pizzeriadamichelefirenze.it/;https://www.instagram.com/pizzeriadamichelefirenze/
Pizzeria Caffe' Bistrot - Malborghetto Firenze -;Florence, Italy;Via dei Macci, 76/R, 50122 Firenze FI, Italy;https://www.malborghettofirenze.it/;https://www.instagram.com/malborghettofirenze/
Pizzeria O'Vesuvio Firenze;Florence, Italy;Via dei Cimatori, 21r, 50122 Firenze FI, Italy;https://www.ovesuviofirenze.com/;https://www.instagram.com/pizzeriaovesuviofirenze/
I Camaldoli - Pizza & Cucina;Florence, Italy;Piazza del Mercato Centrale, 14r, 50123 Firenze FI, Italy;http://www.icamaldoli.it/;https://www.instagram.com/camaldoli.firenze/
Fratelli Cuore Pizzeria;Florence, Italy;Piazza della Stazione, 50123 Firenze FI, Italy;http://www.fratellicuore.com/;https://www.instagram.com/fratellicuore/
I'PIZZACCHIERE;Florence, Italy;Via S. Miniato, 2, 50125 Firenze FI, Italy;https://www.pizzacchiere.com/;https://www.instagram.com/ipizzacchieredifirenze/
Matto Matto Pizzeria Grill Ristorante;Florence, Italy;Via Nazionale, 122r, 50123 Firenze FI, Italy;https://www.mattomatto.it/;https://www.instagram.com/mattomatto_firenze/
Ristorante Pizzeria La Piazzetta di Lorenzo;Florence, Italy;Via del Giglio, 57r, 50123 Firenze FI, Italy;https://www.lorenzodemediciristorante.com/piazzetta/;https://www.instagram.com/ristorantelorenzodemedici/
Mister Pizza;Florence, Italy;Via Pietrapiana, 82r, 50122 Firenze FI, Italy;http://www.misterpizza.it/;https://www.instagram.com/misterpizzaofficial/
Berberè Pizzeria Santa Croce;Florence, Italy;Via dei Benci, 7, 50122 Firenze FI, Italy;https://www.berberepizza.it/berbere-firenze-santa-croce/;https://www.instagram.com/berberepizzeria/
Il Pizzaiuolo;Florence, Italy;Via dei Macci, 113r, 50122 Firenze FI, Italy;http://www.ilpizzaiuolo.it/;https://www.instagram.com/ilpizzaiuolo/
Ristorante Pizzeria Canto De' Nelli;Florence, Italy;Via del Canto dei Nelli, 22/R, 50123 Firenze FI, Italy;http://www.ristorantecantodenelli.com/;https://www.instagram.com/cantodenelli/
Pizzeria Positano Firenze;Florence, Italy;Borgo Ognissanti, 84, 50123 Firenze FI, Italy;https://pizzeriapositano.eu/firenze;https://www.instagram.com/pizzeriapositano/
Pizzium - Firenze;Florence, Italy;Piazza del Carmine, 5, 50124 Firenze FI, Italy;https://pizzium.com/locali/firenze-piazza-del-carmine-5-r/;https://www.instagram.com/pizzium/
Ristorante Pizzeria Industria Firenze;Florence, Italy;Borgo Ognissanti, 11, 50123 Firenze FI, Italy;http://www.ristoranteindustria.com/eng;https://www.instagram.com/osteriadelgiglio.firenze/
Pizzeria Luna;Florence, Italy;Via Vincenzo Gioberti, 93R, 50121 Firenze FI, Italy;http://www.pizzerialaluna.it/;https://www.instagram.com/pizzerialunafirenze/
Pizzagnolo;Florence, Italy;V. dell'Agnolo, 107R, 50122 Firenze FI, Italy;http://www.pizzagnolo.it/;https://instagram.com/pizzagnolo
Pizza in Piazza;Florence, Italy;Piazza della Vittoria, 1/red, 50129 Firenze FI, Italy;http://www.pizzainpiazzafirenze.com/;https://instagram.com/pizzainpiazza_firenze
Pizzeria di Napoli;Florence, Italy;Viale Don Giovanni Minzoni, 9-11-13, 50136 Firenze FI, Italy;http://www.pizzeriadinapoli.eu/;https://www.instagram.com/pizzeria.dinapolifirenze/
Berberè Pizzeria San Frediano;Florence, Italy;Piazza dei Nerli, 1, 50124 Firenze FI, Italy;https://www.berberepizza.it/berbere-firenze-san-frediano/;https://www.instagram.com/berberepizzeria/
Pizzeria Trattoria San Jacopino;Florence, Italy;Piazza di S. Jacopino, 30/31R, 50144 Firenze FI, Italy;http://www.pizzeriasanjacopino.com/;https://www.instagram.com/sanjacopinopizzeria/
Il David - Ristorante Steakhouse Pizzeria;Florence, Italy;P.za della Signoria, 2/r, 50122 Firenze FI, Italy;https://www.ristorantepizzeriaildavid.com/eng;https://www.instagram.com/ristoranteildavid/
MIRÓ Ristorante Pizzeria;Florence, Italy;Via S. Gallo, 40r/42, 50129 Firenze FI, Italy;http://www.ristorantemirofirenze.com/;https://www.instagram.com/miro_ristorante_pizzeria_/
I Templari;Florence, Italy;Via del Ponte alle Mosse, 132/B, 50144 Firenze FI, Italy;http://www.itemplarifirenze.com/;https://www.instagram.com/itemplarifirenze/
Antò Ristorante -- Cucina tipica pugliese -- Bari;Bari, Italy;Strada Palazzo di Città, 14, 70122 Bari BA, Italy;http://antobari.it/;https://www.instagram.com/anto__bari/
DROP - Restaurant & Premium mixology;Bari, Italy;Corso Vittorio Emanuele II, 79, 70122 Bari BA, Italy;http://www.dropbari.it/;https://www.instagram.com/drop_bari/
La Biglietteria;Bari, Italy;Largo Adua, 3, 70121 Bari BA, Italy;http://labiglietteriabari.it/;http://www.instagram.com/la_biglietteria_bari
Mastro Ciccio;Bari, Italy;Corso Vittorio Emanuele II, 15, 70122 Bari BA, Italy;https://www.mastrociccio.it/;https://www.instagram.com/mastrociccio_mordilapuglia/
La Tana del Polpo;Bari, Italy;Strada Vallisa, 50, 70122 Bari BA, Italy;https://latanadelpolpoinfo.wixsite.com/trattoriadimare;https://www.instagram.com/latanadelpolpo_bari/
Gola Caffè Bistrot;Bari, Italy;Via Camillo Rosalba, 47/K, 70124 Bari BA, Italy;http://www.golabistrotbari.it/;https://www.instagram.com/golacafebistrot/
Sophia Loren Restaurant Bari;Bari, Italy;Via Giuseppe Fanelli, 285/10, 70125 Bari BA, Italy;https://sophialorenrestaurant.com/;https://www.instagram.com/SophiaLorenRestaurant/
Western Village;Bari, Italy;Via Principe Amedeo, 108, 70122 Bari BA, Italy;http://westernvillage.it/;https://www.instagram.com/westernvillagebari/
Burger King;Bari, Italy;Traversa Martiri delle Foibe, 6/2, 70124 Bari BA, Italy;https://www.burgerking.it/trova-un-ristorante;https://www.instagram.com/burgerking_it/
Terranima - Ristorante di cucina tipica pugliese;Bari, Italy;Via Nicolò Putignani, 213, 70122 Bari BA, Italy;https://www.terranima.com/;https://www.instagram.com/terranima_ristorante_bari/
Roadhouse Restaurant Bari;Bari, Italy;c/o Parco Commerciale Santa Caterina, Str. Santa Caterina, 16, 70124 Bari BA, Italy;https://www.roadhouse.it/it;https://www.instagram.com/roadhouse_restaurant/
L'Argenteria;Bari, Italy;Via Roberto da Bari, 139, 70122 Bari BA, Italy;http://www.largenteriabari.it/;https://www.instagram.com/largenteriabari/
Radicale Restaurant;Bari, Italy;Via Nicolò Putignani, 71, 70121 Bari BA, Italy;https://radicalerestaurant.it/;https://www.instagram.com/radicalerestaurant/
Gallo Matto;Bari, Italy;Largo Giordano Bruno, 67, 70121 Bari BA, Italy;http://www.gallomatto.it/;https://www.instagram.com/gallomatto.bari/
R45 Events Restaurant;Bari, Italy;Strada Palazzo di Città, 46, 70122 Bari BA, Italy;https://www.ristoranteborgoanticor45.it/;https://www.instagram.com/ristoranteborgoanticor45
Burger King;Bari, Italy;Via Giovanni Amendola, 211/A, 70126 Bari BA, Italy;https://www.burgerking.it/;https://www.instagram.com/burgerking_it/
Le Véronique Einaudi;Bari, Italy;Viale Luigi Einaudi, 93, 70125 Bari BA, Italy;http://www.leveronique.it/;https://www.instagram.com/le_veronique_hahnemann/
San Francesco Restaurant;Bari, Italy;Via Giuseppe Verdi, 59, 70132 Bari BA, Italy;https://lidosanfrancesco.it/;https://www.instagram.com/lido_sanfrancesco/
La Battigia;Bari, Italy;Lungomare Araldo di Crollalanza, 1, 70121 Bari BA, Italy;http://www.ristorantelabattigia.it/;https://www.instagram.com/ristorante_labattigia/
Bari-Napoli;Bari, Italy;Via Niccolò Piccinni, 187/189, 70122 Bari BA, Italy;http://www.barinapoli.it/;https://www.instagram.com/pizzeriabarinapoli/
Flower Burger;Bari, Italy;Via Principe Amedeo, 121A, 70122 Bari BA, Italy;https://www.flowerburger.it/;https://www.instagram.com/flower_burger
Stocotto;Bari, Italy;Via Orfeo Mazzitelli, 170, 70124 Bari BA, Italy;http://www.stocotto.it/;https://www.instagram.com/stocotto/
Sapori Solari - La Bisteccheria;Bari, Italy;Via Nicola de Giosa, 85, 70121 Bari BA, Italy;https://www.saporisolari.com/la-bisteccheria-bari;https://www.instagram.com/saporisolari/
La Locanda di Federico – Ristorante tipico pugliese Bari Vecchia;Bari, Italy;Piazza Mercantile, 63, 70122 Bari BA, Italy;http://www.lalocandadifederico.com/;https://www.instagram.com/lalocandadifedericobari
Roadhouse Restaurant Bari Blu;Bari, Italy;Contrada Giannavello, C/o Centro commerciale, Bariblu, piano I, 70019 Triggiano BA, Italy;https://www.roadhouse.it/it/menu;https://www.instagram.com/roadhouse_restaurant/
Taverna Caprese | Ristorante - Pizzeria Napoletana;Bari, Italy;Via Domenico Nicolai, 79, 70122 Bari BA, Italy;https://www.tavernacaprese.it/;https://www.instagram.com/taverna_caprese/
Dei Principi - Restaurant & Pizza;Bari, Italy;Prolungamento, Viale Europa, 2/12, 70123 Bari BA, Italy;https://deiprincipirestaurant.it/;https://www.instagram.com/dei_principi_restaurant/
Eddycola Ristorante;Bari, Italy;Corso Vittorio Emanuele II, 105, 70122 Bari BA, Italy;http://www.eddycola.it/;https://www.instagram.com/eddycolaristorante/
Tam Tam | Bistrot, Pizza, Cafè Bari;Bari, Italy;Corso Vittorio Emanuele II, 80/82, 70122 Bari BA, Italy;https://bistrot.bari.it/;https://www.instagram.com/tam_tam_bari/
Petriella al Teatro;Bari, Italy;Via Salvatore Cognetti, 14 - 22, 70121 Bari BA, Italy;https://www.salvatorepetriella.it/;https://www.instagram.com/salvatorepetriellapasticceria/
Famila Bistro';Bari, Italy;Via della Resistenza, 46, 70125 Bari BA, Italy;https://familabistro.it/;https://www.instagram.com/familasuditalia/
Famila Bistró;Bari, Italy;Via Giovanni Gentile, 53-55, 70126 Bari BA, Italy;https://familabistro.it/;https://www.instagram.com/familasuditalia/
Bianca Cafè;Bari, Italy;Via Principe Amedeo, 38, 70121 Bari BA, Italy;https://www.vacanzeinpuglia.net/dove-mangiare/bari/bianca-cafe/;https://www.instagram.com/biancacafebari/
Dodo Cafè;Bari, Italy;Via Dante Alighieri, 143, 70122 Bari BA, Italy;https://dodo-cafe.metro.bar/;https://www.instagram.com/_dodocafe/
Portincasa Caffè - Caffetteria Specialty e Microtorrefazione Artigianale;Bari, Italy;Via Francesco Lattanzio, 14, 70010 Capurso BA, Italy;https://portincasacaffe.com/;https://www.instagram.com/portincasa_caffe/
KLIMT Cafè;Bari, Italy;Via X Marzo, 110/n, 70026 Modugno BA, Italy;https://www.klimtcafe.it/;http://www.instagram.com/klimtcafemodugno
Estesia Green Bar - Miglior Bar Caffè Bari;Bari, Italy;Viale della Repubblica, 117, 70125 Bari BA, Italy;https://www.estesiabari.com/green-bar/;https://www.instagram.com/estesia_bari/
Opencafè;Bari, Italy;Viale Papa Giovanni XXIII, 38, 70124 Bari BA, Italy;http://www.opencafè.it/;https://www.instagram.com/opencafebari/
C House Bakery Cafè;Bari, Italy;70123 Bari, Metropolitan City of Bari, Italy;http://www.chouseitalia.com/;https://www.instagram.com/chouseinternational/
Frizzcafè Bari Viale Einaudi;Bari, Italy;Viale Luigi Einaudi, 81, 70125 Bari BA, Italy;http://www.frizzcafe.it/;https://www.instagram.com/frizzcafe/
Frizzcafè Bari Via Matarrese;Bari, Italy;Via Salvatore Matarrese, 4/b, 70126 Bari BA, Italy;https://www.frizzcafe.it/;https://www.instagram.com/frizzcafe/
Caffè Vergnano 1882;Bari, Italy;Via Sparano da Bari, 150, 70121 Bari BA, Italy;http://www.caffevergnano.com/;https://www.instagram.com/caffevergnano1882/
Binario Open Cafè Bistrot;Bari, Italy;Via Giuseppe Capruzzi, 198, 70123 Bari BA, Italy;http://www.opencafè.it/;https://www.instagram.com/opencafebari/
Bar Pasticceria Due Emme;Bari, Italy;Via Gaetano Devitofrancesco, 6, 70124 Bari BA, Italy;https://www.pasticceriaduemme.it/;https://www.instagram.com/pasticceriadueemme/
Alterno - Ristorante e American Bar Bari;Bari, Italy;Corso Vittorio Emanuele II, 61, 70122 Bari BA, Italy;http://alternobari.it/;https://www.instagram.com/alterno.bari/
Morisco Bar Pasticceria Bistrot;Bari, Italy;Via Peucetia, 27/B-C, 70126 Bari BA, Italy;https://barpasticceriamorisco.it/;https://www.instagram.com/barpasticceriamorisco/
Hotel HR;Bari, Italy;KM 119, 300, SS96, 70123 Bari BA, Italy;https://www.hotelhr.it/;https://www.instagram.com/hotelhrbari/
Hotel Excelsior Bari;Bari, Italy;Via G. Petroni, 15, 70124 Bari BA, Italy;https://excelsiorbari.it/;https://www.instagram.com/hotelexcelsiorbari/
Hotel Parco dei Principi;Bari, Italy;Via Vito Vasile, 3, 70132 Bari BA, Italy;http://parcodeiprincipibari.it/;https://www.instagram.com/parcodeiprincipibari
Hotel Executive Business;Bari, Italy;Corso Vittorio Emanuele II, 201, 70122 Bari BA, Italy;https://www.executivebusinesshotel.it/;https://www.instagram.com/executivebusinesshotelbari/
Bra Hotel Bari;Bari, Italy;Via Abate Giacinto Gimma, 35, 70122 Bari BA, Italy;https://www.brahotel.com/;https://www.instagram.com/bra.hotel
B21 Hotel;Bari, Italy;Via Giuseppe Verdi, 58, 70132 Bari BA, Italy;https://www.b21hotel.it/home/;https://www.instagram.com/b21bari_hotel/
Mercure Villa Romanazzi Carducci Bari;Bari, Italy;Via Giuseppe Capruzzi, 326, 70124 Bari BA, Italy;https://all.accor.com/lien_externe.svlt?goto=fiche_hotel&code_hotel=1971&merchantid=seo-maps-IT-1971&sourceid=aw-cen&utm_medium=seo%20maps&utm_source=google%20Maps&utm_campaign=seo%20maps;https://www.instagram.com/all.accor
Appartamento Cavour;Bari, Italy;Corso Cavour, 184, 70121 Bari BA, Italy;https://cconforthotels.com/bari/bb-appartamento-cavour-bari/;https://www.instagram.com/gestionealberghieracch/
Mövenpick Hotel Bari;Bari, Italy;Street, Via Francesco Lombardi, 13, 70022 Bari BA, Italy;https://all.accor.com/hotel/C2W0/index.en.shtml?goto=fiche_hotel&code_hotel=C2W0&merchantid=seo-maps-Italy-C2W0&sourceid=aw-cen&utm_medium=seo%20maps&utm_source=google%20Maps&utm_campaign=seo%20maps;https://www.instagram.com/all.accor
Biscardi Hotel;Bari, Italy;Via Guglielmo Oberdan, 62, 70126 Bari BA, Italy;https://biscardihotel.it/;https://www.instagram.com/biscardihotel/
CoCo’s Rooms;Bari, Italy;Via 1° trv, Aeroporto Palese, 19, 70132 Bitonto BA, Italy;http://www.cocosrooms.it/;https://www.instagram.com/cocos_rooms/
Hotel Auditorium;Bari, Italy;Via Vittoriano Cimmarrusti, 12, 70124 Bari BA, Italy;https://www.hotelauditorium.it/;https://instagram.com/hotelresidence_auditorium/
Nicolaus Hotel Bari;Bari, Italy;Via Cardinale Agostino Ciasca, 27, 70124 Bari BA, Italy;http://www.thenicolaushotel.com/;https://www.instagram.com/thenicolaushotel/
MODERN RESIDENCE BARI;Bari, Italy;Via Ettore Carafa, 16, 70124 Bari BA, Italy;http://www.ironhotel.it/;https://www.instagram.com/p/DWE1SleDddl/
BARI ROOMS - Carulli 62 - Best price including breakfast;Bari, Italy;Via Gian Giuseppe Carulli, 62, 70121 Bari BA, Italy;https://barirooms.it/affittacamere-carulli-suite/;https://www.instagram.com/barirooms/
Vis Urban Suite & Spa;Bari, Italy;Via Sagarriga Visconti, 35, 70122 Bari BA, Italy;http://www.visurbansuites.com/;https://www.instagram.com/vis_urbansuites/
Abbazia Degli Svevi;Bari, Italy;Str. Dietro S. Vito, 22, 70122 Bari BA, Italy;http://abbazia-degli-svevi.org.es/;https://www.instagram.com/housity_/
Cconforthotels R&B Suite&Chic;Bari, Italy;Via Nicolò Putignani, 25/27, 70121 Bari BA, Italy;https://cconforthotels.com/bari/affittacamere-suite-and-chic-bari/;https://www.instagram.com/gestionealberghieracch/
Victor Hotel Bari;Bari, Italy;Via Domenico Nicolai, 71, 70122 Bari BA, Italy;https://www.victorhotelbari.it/;https://www.instagram.com/victorhotelbari/
Residenze Sorrentino;Bari, Italy;Via Antonio e Nicola Sorrentino, 6, 70126 Bari BA, Italy;http://www.residenzesorrentino.com/;https://instagram.com/wix/
Palazzo Calò;Bari, Italy;Str. Lamberti, 8, 70122 Bari BA, Italy;https://www.palazzocalo.com/;https://www.instagram.com/palazzocalo/
Bed and Breakfast Verdeoliva;Bari, Italy;Str. Madonna della Grotta, 3, 70026 Modugno BA, Italy;http://www.bbverdeoliva.it/;https://www.instagram.com/beb_verdeoliva
Il Pumo - Apulian Rooms Bari Savoia;Bari, Italy;P.za Luigi di Savoia, 42, 70121 Bari BA, Italy;https://www.ilpumobari.it/;https://www.instagram.com/ilpumobari/
BOSTON HOTEL BARI;Bari, Italy;Via Niccolò Piccinni, 155, 70122 Bari BA, Italy;http://www.bostonbari.it/;https://www.instagram.com/hotelbostonbari/
Host Bari centrale;Bari, Italy;Via G. Petroni, 17/C, 70121 Bari BA, Italy;https://cconforthotels.com/bari/host-bari-centrale-bari/;https://www.instagram.com/gestionealberghieracch/
ROOM 110 BARI -guesthouse-;Bari, Italy;Corso Cavour, 110, 70121 Bari BA, Italy;"https://room110bari.kross.travel/book/step1?from=2022-11-18&to=2022-11-19&guests_rooms=2,0;";https://www.instagram.com/aetb_terra_di_bari/
Hotel Terranobile Metaresort;Bari, Italy;Via Bitritto, 101, 70124 Bari BA, Italy;https://www.terranobile.it/;https://www.instagram.com/terranobile_metaresort/
Calvani 23 Luxury House;Bari, Italy;Str. privata Calvani, 23, 70124 Bari BA, Italy;http://www.calvani23.it/;https://www.instagram.com/calvani23_luxury_house
Hi Hotel Bari;Bari, Italy;Via Don Luigi Guanella, 15, 70124 Bari BA, Italy;http://www.hihotelbari.com/;https://www.instagram.com/hihotelbari/
L'Osteria dei Quattro Gatti;Bari, Italy;Via Cardinale Agostino Ciasca, 21, 70124 Bari BA, Italy;https://osteriadei4gatti.it/;https://www.instagram.com/osteria_dei_quattro_gatti/
Frulez;Bari, Italy;Piazza Umberto I, 14, 70121 Bari BA, Italy;http://www.frulez.it/;https://www.instagram.com/frulez
Osteria del Porto Poggiofranco;Bari, Italy;Via Orfeo Mazzitelli, 238, 70124 Bari BA, Italy;https://osteriadelportobari.it/;https://www.instagram.com/osteria.del.porto/
Nicolaus - Il Bistrot dal Mare;Bari, Italy;Corso Vittorio Emanuele II, 37, 70122 Bari BA, Italy;http://www.nicolausbistrot.it/;https://www.instagram.com/nicolaus_ilbistrotdalmare/
The Risto Pazzeria, Bari;Bari, Italy;Via Benedetto Petrone, 10-14, 70122 Bari BA, Italy;https://lapazzeriadreher.metro.biz/;https://www.instagram.com/lapazzeria.bari
Le Muse e il Mare;Bari, Italy;Via Domenico Nicolai, 31, 70122 Bari BA, Italy;https://lapugliashopping.it/attivita/ristorante-le-muse-e-il-mare-ristorante-polignano-a-mare-ba/;https://www.instagram.com/usbdigital.it
Ristorante Le Terrazze del Santa Lucia;Bari, Italy;Lungomare Starita, 9/A, 70132 Bari BA, Italy;https://www.ristorantesantalucia.com/;https://www.instagram.com/ristoranteterrazzesantalucia/
Food Braceria by Pierino;Bari, Italy;Via Daunia, 39, 70126 Bari BA, Italy;https://www.linkbio.cloud/dapierino/;https://www.instagram.com/dapierino/
Osteria dell'Orto Poggiofranco;Bari, Italy;Via Orfeo Mazzitelli, 258/A, 70124 Bari BA, Italy;https://www.osteriadellorto.it/;https://www.instagram.com/osteriadellorto
SANTOS Osteria Pugliese Praticante;Bari, Italy;Piazza Giuseppe Massari, 23, 70122 Bari BA, Italy;https://santosbari.it/;https://www.instagram.com/santososteriapugliese/
Sood | Osteria Metropolitana;Bari, Italy;Via Roberto da Bari, 147, 70122 Bari BA, Italy;http://soodbari.it/;https://www.instagram.com/sood.bari/
Soprannomi Osteria Contemporanea;Bari, Italy;Via Giuseppe Re David, 14, 70125 Bari BA, Italy;https://www.soprannomiosteriacontemporanea.it/;https://www.instagram.com/soprannomiosteria/
Osteria Dalí;Bari, Italy;Via Salvatore Matarrese, 42, 70124 Bari BA, Italy;http://www.osteriadali.com/;https://www.instagram.com/osteriadali/
Taverna Cairoli;Bari, Italy;Via Benedetto Cairoli, 52, 70122 Bari BA, Italy;https://tavernacairolibari.it/;https://instagram.com
Sensi - Osteria contemporanea;Bari, Italy;Via Orfeo Mazzitelli, 258 C, 70124 Bari BA, Italy;https://www.sensirestaurant.it/;https://www.instagram.com/sensirestaurantbari/
Lido San Francesco;Bari, Italy;Via Giuseppe Verdi, 59, 70123 Bari BA, Italy;http://www.lidosanfrancesco.it/;https://www.instagram.com/lido_sanfrancesco/
Yumi Izakaya Bari;Bari, Italy;Via Dante Alighieri, 67, 70121 Bari BA, Italy;https://www.yumizakaya-bari.com/;https://www.instagram.com/yumizakaya.bari/
Pizzeria de Michele;Bari, Italy;Corso Vittorio Emanuele II, 85, 70122 Bari BA, Italy;https://www.damichelebari.it/;https://www.instagram.com/damichele.bari/
Argiro 52 - Ristorante e pizzeria;Bari, Italy;Via Argiro, 52, 70121 Bari BA, Italy;http://www.argiro52.it/;https://www.instagram.com/argiro52bari/
L'altra Bari - Napoli;Bari, Italy;Via Nicola Tridente, 29, 70125 Bari BA, Italy;http://barinapoli.it/;https://www.instagram.com/pizzeriabarinapoli/
Pizzeria i Mancini;Bari, Italy;Via Paolo Lembo, 32/a, 70124 Bari BA, Italy;http://imancinipizzeria.com/;https://www.instagram.com/imancinipizzeria
Da Donato;Bari, Italy;Via Francesco Lattanzio, 59, 70126 Bari BA, Italy;https://www.pizzeriadadonato.com/;http://instagram.com/pizzeriadadonatobari
Antica Pizzeria Lombardi;Bari, Italy;Via Emanuele De Deo, 1/A, 70126 Bari BA, Italy;https://www.anticapizzerialombardi.it/;https://www.instagram.com/anticapizzerialombardii/
Pizzeria PuroGrano;Bari, Italy;Corso Benedetto Croce, 173, 70125 Bari BA, Italy;http://pizzeriapurograno.it/;https://www.instagram.com/purograno_pizzeria/
Giotto;Bari, Italy;Via Orfeo Mazzitelli, 178, 70124 Bari BA, Italy;http://www.giottopizzeria.it/;https://www.instagram.com/giottobari/
Il Quadrifoglio Bari Pizzeria;Bari, Italy;Via Carlo Alberto dalla Chiesa, 2, 70124 Bari BA, Italy;https://pizzeriailquadrifoglio.com/menu-bari/;https://www.instagram.com/pizzeriailquadrifoglio_/
Le Véronique Hahnemann;Bari, Italy;Via Samuel Friedrich Hahnemann, 4, 70126 Bari BA, Italy;http://www.leveronique.it/;https://www.instagram.com/le_veronique_hahnemann/
Restaurant and Pizzeria 'Tarantini al Cancello Rotto';Bari, Italy;Via G. Petroni, 114/B, 70124 Bari BA, Italy;https://www.tarantinialcancellorottosrl.com/;https://instagram.com/myinstagram
Ristorante Pizzeria Al Raffaello anche GlutenFree;Bari, Italy;Via Principe Amedeo, 222, 70122 Bari BA, Italy;http://ristorantealraffaello.it/;https://www.instagram.com/ristorante_alraffaello/
PLANTE Lab;Catania, Italy;Via Sant'Anna, 5, 95124 Catania CT, Italy;https://www.plante.it/;https://www.instagram.com/alcovastudio/
Al Vicolo Pizza&Vino;Catania, Italy;Via del Colosseo, 5/7, 95124 Catania CT, Italy;https://www.alvicologroup.com/;https://www.instagram.com/alvicolopizzaevino/
SVRGO Ristorante cucina siciliana;Catania, Italy;Piazza S. Francesco d'Assisi, 4/5, 95124 Catania CT, Italy;https://svrgorestaurant.wordpress.com/;https://www.instagram.com/svrgorestaurant/
A Putia dell'Ostello;Catania, Italy;Piazza Currò, 3, 95121 Catania CT, Italy;http://www.agorahostel.com/;https://www.instagram.com/putiaostellocatania_
Etnea Roof Bar & Restaurant;Catania, Italy;Via Etnea, 218, 95131 Catania CT, Italy;https://www.unaitalianhospitality.com/it/ristoranti/etnea-roof-bar-and-restaurant?cmp=gmb_etnea_roof_bar_restaurant%20_link;https://www.instagram.com/una_esperienze/
La Quartara;Catania, Italy;Piazza Ogninella, 10, 95131 Catania CT, Italy;http://laquartara.it/;https://www.instagram.com/laquartara/
Alè Ristorante Pizzeria;Catania, Italy;Via Santa Filomena, 41, 95129 Catania CT, Italy;https://ale-ristorante.it/;https://www.instagram.com/ale.ristorante
Trattoria Giglio Rosso;Catania, Italy;Via Sant'Anna, 19, 95124 Catania CT, Italy;https://trattoriagigliorossocatania.it/;https://www.instagram.com/trattoria_giglio_rosso_catania/
Antica Sicilia;Catania, Italy;Via Roccaforte, 15/17, 95124 Catania CT, Italy;http://www.ristoranteosteriaanticasicilia.it/;https://www.instagram.com/anticasiciliacatania/
Old Wild West;Catania, Italy;Via Gelso Bianco, 95121 Catania CT, Italy;https://www.oldwildwest.it/?utm_campaign=Brand-Schede_Google&utm_content=homepage&utm_medium=Organic&utm_source=Partoo;https://www.instagram.com/oldwildwest/
Cuore Fresco (Piazza Duomo);Catania, Italy;Via Erasmo Merletta, 13, 95129 Catania CT, Italy;http://www.cuorefresco.com/;https://www.instagram.com/cuorefrescopiazzaduomo/
Rocket Pizza & Cocktails – Pizza Restaurant & Cocktail Bar Catania Centro;Catania, Italy;Via Sant'Anna, 13/19, 95124 Catania CT, Italy;https://trattoriagigliorossocatania.it/;https://www.instagram.com/trattoria_giglio_rosso_catania/
Roadhouse Restaurant Catania C.C. Porte;Catania, Italy;Via Gelso Bianco, 92/Piano Terra, 95121 Catania CT, Italy;https://www.roadhouse.it/it/ristorante-roadhouse-catania;https://www.instagram.com/roadhouse_restaurant/
Poke House - Catania;Catania, Italy;Piazza Giovanni Verga, 21, 95129 Catania CT, Italy;https://poke-house.com/;https://www.instagram.com/pokehouse_official/
Epoca;Catania, Italy;Piazza Europa, 16, 95127 Catania CT, Italy;http://caffeepoca.com/;https://www.instagram.com/caffe_epoca/
Roadhouse Catania Centro Sicilia;Catania, Italy;SP54, 95045 Misterbianco CT, Italy;https://www.roadhouse.it/it/ristorante-roadhouse-catania-centro-sicilia;https://www.instagram.com/roadhouse_restaurant/
Old Wild West;Catania, Italy;SP54, 95045 Misterbianco CT, Italy;http://www.oldwildwest.it/code/20060/Catania-Centro-Sicilia;https://www.instagram.com/oldwildwest/
Poke House - Centro Sicilia;Catania, Italy;SP54, 95045 Misterbianco CT, Italy;https://poke-house.com/;https://www.instagram.com/pokehouse_official/
Al Cavalier Roxy;Catania, Italy;P.za Federico di Svevia, 51, 95121 Catania CT, Italy;http://www.cavaliereroxy.it/;https://www.instagram.com/cavaliereroxy/
First;Catania, Italy;Via Martinez, 13, 95131 Catania CT, Italy;https://linktr.ee/firstloungebar;https://www.instagram.com/first_food_and_more
Casbah del Moro;Catania, Italy;Via Luigi Capuana, 36, 95129 Catania CT, Italy;http://casbahdelmoro.it/;https://instagram.com/casbahdelmoro
Kalamarè Fish Tapas Restaurant;Catania, Italy;Vle Artale Alagona, 109, 95126 Catania CT, Italy;http://www.kalamarecatania.it/;https://www.instagram.com/kalamare_catania
Cascia;Catania, Italy;Via Giuseppe Garibaldi, 5, 95121 Catania CT, Italy;http://www.cascialab.org/;https://www.instagram.com/cascialab/
BIF - Steak house & hamburgheria;Catania, Italy;Via Spadaccini, 4, 95100 Catania CT, Italy;https://bifhamburger.it/;https://www.instagram.com/bifcatania/
U Sapuritu;Catania, Italy;Via Sant'Euplio, 20/22, 95124 Catania CT, Italy;https://usapuritu.it/;https://www.instagram.com/u_sapuritu/
Due Pistacchi Restaurant;Catania, Italy;Via Salvatore Tomaselli, 9, 95124 Catania CT, Italy;https://www.duepistacchirestaurant.it/;https://www.instagram.com/duepistacchirestaurant/
Fish and Drink | Seafood Restaurant;Catania, Italy;Piazza Giuseppe Mazzini, 15, 95124 Catania CT, Italy;https://www.fishanddrinkcatania.it/;https://www.instagram.com/fishanddrink_catania/
Cortile Siciliano - Cucina;Catania, Italy;Via Carlo Felice Gambino, 21, 95131 Catania CT, Italy;https://cortilesiciliano-cucina.com/;https://www.instagram.com/cortilesicilianocucina/
Verso Coffice Catania;Catania, Italy;Via Monserrato, 116, 95128 Catania CT, Italy;https://versocoffice.it/home/;https://www.instagram.com/versocoffice
Costa Caffè Catania;Catania, Italy;Via Pasubio, 6, 95129 Catania CT, Italy;http://www.costa-caffe.it/;https://www.instagram.com/costacaffeitalia/
Bar Pasticceria Spinella;Catania, Italy;Via Etnea, 292/298, 95131 Catania CT, Italy;https://www.spinellapasticceria.it/;https://www.instagram.com/pasticceriaspinella/
Bar Magrì;Catania, Italy;Viale Mario Rapisardi, 80, 95123 Catania CT, Italy;http://www.barmagri.it/;https://instagram.com/barmagri.catania
Agatha Cosy Bakery;Catania, Italy;P.zza Stesicoro, 13, 95124 Catania CT, Italy;https://agathacafe.it/;https://www.instagram.com/agathacafe_catania
Canusciuti Sicilian Cafe;Catania, Italy;Via della Lettera, 13, 95124 Catania CT, Italy;http://www.canusciuti.it/;http://www.instagram.com/canusciuti/
Prestipino Cafè C.so delle Province;Catania, Italy;Corso delle Province, 150, 95129 Catania CT, Italy;https://www.prestipinocafe.it/;https://instagram.com/prestipino_official/
Vinicolo Hub;Catania, Italy;Via del Colosseo, 8, 95131 Catania CT, Italy;https://www.alvicologroup.com/vinicolo-hub/;https://www.instagram.com/alvicolopizzaevino/
Chocofusion;Catania, Italy;Viale Vittorio Veneto, 52/D, 95127 Catania CT, Italy;https://chocofusion.eu/;https://www.instagram.com/chocofusion_ct/
PFood;Catania, Italy;Viale del Commercio, 95045 Misterbianco CT, Italy;https://www.perfectionvillage.it/;https://www.instagram.com/perfectionvillage
Ottagono 1983 - Mascalucia;Catania, Italy;Corso S. Vito, 71, 95030 Mascalucia CT, Italy;http://www.pasticceriaottagono.it/;https://www.instagram.com/ottagono_1983
Il Sale Art Cafe';Catania, Italy;Via Santa Filomena, 10, 95129 Catania CT, Italy;https://ilsale.info/;https://www.instagram.com/ilsaleart/
Bar Trento Catania;Catania, Italy;Piazza Trento, 7, 95128 Catania CT, Italy;http://bartrento.com/;https://www.instagram.com/bartrentocatania/
Fratelli Aiello Bar Pasticceria;Catania, Italy;Via V. Bellini, 126, 95056 Sant'Agata li Battiati CT, Italy;https://www.lapasticceriaaiello.com/;https://www.instagram.com/lapasticceriafratelliaiello/
Etna bar;Catania, Italy;Via Galermo, 338, 95123 Catania CT, Italy;https://etna-bar.shop/;https://www.instagram.com/caffeetna/
Tris Bar;Catania, Italy;Piazza Santa Maria della Guardia, 5, 95127 Catania CT, Italy;https://www.trisbar.it/;https://instagram.com/trisbar1966official
Sparkling Bar Contadi Castaldi;Catania, Italy;Via Fontanarossa, 20, 95121 Catania CT, Italy;https://www.chefexpress.it/insegna/sparkling-bar/;https://www.instagram.com/chefexpress4u/
Catania International Airport Hotel;Catania, Italy;Via S. Giuseppe Alla Rena, 94, 95121 Catania CT, Italy;https://www.cataniainternationalairporthotel.com/;https://www.instagram.com/ct_international_airport_hotel/
Romano Palace Luxury Hotel;Catania, Italy;Viale Presidente Kennedy, 28, 95121 Catania CT, Italy;http://www.romanopalace.it/;https://instagram.com/romanopalaceluxuryhotel
Duomo Suites & SPA;Catania, Italy;Via Giuseppe Garibaldi, 23, 95121 Catania CT, Italy;http://www.duomosuitesespa.it/;https://www.instagram.com/duomosuitescatania/
The Yard Hostel Catania;Catania, Italy;Viale XX Settembre, 11, 95128 Catania CT, Italy;https://www.theyardhostel.it/;https://instagram.com/theyardhostelcatania
Primo Hotel;Catania, Italy;Via Trovato, 36, 95121 Catania CT, Italy;https://www.primohotel.it/;https://www.instagram.com/primohotelcatania/
Hotel Il Gelso Bianco Misterbianco;Catania, Italy;Autostrada A19 CT PA Km. 3, 95045 Misterbianco CT, Italy;http://www.gelsobianco.it/;https://www.instagram.com/hotel_il_gelso_bianco/
Casa Sofia Catania;Catania, Italy;Via Giambattista Impallomeni, 10, 95123 Catania CT, Italy;http://www.casasofiacatania.it/;https://www.instagram.com/casasofiacatania/
Le Dune Sicily Hotel;Catania, Italy;Viale Presidente Kennedy, 10B, 95121 Catania CT, Italy;https://ledunesicilyhotel.it/;https://www.instagram.com/ledunesicily/
Sicilia's - Residence Hotel - Art & Spa;Catania, Italy;Via dei Tigli, 3, 95022 Aci Catena CT, Italy;https://www.siciliashotel.it/;https://www.instagram.com/siciliasresidencehotelartspa/
Palazzo Sangiorgio;Catania, Italy;Piazza Cardinale Pappalardo, 1, 95131 Catania CT, Italy;https://www.palazzosangiorgiocatania.it/;https://www.instagram.com/palazzosangiorgiocatania/
Hotel Villa Romeo;Catania, Italy;Via Platamone, 8, 95131 Catania CT, Italy;http://www.hotelvillaromeo.it/;https://www.instagram.com/hotelvillaromeo/
Beteyà Hostel Don Bosco;Catania, Italy;Viale Presidente Kennedy, 55, 95121 Catania CT, Italy;https://www.beteyahostel.com/;https://www.instagram.com/beteya_hostel_catania/
Casa Verdi - House of Travelers;Catania, Italy;Via Giuseppe Verdi, 67, 95131 Catania CT, Italy;http://www.casaverdicommunity.com/;https://www.instagram.com/casaverdi_catania/
Zoe Luxury Suites;Catania, Italy;C.so Sicilia, 48, 95131 Catania CT, Italy;https://www.zoeluxurysuites.it/;https://www.instagram.com/zoeluxurysuites/
Boutique rooms;Catania, Italy;Via Caff, 22, 95131 Catania CT, Italy;https://boutiquerooms.it/;https://www.instagram.com/boutiquerooms_catania
Toscano Palace Luxury Rooms Catania;Catania, Italy;P.zza Stesicoro, 38, 95131 Catania CT, Italy;http://www.toscanopalace.it/;https://www.instagram.com/toscanopalace/
Suite Inn Catania;Catania, Italy;Via Vittorio Emanuele II, 108, 95131 Catania CT, Italy;https://www.suiteinn.eu/;https://www.instagram.com/bbsuiteinn/
Suites&Rooms Piazza dei Martiri Catania;Catania, Italy;Via Vittorio Emanuele II, 8, 95131 Catania CT, Italy;https://www.suitesrooms.it/;https://www.instagram.com/bbsuitesroomspiazzadeimartiri
Hotel Nova Suite;Catania, Italy;Via Scuto Costarelli, 9, 95129 Catania CT, Italy;https://novasuites.it/;https://www.instagram.com/novasuitecatania/
Le Suites del Duomo Luxury;Catania, Italy;Via Raddusa, 19, 95131 Catania CT, Italy;https://lesuitesdelduomoluxury.it/;https://www.instagram.com/lesuitesdelduomo_luxury
Etna Suite;Catania, Italy;Via Etnea, 290, 95131 Catania CT, Italy;https://www.etnasuite.com/;https://www.instagram.com/etnasuite/
Hotel Valentino;Catania, Italy;Piazza Turi Ferro, 39, 95131 Catania CT, Italy;http://www.hotelvalentinocatania.com/;https://www.instagram.com/hotelvalentinocatania/
Street 54 - Trattoria Coppola;Catania, Italy;Via Pietro Antonio Coppola, 54, 95131 Catania CT, Italy;http://www.street54.it/;https://www.instagram.com/p/DDEwi9UopDi/
Achille;Catania, Italy;Via Plebiscito, 734, 95124 Catania CT, Italy;https://www.trattoriaachille.com/;https://www.instagram.com/trattoria_achille/
Ristorante Trattoria La terrazza del barone;Catania, Italy;Via Lago di Nicito, 3/5, 95124 Catania CT, Italy;https://www.laterrazzadelbarone.it/;https://www.instagram.com/la_terrazza_del_barone
Trattoria Da Nuccio;Catania, Italy;Via Penninello, 34, 95124 Catania CT, Italy;http://www.trattoriadanuccio.it/;https://www.instagram.com/trattoria_da_nuccio
mm!! Trattoria;Catania, Italy;Via Pardo, 34, 95121 Catania CT, Italy;https://www.mmtrattoria.it/;https://www.instagram.com/mmtrattoria/
TRATTORIA GIOVANNI VERGA;Catania, Italy;Piazza Giovanni Verga, 6/a, 95129 Catania CT, Italy;http://www.trattoriaverga.it/;https://www.instagram.com/trattoriavergact
Magna Roma;Catania, Italy;Via Martino Cilestri, 95, 95127 Catania CT, Italy;https://www.magnaromatrattoria.com/;https://www.instagram.com/magna.roma/
Trattoria Don Turiddu Da Gaetano;Catania, Italy;Via Musumeci, 50, 95131 Catania CT, Italy;https://www.trattoria-don-turiddu-da-gaetano.com/;https://www.instagram.com/tratdagaetanodon/
Buatta;Catania, Italy;Via Crociferi, 42/42A, 95124 Catania CT, Italy;http://www.buatta.it/;https://www.instagram.com/buattacatania/
Panda;Catania, Italy;Via Gemmellaro, 27, 95131 Catania CT, Italy;http://www.pandakoreano.com/;https://www.instagram.com/pandakoreanocatania/
docalquadrato;Catania, Italy;Via Gesualdo Clementi, 1, 95124 Catania CT, Italy;http://www.docalquadrato.it/;https://www.instagram.com/docalquadrato/
Andrew's Ristorante Pizzeria;Catania, Italy;Via S. Giovanni Li Cuti, 36/38, 95127 Catania CT, Italy;http://www.andrewsfaro.com/;https://www.instagram.com/andrewsristorantepizzeria/
Pizzeria That Pizza!;Catania, Italy;Via Padova, 108/110, 95127 Catania CT, Italy;http://www.chepizzact.com/;https://www.instagram.com/chepizzact/
Squib Pizzeria;Catania, Italy;Largo Paisiello, 9-12, 95124 Catania CT, Italy;http://www.squibpizza.it/;https://www.instagram.com/squibpizzaandmore/
Petrol Company Bar;Catania, Italy;SP701, 95121 Catania CT, Italy;https://www.trovato1929.it/;https://www.instagram.com/trovato1929/
Sazi e Sani - Catania;Catania, Italy;Via Sant'Euplio, 122, 95125 Catania CT, Italy;https://saziesani.it/;https://www.instagram.com/saziesani/
Pizzeria Officina51;Catania, Italy;Via Pietro Mascagni, 51, 95129 Catania CT, Italy;http://www.officina51.it/;https://www.instagram.com/officina51catania/
Pizzeria Deposito Bagagli - Pizzeria Catania Centro;Catania, Italy;Piazzetta Sebastiano Addamo, 4, 95124 Catania CT, Italy;https://pizzeriadepositobagagli.it/;https://www.instagram.com/deposito_bagagli_pizzeria_72h/
Sciara Pizzeria Vulcanica;Catania, Italy;Vle Artale Alagona, 27, 95126 Catania CT, Italy;http://www.pizzeriasciara.it/;https://www.instagram.com/macys/
Locanda Cerami;Catania, Italy;Via Crociferi, 69, 95124 Catania CT, Italy;https://www.locandaceramicatania.it/;https://www.instagram.com/locanda_cerami/
Ristorante Pizzeria Corte dei medici;Catania, Italy;Via Umberto I, 105, 95129 Catania CT, Italy;http://www.cortemedici.com/;https://www.instagram.com/cortedeimedici/
Pizzeria Ai Cessi;Catania, Italy;Via Francesco Crispi, 23, 95021 Aci Castello CT, Italy;https://www.aicessi.it/;https://www.instagram.com/aicessipizzeria/
Masaniello - Tradizioni Napoletane - Ristorante Pizzeria Catania;Catania, Italy;Via Pietro Antonio Coppola, 62, 95131 Catania CT, Italy;https://www.masanielloristorantepizzeriacatania.it/Home;https://www.instagram.com/marcoconcyaquilano
Pizzeria Gramsci;Catania, Italy;Via Antonio Gramsci, 89 A, 95030 Gravina di Catania CT, Italy;http://www.pizzeriagramsci.it/;https://www.instagram.com/pizzeriagramsci/
Rasoterra - Pizza Experience;Catania, Italy;Via Cardinale Dusmet, 21, 95121 Catania CT, Italy;http://rasoterrapizzeria.it/;https://www.instagram.com/rasoterra_pizzaexperience/
Sicilia Bedda;Catania, Italy;Via Giuseppe Garibaldi, 98, 95121 Catania CT, Italy;https://www.pizzeriasiciliabedda.it/;https://www.instagram.com/explore/locations/312351767/
5 Panetti pizzeria da asporto;Catania, Italy;Via Milano, 59, 95123 Catania CT, Italy;http://5panetti.it/;https://www.instagram.com/5panetti/
Al Grill;Venice, Italy;Per S. Marco, 1659B, 30124 Venezia VE, Italy;https://www.algrillsteakhouse.com/;https://www.instagram.com/algrillvenezia
Dal Moro's Venice | Fresh Pasta Restaurant;Venice, Italy;Rugagiuffa, 4864, 30122 Venezia VE, Italy;https://www.dalmoros.it/fresh-pasta-restaurant;https://www.instagram.com/dalmoros
FLUFFY BRUNCH;Venice, Italy;C. del Cappeller, 1586, 30125 Venezia VE, Italy;http://www.fluffy-brunch.com/;https://www.instagram.com/fluffy_brunch/
Oficina Ormesini;Venice, Italy;Cannaregio, 2689, 30135 Venezia VE, Italy;https://www.oficinaormesini.com/;https://www.instagram.com/
La Lista Venezia;Venice, Italy;Rio Terà Lista di Spagna, 225/A, 30121 Venezia VE, Italy;https://www.lalistaristoranti.it/;https://www.instagram.com/lalista_venezia_mestre/
Moro Restaurant Venice;Venice, Italy;Per S. Marco, 2855, 30124 Venezia VE, Italy;https://www.morovenezia.it/;https://www.instagram.com/morovenice/
Restaurant Gheni;Venice, Italy;Fondamenta Savorgnan, 535, 30121 Venezia VE, Italy;https://ghenirestaurant.it/;https://www.instagram.com/ghenirestaurant/
Panini e Vini da Babbo;Venice, Italy;Sestiere Dorsoduro, 3059, 30123 Venezia VE, Italy;https://www.paninievinidababbo.com/index-en.html;https://www.instagram.com/paninievinidababbo/
Trattoria DiGiorgio;Venice, Italy;Fondamenta S. Lorenzo, 4987, 30122 Venezia VE, Italy;https://www.trattoriaaigrecidagiorgio.it/;https://www.instagram.com/trattoria.ai.greci.da.giorgio/
Restaurant La caravella;Venice, Italy;Calle Larga XXII Marzo, 2399, 30124 Venezia VE, Italy;https://www.restaurantlacaravella.com/;https://www.instagram.com/la_caravella1963/
Impronta Restaurant Venice;Venice, Italy;Sestiere Dorsoduro, 3815, 30123 Venezia VE, Italy;https://www.improntavenezia.com/;https://www.instagram.com/improntavenezia
Beccafico Guna Restaurant;Venice, Italy;Campo Santo Stefano, 2801, 30124 Venezia VE, Italy;http://gunarestaurant.it/;https://www.instagram.com/guna.restaurant/
La Piazza Zone;Venice, Italy;P.za San Marco, 215, 30124 Venezia VE, Italy;https://lapiazza.com/zone;https://instagram.com/lapiazzazone
Gio's;Venice, Italy;P.za San Marco, 2159, 30124 Venezia VE, Italy;https://giosrestaurantvenice.com/;https://www.instagram.com/stregisvenice/
"Ristorante ""Al Cavaliere"" Lido, Venezia";Venice, Italy;Granviale Santa Maria Elisabetta, 57/A, 30126 Lido VE, Italy;https://alcavalierevenezia.com/en;https://www.instagram.com/alcavaliere_ristorante
Taverna La Fenice;Venice, Italy;Campiello Marinoni o de la Fenice, 1939, 30124 Venezia VE, Italy;https://ristorantelafenice.it/;https://www.instagram.com/tavernalafenice/
Algiubagio Restaurant;Venice, Italy;Fondamente Nove, 5039, 30121 Venezia VE, Italy;http://www.algiubagio.net/;https://www.instagram.com/algiubagio.venice/
Top of the Carlton;Venice, Italy;Fondamenta del Monastero, 578, 30135 Venezia VE, Italy;http://www.carltongrandcanal.com/it/ristoranti/top-of-the-carlton-sky-lounge-restaurant/;https://www.instagram.com/hotelcarltonvenice/
Aquila Restaurant - Wine Bar;Venice, Italy;Rio Terà Lista di Spagna, 160/A, 30121 Venezia VE, Italy;http://ristoranteaquila.it/;https://www.instagram.com/aquila.venezia/
Le Specialità;Venice, Italy;San Clemente Palace Venice San Clemente Island, isola San clemente, 1/1, 30124 Venezia VE, Italy;https://www.sanclementepalace.it/dining/le-specialita;https://www.instagram.com/sanclementepalace_venice/
Al Fontego Bar & Restaurant;Venice, Italy;Campo Santa Margherita, 3426, 30123 Venezia VE, Italy;https://www.inforistorantealfontego.it/;https://instagram.com/al_fontego_cucina_greca
1000 Coffee & Bakery;Venice, Italy;Cannaregio, 30121 Venice, Metropolitan City of Venice, Italy;http://www.gruppo1000.com/;https://www.instagram.com/1000gourmet/
Brunch Cafe;Venice, Italy;Calle de la Madoneta, 1457, 30125 Venezia VE, Italy;https://www.brunchcafevenezia.com/;https://www.instagram.com/brunchcafe_venezia/
Soul Kitchen Café;Venice, Italy;Viale Stazione, 38, 30171 Venezia VE, Italy;http://www.soulkitchencafe.com/;https://www.instagram.com/soulkitchenvenice/
Farini;Venice, Italy;Calle Seconda de la Fava, 5602, 30122 Venezia VE, Italy;https://farini.com/;https://www.instagram.com/farinibakery/
Caffè Gelateria Al Todaro Dal 1948;Venice, Italy;P.za San Marco, 3, 30124 Venezia VE, Italy;http://al-todaro.it/;https://www.instagram.com/altodarovenice/
Farini;Venice, Italy;Ruga Rialto, 655, 30125 Venezia VE, Italy;https://farini.com/;https://www.instagram.com/farinibakery/
Farini;Venice, Italy;Campiello Riccardo Selvatico, 5659, 30121 Venezia VE, Italy;https://farini.com/;https://www.instagram.com/farinibakery/
Ristorante Caffè Saraceno;Venice, Italy;S. Polo, 726, 30125 Venezia VE, Italy;https://www.ristorantecaffesaraceno.com/;https://www.instagram.com/ristorante_caffe_saraceno/
Farini;Venice, Italy;Ruga dei Speziali, 379, 30122 Venezia VE, Italy;https://farini.com/;https://www.instagram.com/farinibakery/
Hard Rock Cafe;Venice, Italy;Bacino Orseolo , San Marco 1192, 30124 Venezia VE, Italy;https://cafe.hardrock.com/venice/;https://www.instagram.com/hardrockcafe/
Cafe and Bar San Giorgio;Venice, Italy;San Giorgio Maggiore, 3, 30124 Venezia VE, Italy;http://www.sangiorgio.cafe/;https://www.instagram.com/sangiorgio.cafe/
Olimpia Bar;Venice, Italy;Rio Terà Lista di Spagna, 116, 30121 Venezia VE, Italy;http://barolimpiacaffe.it/;https://www.instagram.com/barolimpiavenezia
Caffè Quadri;Venice, Italy;P.za San Marco, 121, 30124 Venezia VE, Italy;http://www.alajmo.it/grancaffe-quadri;https://www.instagram.com/alajmo/
Al Theatro;Venice, Italy;Campo S. Fantin, 1916, 30124 Venezia VE, Italy;https://www.altheatro.it/;https://www.instagram.com/ristorantetheatro/
Ombra del Leone;Venice, Italy;Sestiere San Marco 1364, 30124 Venezia VE, Italy;https://www.ombradelleone.com/;http://www.instagram.com/ombradelleoneristorante
Chef Express;Venice, Italy;Piazzale Pietro Favretti, 1, 30170 Venezia VE, Italy;http://www.chefexpress.it/;https://www.instagram.com/chefexpress4u/
Hard Rock Cafe Rock Shop;Venice, Italy;Salizzada Pio X, 30124 Venezia VE, Italy;https://cafe.hardrock.com/;https://www.instagram.com/hardrockcafe/
Ristorante Brunch Republic Mestre;Venice, Italy;Viale Giuseppe Garibaldi, 7D, 30173 Venezia VE, Italy;http://www.brunchrepublic.com/;https://www.instagram.com/brunch_republic/
Adagio;Venice, Italy;Calle Stretta Lipoli, 3027, 30125 Venezia VE, Italy;https://adagiocaffe.it/;https://www.instagram.com/adagio_caffeandwinebar/
Skillà Bar;Venice, Italy;Campo Santa Margherita, 2996, 30123 Venezia VE, Italy;https://skillabar.wixsite.com/home;https://www.instagram.com/skilla_bar/
Harry's Bar;Venice, Italy;Calle Vallaresso, 1323, 30124 Venezia VE, Italy;https://www.cipriani.com/harrys-bar?utm_source=gbp&utm_medium=organic&utm_campaign=gbp-harrys-bar;https://www.instagram.com/cipriani/
Alchemia Bar;Venice, Italy;Riva Ca' di Dio, 2181, 30122 Venezia VE, Italy;https://vretreats.com/ca-di-dio/ristoranti-bar/;https://www.instagram.com/vretreats/
Tango Bar Venezia;Venice, Italy;Fondamenta Pigan, 283, 30135 Venezia VE, Italy;https://www.chioscotangojesolo.it/;https://www.instagram.com/chioscotangojesolo/
Wine Bar 5000;Venice, Italy;Fondamenta S. Severo, 5000, 30122 Venezia VE, Italy;https://winebar5000.it/;https://www.instagram.com/lunasentada/
Hotel Plaza Venice;Venice, Italy;Viale Stazione, 36, 30171 Venezia VE, Italy;https://www.hotelplazavenice.com/?utm_source=google&utm_medium=organic&utm_campaign=GoogleMyBusiness;https://www.instagram.com/hotelplazavenice/
MEININGER Venezia Mestre;Venice, Italy;Via Ca' Marcello, 8C, 30172 Venezia VE, Italy;https://www.meininger-hotels.com/en/hotels/venice/hotel-venice-mestre/?utm_source=gmb&utm_medium=referral&utm_campaign=VEN-VM&utm_content=website;https://www.instagram.com/meininger_hotels
Novotel Venezia Mestre Castellana;Venice, Italy;Via Alfredo Ceccherini, 21, 30174 Venezia VE, Italy;https://all.accor.com/lien_externe.svlt?goto=fiche_hotel&code_hotel=3307&merchantid=seo-maps-IT-3307&sourceid=aw-cen&utm_medium=seo%20maps&utm_source=google%20Maps&utm_campaign=seo%20maps;https://www.instagram.com/all.accor
Anda Venice Hostel;Venice, Italy;Via Ortigara, 10, 30171 Venezia VE, Italy;https://www.andavenice.com/?utm_source=google&utm_medium=organic&utm_campaign=GoogleMyBusiness;https://www.instagram.com/andavenice/
Hotel Principe;Venice, Italy;Rio Terà Lista di Spagna, 146, 30121 Venezia VE, Italy;https://www.hotelprincipevenice.it/;https://www.instagram.com/ghotelprincipe
Hotel Lugano Torretta;Venice, Italy;Via Giorgio Rizzardi, 11, 30175 Venezia VE, Italy;https://www.hotellugano.it/;https://www.instagram.com/hotelluganotorrettavenezia/
Hotel Residence Elite;Venice, Italy;V. Forte Marghera, 119, 30173 Venezia VE, Italy;https://www.elitehotel.it/?utm_source=google&utm_medium=organic&utm_campaign=GoogleMyBusiness;https://www.instagram.com/elitehotelresidence_venice/
Hotel Rivamare;Venice, Italy;Lungomare Guglielmo Marconi, 44, 30126 Venezia VE, Italy;http://www.hotelrivamare.com/?utm_source=google&utm_medium=organic&utm_campaign=GoogleMyBusiness;https://www.instagram.com/explore/locations/321308797/hotel-rivamare-venezia-lido
Hotel Monaco & Grand Canal;Venice, Italy;P.za San Marco, 1332/1238, 30100 Venezia VE, Italy;https://www.hotelmonaco.it/;https://www.instagram.com/hotelmonacograndcanal/
Hotel Alverì Mestre-Venezia;Venice, Italy;Via Giuseppe Paganello, 18, 30170 Venezia VE, Italy;https://www.hotelalveri.it/;https://www.instagram.com/hotelalveri/
Ca 'San Polo;Venice, Italy;Calle de la Malvasia, 2696, 30121 San Polo, Venezia VE, Italy;http://www.casanpolo.it/;https://www.instagram.com/ca_sanpolo_venezia/
Leonardo Royal Hotel Venice Mestre;Venice, Italy;Via Ca' Marcello, 6, 30172 Venezia VE, Italy;https://www.leonardo-hotels.it/venice/leonardo-royal-hotel-venice-mestre?utm_source=gmb&utm_medium=link_site_gmb&utm_campaign=leonardo-royal-hotel-venice-mestre;https://www.instagram.com/leonardohotels/
Hotel Venice Resort;Venice, Italy;Via Triestina, 153, 30173 Venezia VE, Italy;http://www.hotelveniceresort.com/;https://www.instagram.com/hotelveniceresortairport/
Hotel Carlton on the Grand Canal;Venice, Italy;Fondamenta del Monastero, 578, 30135 Venezia VE, Italy;http://www.carltongrandcanal.com/;https://www.instagram.com/hotelcarltonvenice/
Russo Palace Hotel;Venice, Italy;Riviera S. Nicolò, 11A, 30126 Venezia VE, Italy;https://www.russopalacehotel.com/it/hotel;https://www.instagram.com/russopalacehotel/
Best Western Hotel Tritone;Venice, Italy;Viale Stazione, 16, 30171 Venezia VE, Italy;https://www.hoteltritonevenice.com/?utm_source=google&utm_medium=organic&utm_campaign=gbp-tritone;https://www.instagram.com/hoteltritonevenice
HOTEL ALEXANDER;Venice, Italy;V. Forte Marghera, 193/c, 30173 Venezia VE, Italy;https://www.hotelalexander.com/;https://www.instagram.com/hotelalexandervenezia/
Hotel Adua;Venice, Italy;Cannaregio, 233, 30121 Venezia VE, Italy;https://www.aduahotel.com/;https://www.instagram.com/gregorihotels/
Smart Hotel Holiday Venice;Venice, Italy;Via dell'Essiccatoio, 38, 30173 Venezia VE, Italy;https://www.hotelholidayvenice.com/?utm_source=google&utm_medium=organic&utm_campaign=GoogleMyBusiness;https://www.instagram.com/smart_hotel_holiday_venice/
Venezia 2000;Venice, Italy;Lungomare Gabriele D' Annunzio, 2, 30126 Lido VE, Italy;https://thecaesarhotels.com/venezia-2000/;https://www.instagram.com/thecaesarhotels/
Hotel President Venezia;Venice, Italy;V. Forte Marghera, 99A, 30173 Venezia VE, Italy;https://www.hotelpresidentvenezia.it/;https://www.instagram.com/hotelpresidentvenezia/
Aman Venice;Venice, Italy;Palazzo Papadopoli, Calle Tiepolo, 1364, 30215 Venezia VE, Italy;https://www.aman.com/hotels/aman-venice?utm_source=Google&utm_medium=Yext&y_source=1_MTU3MDc2OTUtNzE1LWxvY2F0aW9uLndlYnNpdGU%3D;https://www.instagram.com/aman/
Canal Grande Hotel;Venice, Italy;Campiello S. Simeone Grande, 932, 30135 Venezia VE, Italy;https://www.hotelcanalgrande.it/?utm_source=google&utm_medium=organic&utm_campaign=GoogleMyBusiness;https://www.instagram.com/hotelcanalgrande/
Hotel Ariston;Venice, Italy;Via Guido Bergamo, 12, 30174 Venezia VE, Italy;https://www.hotelaristonvenice.com/;https://www.instagram.com/hotel.ariston.venice/
Hotel Paganelli;Venice, Italy;Riva degli Schiavoni, 4182, 30122 Venezia VE, Italy;https://www.hotelpaganelli.com/?utm_source=google&utm_medium=organic&utm_campaign=GoogleMyBusiness;https://www.instagram.com/hotelpaganelli_venezia/
Trattoria La Colomba - Ristorante storico d’italia storico d’arte;Venice, Italy;Piscina de Frezzaria, 1665, 30124 Venezia VE, Italy;http://lacolombavenezia.it/;https://www.instagram.com/lacolomba1929/
Trattoria Rialto Novo;Venice, Italy;S. Polo, 518, 30125 Venezia VE, Italy;http://www.trattoriarialtonovo.com/;https://www.instagram.com/rialtonovo/
Trattoria da Rino;Venice, Italy;Sotoportego Falier, 5642, 30121 Venezia VE, Italy;http://www.trattoriadarino.it/;https://www.instagram.com/trattoria.da.rino
Trattoria Povoledo Venezia;Venice, Italy;Fondamenta Cannaregio, 122/q, 30121 Venezia VE, Italy;http://www.trattoriapovoledo.com/;https://www.instagram.com/trattoriapovoledo/
Trattoria Dai Fioi;Venice, Italy;Calle Seco Marina, 985, 30122 Venezia VE, Italy;https://trattoriadaifioi.com/;https://www.instagram.com/daifioi/
Trattoria Dona Onesta;Venice, Italy;Sestiere Dorsoduro, 3922, 30123 Venezia VE, Italy;https://trattoriadonaonesta.wixsite.com/website;https://www.instagram.com/trattoriadonaonesta/
Trattoria Alla Scala;Venice, Italy;Corte Lucatello, 571, 30124 Venezia VE, Italy;https://www.trattoriaallascala.it/;https://www.instagram.com/allascala/
Trattoria Al Vecio Portal Laguna e Oltre;Venice, Italy;Riva degli Schiavoni, 3990, 30122 Venezia VE, Italy;http://www.alvecioportal.it/;https://www.instagram.com/al_vecio_portal_venezia/
Antica Trattoria Muranese;Venice, Italy;Fondamenta Rivalonga, 20, 30141 Venezia VE, Italy;https://trattoriaanticamurano.com/;https://www.instagram.com/anticatrattoriamuranese/
Trattoria da Bruno;Venice, Italy;C. del Paradiso, 5731, 30122 Venezia VE, Italy;https://www.trattoriadabruno.com/;https://www.instagram.com/dabrunovenezia/
Osteria Ai Dogi Venezia;Venice, Italy;Calle Prima de la Donzella, 276, 30125 Venezia VE, Italy;https://sites.google.com/view/osteria-ai-dogi/home;http://www.google.com/url
Osteria del Lovo;Venice, Italy;San Marco, Calle del Lovo, 4759, 30124 Venezia VE, Italy;http://www.osteriadellovo.it/;https://www.instagram.com/osteriadellovovenezia
Osteria Da Bubi;Venice, Italy;Sestiere di Castello, 5306, 30122 Venezia VE, Italy;http://www.dabubi.it/;https://www.instagram.com/osteriadabubi/
Osteria Ai Do Gobbi;Venice, Italy;Calle Crosera, 3958, 30122 Venezia VE, Italy;https://www.osteriaaidogobbi.com/home;https://www.instagram.com/osteriaaidogobbi_venezia/
La Lanterna Da Gas;Venice, Italy;Campiello Mosca, 22, 30135 Venezia VE, Italy;https://www.lalanternavenezia.com/;https://www.instagram.com/osteriaallalanterna.venezia/
Ostaria Antico Dolo;Venice, Italy;Ruga Rialto, 778, 30175 Venezia VE, Italy;http://www.anticodolo.it/;https://www.instagram.com/anticodolove/
Osteria Enoteca San Marco;Venice, Italy;Calle Frezzaria, 1610, 30124 Venezia VE, Italy;http://www.osteriasanmarco.it/;https://www.instagram.com/osteria.sanmarco/
Osteria Da Carla;Venice, Italy;Corte Contarina, 1535, 30124 Venezia VE, Italy;http://www.osteriadacarla.it/;https://www.instagram.com/osteria_da_carla_venezia/
SEPA;Venice, Italy;Calle de la Bissa, 5482, 30124 Venezia VE, Italy;https://sepavenezia.it/;https://www.instagram.com/sepa.venezia/
Osteria da Pampo;Venice, Italy;Calle Generale Chinotto, 24, 30132 Venezia VE, Italy;http://www.osteriadapampo.com/;https://www.instagram.com/osteriadapampo/
Al Vecio Forno;Venice, Italy;Sestiere Dorsoduro, 3924/3925, 30124 Venezia VE, Italy;https://osteria-vecio-forno.eatbu.com/?lang=it;https://www.instagram.com/alvecioforno.venezia/
Da Michele;Venice, Italy;Via Cappuccina, 177, 30172 Venezia VE, Italy;https://www.pizzeriadamichele.it/;https://www.instagram.com/pizzeriadamichelevenezia
Pizzeria Ristorante Al Vaporetto;Venice, Italy;Fondamenta Narisi, 3726, 30124 Venezia VE, Italy;https://trattoriavaporettovenezia.com/;https://www.instagram.com/alvaporettovenezia
Restorante Pizzería Antico Panificio;Venice, Italy;Campiello del Sol, 945, 30125 Venezia VE, Italy;http://www.anticopanificiovenezia.it/;http://instagram.com/
Ristorante Centrale Pizzeria;Venice, Italy;C. Specchieri, 425, 30124 Venezia VE, Italy;http://www.centralevenice.com/;https://www.instagram.com/ristorantecentrale_venice/
Osteria Pizzeria Due Colonne;Venice, Italy;Sestiere San Polo, 2343/2343, 30125 Venezia VE, Italy;https://ristorante-pizzeria-due-colonne.eatbu.com/?lang=it;https://www.instagram.com/ristorante.pizzeria.duecolonne/
Malibran Restaurant & Pizzeria;Venice, Italy;Cannaregio, 5886, 30121 Venezia VE, Italy;https://www.hotelmalibran.com/restaurant/?lang=it;https://www.instagram.com/hotel_malibran_venezia/
6342 A Le Tole Spaghetteria Pizzeria;Venice, Italy;Barbaria de le Tole, 6342, 30122 Venezia VE, Italy;http://www.6342aletole.it/;https://www.instagram.com/spaghetteria6342aletole/
Re Teodorico;Verona, Italy;Piazzale Castel S. Pietro, 1, 37121 Verona VR, Italy;http://www.reteodorico.com/;https://www.instagram.com/re_teodorico_vr/
Osteria Il Bertoldo;Verona, Italy;Vicolo Cadrega, 2a, 37121 Verona VR, Italy;http://www.osteriabertoldo.com/;https://www.instagram.com/osteriailbertoldo_verona/
Il Punto Rosa;Verona, Italy;Via Fratta, 12/A, 37121 Verona VR, Italy;https://www.ristoranti3veneti.it/it/hosteria-il-punto-rosa-piatti-tipici-veronesi;https://www.instagram.com/hosteriapuntorosa/
La Prosciutteria Verona;Verona, Italy;Piazza Erbe, 31, 37121 Verona VR, Italy;https://www.laprosciutteria.com/ristorante-verona/;https://www.instagram.com/laprosciutteriaverona/
Pepperone Restaurant & Sports Cafè;Verona, Italy;Via Federico Garofoli, 315, 37057 San Giovanni Lupatoto VR, Italy;https://www.pepperone.com/;https://www.instagram.com/pepperoneverona/
OAKBERRY AÇAÍ - Verona;Verona, Italy;Via Noris Enrico, 4, 37121 Verona VR, Italy;http://www.oakberry.com/;https://www.instagram.com/oakberryusa/
Magi BBQ （Asian Fusion Barbecue Restaurant）麻吉烤肉;Verona, Italy;Via Basso Acquar, 53, 37135 Verona VR, Italy;http://www.magibbq.com/;https://www.instagram.com/bbqmagi/
Locanda degli Scaligeri;Verona, Italy;Via Marcantonio Bentegodi, 7, 37122 Verona VR, Italy;https://www.ristoranti3veneti.it/it/ristorante-arena-di-verona-locanda-degli-scaligeri;https://www.instagram.com/locandadegliscaligeri/
Emanuel Cafe';Verona, Italy;P.za Bra, 6/A, 37121 Verona VR, Italy;https://www.emanuelcafeverona.com/;https://www.instagram.com/emanuelcafeverona/
miscusi | pasta fresca - Verona;Verona, Italy;Corso Porta Nuova, 9, 37122 Verona VR, Italy;https://miscusi.com/?utm_source=google&utm_medium=googlemaps&utm_campaign=linkgmb&utm_content=I008;https://www.instagram.com/miscusi.family
Antica Bottega del Vino;Verona, Italy;Vicolo Scudo di Francia, 3, 37121 Verona VR, Italy;http://www.bottegavini.it/;https://www.instagram.com/anticabottegadelvino
Caffè Monte Baldo - Osteria tipica e Ristorante;Verona, Italy;Via Rosa, 12, 37121 Verona VR, Italy;https://www.osteriamontebaldo.com/;https://www.instagram.com/caffemontebaldo/
EQ restaurant;Verona, Italy;Via XX Settembre, 48, 37036 San Martino Buon Albergo VR, Italy;https://eqrestaurantexperience.eatbu.com/;https://www.instagram.com/eq_restaurant
Peperino Verona;Verona, Italy;Piazzetta Municipio, 10, 37121 Verona VR, Italy;http://www.peperinopizza.it/it/verona;https://www.instagram.com/peperino.pizza
Piper Verona - Panoramic Restaurant & Club;Verona, Italy;Via Torricelle, 7A, 37128 Verona VR, Italy;https://www.piperverona.it/;https://www.instagram.com/piper_verona/
Bistrot Porta Nuova;Verona, Italy;Piazzale XXV Aprile, 37138 Verona VR, Italy;https://www.autogrill.it/;https://www.instagram.com/autogrill/
Yard Restaurant;Verona, Italy;Corso Cavour, 17a, 37121 Verona VR, Italy;https://www.yardrestaurant.it/;https://www.instagram.com/yard_restaurant/
Terrazza Arena Sky Lounge Bar & Restaurant;Verona, Italy;Via Tre Marchetti, 11, 37121 Verona VR, Italy;https://www.terrazzaarena.it/;https://www.instagram.com/hotelmilanoverona/
Trattoria Caprese;Verona, Italy;Galleria Pellicciai, 18, 37121 Verona VR, Italy;http://www.trattoriacaprese.it/;https://www.instagram.com/trattoriacapreseofficial/
da Pino;Verona, Italy;P.za Bra, 20, 37121 Verona VR, Italy;https://www.dapino.it/;https://www.instagram.com/dapino.it/
Flower Burger;Verona, Italy;Corso Porta Nuova, 87, 37122 Verona VR, Italy;https://www.flowerburger.it/;https://www.instagram.com/flower_burger
Hellas Restaurant;Verona, Italy;Piazzale Olimpia, 40, 37138 Verona VR, Italy;http://ristorante-hellas5.it/;https://www.instagram.com/ristoranteolimpiahellasc5
L'antica Pizzeria Da Michele;Verona, Italy;Stradone Porta Palio, 20, 37122 Verona VR, Italy;https://www.damicheleverona.com/;https://www.instagram.com/pizzeriadamicheleverona/
Poke House - Verona;Verona, Italy;Largo Guido Gonella, 1, 37121 Verona VR, Italy;https://poke-house.com/;https://www.instagram.com/pokehouse_official/
San Mattia - Osteria & Pizzeria;Verona, Italy;Viale dei Colli, 43, 37127 Verona VR, Italy;https://sanmattia.eu/;https://www.instagram.com/osteria_pizzeria_sanmattia/
Ristorante Sant'Eufemia;Verona, Italy;Via Francesco Emilei, 21B, 37121 Verona VR, Italy;https://www.ristorantesanteufemia.verona.it/;https://www.google.com/url
Trattoria Fluviale Vecio Mulin;Verona, Italy;Via Sottoriva, 42/A, 37121 Verona VR, Italy;https://veciomulin.com/;https://www.instagram.com/veciomulinverona/
Panbolla Verona - Panini Gourmet;Verona, Italy;c/o Centro Commerciale ADIGEO, Viale delle Nazioni, 1, 37135 Verona VR, Italy;https://www.panbolla.it/?utm_source=GMBVERONA&utm_medium=ORGANICGMBVERONA&utm_campaign=GMBVERONATOPANBOLLA&utm_id=GOOGLEMYBUSINESSTOSITE;https://www.instagram.com/panbolla/
QuintoQuarto | Wine Restaurant Valpolicella;Verona, Italy;Via della Contea, 17, 37029 Pedemonte VR, Italy;https://quintoquartorestaurant.it/;https://www.instagram.com/quintoquarto_wine_restaurant/
Mitiko - Ristorante sportivo, Pizzeria e Burger;Verona, Italy;Via Monte Bianco, 16 a, 37132 Verona VR, Italy;https://www.mitikopizzaburger.com/;https://www.instagram.com/mitiko_ristorantepizzeria/
Nizza Café;Verona, Italy;Via Nizza, 16, 37121 Verona VR, Italy;https://www.nizzacafe.it/index.html;https://www.instagram.com/nizza_cafe_verona
Elk Bakery;Verona, Italy;Via IV Novembre, 1A, 37126 Verona VR, Italy;http://www.elkbakery.com/;https://www.instagram.com/elk.bakery/
Café Martél;Verona, Italy;Via Anfiteatro, 12, 37121 Verona VR, Italy;https://cafemartel.com/;https://www.instagram.com/cafe.martel/
BASƎ - Verona by Garage Coffee Bros.;Verona, Italy;Vicolo San Silvestro, 29, 37122 Verona VR, Italy;https://garagecoffeebros.com/pages/caffe-specialty-base-verona;https://www.instagram.com/garagecoffeebros/
Caffè Barbarani;Verona, Italy;Piazza Erbe, 14/A, 37121 Verona VR, Italy;https://www.caffe-barbarani.it/;https://www.instagram.com/caffebarbarani/
Ammazza Caffé - Craft Tonics & Specialty Coffee;Verona, Italy;Vicolo Volto Cittadella, 12/A, 37122 Verona VR, Italy;https://linktr.ee/ammazza_caffe;https://www.instagram.com/ammazza_caffe_verona/
Caffè Coloniale;Verona, Italy;Piazza Francesco Viviani, 14 C, 37121 Verona VR, Italy;http://www.caffecoloniale.it/;https://www.instagram.com/caffecoloniale_verona/
Brisighella Bakery Cafè San Giovanni Lupatoto;Verona, Italy;Via Dott. F. Garofoli, 205, 37057 San Giovanni Lupatoto VR, Italy;http://www.brisighellabakerycafe.it/;https://www.instagram.com/brisighellabakerycafe/
Ongarine;Verona, Italy;Via XI Febbraio, 10, 37125 Verona VR, Italy;https://linktr.ee/ongarinecaffe?fbclid=PAZXh0bgNhZW0CMTEAAaYFloiY4KbIhkXHuqgAwcIuwsmnryxGsUHrerudV4VX2SkULk6e2haUZXw_aem_rHbPznJgQNnbQVg6AghJyg;https://www.instagram.com/ongarine_
Tosca Cafe Verona;Verona, Italy;Via Ponte Nuovo, 8, 37121 Verona VR, Italy;http://www.toscabistrot.com/;https://www.instagram.com/toscabistrotverona/
Art Café LimeOlé House;Verona, Italy;Via Gaetano Trezza, 43/A, 37129 Verona VR, Italy;https://www.limeolehouse.com/;https://www.google.com/url
Boutiques Weine Wolf;Verona, Italy;Via S. Zeno in Oratorio, 1/3, 37123 Verona VR, Italy;https://www.weinewolf.it/it/;https://instagram.com/weinewolf/
Caffè degli Angeli;Verona, Italy;Via C. Battisti, 25, 37057 San Giovanni Lupatoto VR, Italy;http://www.caffedegliangeli.net/;https://www.instagram.com/caffedegliangeli_sgl
Primo Kilometro S.n.c.;Verona, Italy;Viale del Lavoro, 52, 37135 Verona VR, Italy;https://www.primokilometroverona.it/;https://www.instagram.com/primo_kilometro/
Tartine e cicchetti | Caffè Monte Baldo;Verona, Italy;Via Rosa, 12, 37121 Verona VR, Italy;https://cicchettiverona.it/;https://www.instagram.com/caffemontebaldo/
I Caprini Botega e Cusina;Verona, Italy;Via Madonnina, 11a, 37057 San Giovanni Lupatoto VR, Italy;http://www.icaprini.it/;https://www.instagram.com/icaprini/
wally's bar;Verona, Italy;Largo S. Nazaro, 37129 Verona VR, Italy;http://www.mirinello.it/wallys-bar-food/;https://www.instagram.com/mirinello_official/
AirportHotel Verona Congress & Relax;Verona, Italy;Via Monte Baldo, 2, 37062 Villafranca di Verona VR, Italy;https://www.airporthotelverona.it/;https://www.instagram.com/airporthotel/
Leonardo Hotel Verona;Verona, Italy;Via Enrico Fermi, 11 C, 37135 Verona VR, Italy;https://www.leonardo-hotels.it/verona/leonardo-hotel-verona?utm_source=gmb&utm_medium=link_site_gmb&utm_campaign=leonardo-hotel-verona;https://www.instagram.com/leonardohotels/
Best Western CTC Hotel Verona;Verona, Italy;Via Monte Pastello, 28, 37057 San Giovanni Lupatoto VR, Italy;https://www.ctchotelverona.com/?utm_source=GoogleMyBusiness&utm_medium=organic&utm_campaign=mybusiness;https://www.instagram.com/hotelctcverona/
Hotel West Point;Verona, Italy;Via Staffali, 2/A, 37062 Dossobuono VR, Italy;http://www.hotelwestpoint.it/;https://www.instagram.com/westpoint_airport_hotel/
Hotel Leon d'Oro;Verona, Italy;V.le del Piave, 5, 37135 Verona VR, Italy;http://www.hotelleondoroverona.com/;https://www.instagram.com/leondoroverona/
Hotel Leopardi;Verona, Italy;Via Giacomo Leopardi, 16, 37138 Verona VR, Italy;http://www.leopardi.vr.it/;https://www.instagram.com/hotelleopardiverona/
Crowne Plaza Verona - Fiera, an IHG Hotel;Verona, Italy;Via Belgio, 16, 37135 Verona VR, Italy;http://www.crowneplazaverona.com/;https://www.instagram.com/veronacrowneplaza/
DB Hotel Verona Airport Congress & SPA;Verona, Italy;Via Aeroporto, 20/C, 37067 Caselle VR, Italy;https://www.dbhotelverona.it/?utm_source=google&utm_medium=sito%20web&utm_campaign=googlemybusiness;https://www.instagram.com/dbhotelverona/
Star Hotel Airport Verona;Verona, Italy;"Via Monte Baldo, 12, 37069 Area ""ex Ferrari"" VR, Italy";http://www.starhotelairportverona.com/;http://www.instagram.com/starhotelairportverona/
Muraless Art Hotel, member of WorldHotels Crafted;Verona, Italy;Via Scuderlando, 122, 37060 Castel d'Azzano VR, Italy;http://www.muralessarthotel.com/;https://www.instagram.com/muraless_art_hotel/
Hotel Firenze;Verona, Italy;Corso Porta Nuova, 88, 37122 Verona VR, Italy;https://www.hotelfirenzeveronacentro.com/;https://www.instagram.com/hotelfirenzeverona/
Hotel San Marco Fitness Pool & SPA;Verona, Italy;Via Baldassarre Longhena, 42, 37138 Verona VR, Italy;http://www.sanmarco.vr.it/;https://www.instagram.com/hotelsanmarcovr/
Hotel Accademia;Verona, Italy;Via Scala, 12, 37121 Verona VR, Italy;https://www.hotelaccademiaverona.it/;https://www.instagram.com/accademiaverona/
SHG Hotel Verona;Verona, Italy;Via Unità d'Italia, 346, 37132 Verona VR, Italy;https://veronaest.cavallohotels.com/;https://www.instagram.com/cavallohotel_verona/
Hotel Brandoli;Verona, Italy;Via Antonio da Legnago, 11, 37141 Verona VR, Italy;http://www.hotelbrandoli.it/;https://www.instagram.com/explore/locations/44008006/hotel-brandoli-verona/
Hotel Veronesi La Torre;Verona, Italy;Via Monte Baldo, 22, 37062 Dossobuono VR, Italy;https://www.hotelveronesilatorre.it/;https://www.instagram.com/hotelveronesilatorre/
Vitti's Home Verona;Verona, Italy;Via Del Perlar, 35, 37135 Verona VR, Italy;http://www.vittishome.com/;https://www.instagram.com/vittishome_verona/
Vista Verona;Verona, Italy;Corticella Leoni, 3, 37121 Verona VR, Italy;https://verona.vistapalazzo.com/;https://www.instagram.com/vistaverona5l/
Hotel Due Torri;Verona, Italy;Piazza Sant'anastasia, 4, 37121 Verona VR, Italy;http://hotelduetorri.duetorrihotels.com/;https://www.instagram.com/HotelDueTorriVerona/
Verona - Hotel Giulietta E Romeo;Verona, Italy;Vicolo Tre Marchetti, 3, 37121 Verona VR, Italy;https://www.giuliettaeromeo.it/?utm_source=google_maps&utm_medium=organic&utm_campaign=mybusiness;https://www.instagram.com/hotel_gr_verona/
Hotel Milano & SPA;Verona, Italy;Via Tre Marchetti, 11, 37121 Verona VR, Italy;https://www.hotelmilanoverona.com/;https://www.instagram.com/hotelmilanoverona/
Hotel La Caporala;Verona, Italy;Via Gioacchino Rossini, 37060 Castel d'Azzano VR, Italy;http://www.lacaporala.com/;https://www.instagram.com/lacaporalahotel/
Hotel Marco Polo Verona;Verona, Italy;Via di Sant'Antonio, 21, 37122 Verona VR, Italy;https://hotelmarcopoloverona.it/;https://www.instagram.com/hotelmarcopoloverona/
Escalus Luxury Suites;Verona, Italy;Via Tre Marchetti, 12, 37121 Verona VR, Italy;http://www.escalusverona.com/;https://www.instagram.com/escalusluxury
HOTEL PEX VERONA;Verona, Italy;Via Evangelista Torricelli, 4, 37135 Verona VR, Italy;https://www.schiavonhotels.com/;https://www.instagram.com/schiavonhotels/
Best Western Hotel Armando;Verona, Italy;Via Dietro Pallone, 1, 37121 Verona VR, Italy;http://www.hotelarmando.it/;https://www.instagram.com/hotelarmandoverona/
Hotel Italia;Verona, Italy;Via Goffredo Mameli, 58/66, 37126 Verona VR, Italy;https://www.hotelitaliaverona.it/;https://www.instagram.com/hotelitaliaverona/
Trattoria Monsuà;Verona, Italy;Str. dell'Alpo, 99, 37136 Verona VR, Italy;https://www.trattoriamonsua.com/;https://www.instagram.com/trattoriamonsua/
Trattoria Pizzeria Impero Verona;Verona, Italy;P.za dei Signori, 8, 37121 Verona VR, Italy;http://www.pizzeriaimpero.it/;https://www.instagram.com/imperoverona/
Trattoria Verona | Corte Sconta;Verona, Italy;CXW2+H7H, C.so Milano, 144, 37138 Verona VR, Italy;https://trattoriaverona.it/;https://instagram.com/la_corte_sconta
Trattoria Ai Salvi;Verona, Italy;Via Lugagnano, 160, 37139 Verona VR, Italy;http://www.trattoriaaisalvi.it/;https://www.instagram.com/trattoria_ai_salvi/
Trattoria La Molinara;Verona, Italy;Piazzetta Ottolini, 4, 37121 Verona VR, Italy;https://trattoriamolinara.it/;https://www.instagram.com/trattoriamolinara/
Trattoria La Pineta;Verona, Italy;Via G. Camuzzoni, 1, 37138 Verona VR, Italy;https://www.tennispadelpineta.it/bar-ristorante/;https://www.instagram.com/tennispadelpineta_verona/
Trattoria ai Piloti;Verona, Italy;Piazza San Zeno, 22, 37123 Verona VR, Italy;https://www.trattoriaaipiloti.it/;https://www.instagram.com/aipiloti/
Trattoria al Pompiere;Verona, Italy;Vicolo Regina D'Ungheria, 5, 37121 Verona VR, Italy;http://www.alpompiere.com/;https://www.instagram.com/alpompiere
Trattoria Dal Taio;Verona, Italy;Via Fratelli Alessandri, 11, 37125 Verona VR, Italy;http://www.trattoriadaltaio.com/;https://www.instagram.com/trattoria_dal_taio/
Trattoria Pane e Vino;Verona, Italy;Via Giuseppe Garibaldi, 16/A, 37121 Verona VR, Italy;https://www.trattoriapanevino.it/;https://www.instagram.com/trattoriapanevino/
Trattoria Dalla Bruna;Verona, Italy;Via Goffredo Mameli, 166, 37124 Verona VR, Italy;http://www.trattoriadallabruna.com/;https://www.instagram.com/trattoriadallabruna/
Trattoria San Basilio alla pergola;Verona, Italy;Via Antonio Pisano, 9, 37131 Verona VR, Italy;http://www.trattoriasanbasilio.it/;https://www.instagram.com/sanbasilioverona/
Trattoria alla Colonna;Verona, Italy;Largo Pescheria Vecchia, 4, 37121 Verona VR, Italy;https://trattoriaallacolonna.it/;https://www.instagram.com/trattoria_alla_colonna/
Trattoria Da Fiore;Verona, Italy;Via Roveggia, 58, 37135 Verona VR, Italy;http://www.trattoriadafiore.it/;https://www.instagram.com/trattoriadafioreverona/
Hostaria Vecchia Fontanina;Verona, Italy;Piazzetta Chiavica, 5, 37121 Verona VR, Italy;https://www.hostarialavecchiafontanina.com/;https://www.instagram.com/hostarialavecchiafontanina/
Tre Marchetti Trattoria;Verona, Italy;Via Tre Marchetti, 19, 37121 Verona VR, Italy;http://www.tremarchetti.com/;https://www.instagram.com/tre_marchetti/
Il Bacaro dell'Arena Trattoria Pizzeria;Verona, Italy;Via Tre Marchetti, 1/B, 37121 Verona VR, Italy;http://www.bacarodellarena.it/;https://www.instagram.com/bacarodellarena/
Pizzeria Trattoria San Zeno da Nicola dal 1989;Verona, Italy;Piazza San Zeno, 20, 37123 Verona VR, Italy;http://www.sanzenoverona.com/;https://www.instagram.com
Trattoria Al Bersagliere;Verona, Italy;Via Dietro Pallone, 1, 37121 Verona VR, Italy;http://www.trattoriaalbersagliere.it/;https://www.instagram.com/bersaglierevr/
Osteria il Ciottolo;Verona, Italy;Corso Cavour, 39c, 37121 Verona VR, Italy;http://www.osteriailciottolo.it/;https://www.instagram.com/osteriailciottolo/
Trattoria Al Metano da Anna;Verona, Italy;Via Bartolomeo Avesani, 7/9, 37135 Verona VR, Italy;http://www.trattorialmetanodaanna.it/;https://www.instagram.com/trattoriaalmetanodaanna_/
Osteria San Bernardino;Verona, Italy;Via Aurelio Saffi, 11a, 37123 Verona VR, Italy;https://bio.site/osteriasanbernardino;https://www.instagram.com/osteria_sanbernardino
La Piazzetta Osteria Enoteca;Verona, Italy;Corte S. Giovanni in Foro, 4/a, 37121 Verona VR, Italy;https://www.ristoranti3veneti.it/it/osteria-centro-storico-verona-la-piazzetta;https://www.instagram.com/lapiazzettaverona/
Osteria ai Portegheti;Verona, Italy;Piazza S. Tommaso, 37129 Verona VR, Italy;http://www.osteriaportegheti.com/;https://www.instagram.com/osteria_ai_portegheti/
Osteria ai Preti;Verona, Italy;Interrato dell'Acqua Morta, 27, 37129 Verona VR, Italy;http://www.osteriapreti.it/;https://www.instagram.com/osteriaipreti
Hosteria 17;Verona, Italy;Stradone Porta Palio, 17A, 37122 Verona VR, Italy;https://www.hosteria17.it/;https://www.instagram.com/hosteria_17/
Osteria da Ugo;Verona, Italy;Vicolo Dietro Sant'Andrea, 1/b, 37121 Verona VR, Italy;https://www.osteriadaugo.com/;https://www.instagram.com/osteriadaugoverona/
Osteria Ponte Pietra Ristorante;Verona, Italy;Via Ponte Pietra, 34, 37121 Verona VR, Italy;http://www.ristorantepontepietra.com/;https://www.instagram.com/ristorantepontepietra/
Osteria Mattarana;Verona, Italy;Via Mattarana, 38, 37132 Verona VR, Italy;http://www.osteriamattarana.it/;https://www.instagram.com/osteria_mattarana/
Osteria La Coopera 1945;Verona, Italy;Via Stella, 40, 37024 Negrar di Valpolicella VR, Italy;https://www.lacoopera1945.it/;https://www.instagram.com/lacoopera1945arbizzano/
Osteria Enoteca Zero 7;Verona, Italy;Vicolo Ghiaia, 3, 37122 Verona VR, Italy;http://www.enotecazero7.it/;https://www.instagram.com/enotecazero7/
Osteria Ai Osei;Verona, Italy;Via Venti Settembre, 124/B, 37129 Verona VR, Italy;https://osteriaosei.com/;https://www.instagram.com/osteria.osei/
Osteria Nori;Verona, Italy;Via Ponte Nuovo, 9/d, 37121 Verona VR, Italy;https://osterianori.it/;https://www.instagram.com/osterianori_verona/
Ai Mascheroni Ristorante Osteria;Verona, Italy;Via Ponte Pietra, 7 - 7/A, 37121 Verona VR, Italy;http://www.aimascheroni.com/;https://www.instagram.com/ristoranteaimascheroni/
La Corte Sconta - Osteria & Pizzeria;Verona, Italy;CXW2+H7Q, C.so Milano, 144, 37138 Verona VR, Italy;https://lacortesconta.it/;https://instagram.com/la_corte_sconta
Osteria Rosa Morando;Verona, Italy;Via Filippo Rosa Morando, 5, 37131 Verona VR, Italy;https://www.osteriarosamorando.com/;https://www.instagram.com/osteriarosamorando
Cruncheria;Verona, Italy;Via della Costa, 5, 37121 Verona VR, Italy;https://www.cruncheria.com/;https://www.instagram.com/cruncheria_official/
Little Italy Pizza&Food;Verona, Italy;Vicolo Crocioni, 6, 37121 Verona VR, Italy;https://www.pizzerialittleitaly.com/;https://www.instagram.com/little.italy.verona/
Berberè Pizzeria;Verona, Italy;Via Pellicciai, 2, 37121 Verona VR, Italy;https://www.berberepizza.it/berbere-verona/;https://www.instagram.com/berberepizzeria/
Pizzeria Bella Napoli - Verona;Verona, Italy;Via Guglielmo Marconi, 11, 37122 Verona VR, Italy;http://www.bellanapoliverona.it/;https://www.instagram.com/pizzeriabellanapoliverona/
Ristorante Pizzeria La Costa in Bra;Verona, Italy;P.za Bra, 2, 37121 Verona VR, Italy;http://www.lacostainbra.it/;https://www.instagram.com/lacostainbraverona/
Gemma Pizzeria - Verona Borgo Trento;Verona, Italy;Via Mario Todeschini, 19, 37126 Verona VR, Italy;https://gemmapizzeria.it/;https://www.instagram.com/gemma_pizzeria/
Pizzeria Bella Napoli di Borgo Roma - Verona;Verona, Italy;Via Campagnol di Tombetta, 49/A, 37134 Verona VR, Italy;https://pizzeriabellanapoli.online/;https://www.instagram.com/bellanapoli.borgoroma/
San Matteo Church Ristorante Pizzeria;Verona, Italy;Vicolo S. Matteo, 4, 37121 Verona VR, Italy;http://www.smatteo.it/;https://www.instagram.com/sanmatteochurch/
Pizzeria Du De Cope;Verona, Italy;Galleria Pellicciai, 10, 37121 Verona VR, Italy;http://www.pizzeriadudecope.it/;https://www.instagram.com/pizzeriadudecope/
Pizzium - Verona Via IV Novembre 15/A;Verona, Italy;Via IV Novembre, 15a, 37126 Verona VR, Italy;https://pizzium.com/locali/verona-via-iv-novembre-15-a/;https://www.instagram.com/pizzium/
Ristorante Pizzeria Olivo 1939;Verona, Italy;P.za Bra, 18, 37121 Verona VR, Italy;http://www.olivo1939.it/;https://www.instagram.com/olivo1939/
Gemma Pizzeria - Verona Centro;Verona, Italy;Piazzetta Pescheria, 11, 37121 Verona VR, Italy;https://gemmapizzeria.it/;https://www.instagram.com/gemma_pizzeria/
Pizzikotto - Pizzeria & Lifferia - Verona;Verona, Italy;Corso Venezia, 5, 37131 Verona VR, Italy;https://www.pizzikotto.it/it/ristoranti/verona?utm_campaign=Lsm-Interazioni&utm_content=schedagoogle&utm_medium=Organic&utm_source=Partoo;https://www.instagram.com/pizzikottopizzeria/
Ristorante Pizzeria Marechiaro dal 1958;Verona, Italy;Via di Sant'Antonio, 15, 37122 Verona VR, Italy;https://www.marechiaroverona.it/;https://www.instagram.com/marechiaro1958/
Pizzeria Ristorante Rosa Blu;Verona, Italy;Piazza Corrubbio, 29, 37123 Verona VR, Italy;https://www.rosabluverona.it/;https://instagram.com/ristorantepizzeriarosablu
Don Peppe;Verona, Italy;Viale delle Nazioni, 1, 37135 Verona VR, Italy;http://www.donpeppe.it/;https://www.instagram.com/donpeppe_official/
Ristorante Pizzeria Filù;Verona, Italy;Via Legnago, 133, 37134 Verona VR, Italy;https://www.pizzeriafilu.com/;https://www.instagram.com/ristorantepizzeria_filu/
Pizzium - Verona Via San Rocchetto;Verona, Italy;Via S. Rocchetto, 7, 37121 Verona VR, Italy;https://pizzium.com/locali/verona-via-san-rocchetto-7/;https://www.instagram.com/pizzium/
Pizzeria Ristorante Notte Dì;Verona, Italy;Via Aldo Manuzio, 23, 37131 Verona VR, Italy;https://www.nottedi.it/;https://www.instagram.com/pizzerianottediverona
Al Gottino - Pizzeria;Verona, Italy;Viale della Repubblica, 17, 37126 Verona VR, Italy;https://algottinopizzeria.eatbu.com/;https://www.instagram.com/algottino_verona
A Banda Del Buso;Padua, Italy;Via Bartolomeo Cristofori, 12a, 35137 Padova PD, Italy;http://www.abandadelbuso.it/;https://www.instagram.com/abandadelbuso/
Bar Ristorante Pizzeria Otivm Lunch Cafe';Padua, Italy;Via Roma, 69, 35122 Padova PD, Italy;http://www.otivm.it/;https://www.instagram.com/otivm_padova/
miscusi | pasta fresca - Padova;Padua, Italy;Piazza della Frutta, 18, 35122 Padova PD, Italy;https://miscusi.com/?utm_source=google&utm_medium=googlemaps&utm_campaign=linkgmb&utm_content=I012;https://www.instagram.com/miscusi.family
Home restaurant | Vagabondare con stile;Padua, Italy;Via Perugino, 8, 35133 Padova PD, Italy;https://www.vagabondareconstile.it/;https://www.instagram.com/vagabondareconstile/
HK ORIENTAL TASTE;Padua, Italy;Via Guido Reni, 81, 35100 Padova PD, Italy;https://www.hk-orientaltaste.com/;https://www.instagram.com/qodeinteractive/
DOZO YAKINIKU PADOVA;Padua, Italy;Via Montà, 49, 35138 Padova PD, Italy;https://dozobbq.com/;https://www.instagram.com/dozoyakinikupadova/
OH MY GOD!;Padua, Italy;Via Savonarola, 84, 35137 Padova PD, Italy;https://ohmygodpadova.it/;https://www.instagram.com/ohmygodpadova/
Ristorante Aquolina by AQUA;Padua, Italy;Via Giuseppe Mazzini, 11, 35031 Abano Terme PD, Italy;https://www.hotelaqua.it/menu-aquolina;https://www.instagram.com/thehotelaqua/
Bepe Bigoi Padova - Pasta Fresca To Go;Padua, Italy;Via Umberto I, 128, 35122 Padova PD, Italy;http://www.bigoi.com/;https://www.instagram.com/bepebigoi/
Il Gancino;Padua, Italy;Piazza Duomo, 1, 35122 Padova PD, Italy;https://www.ilgancino.com/;https://www.instagram.com/ilgancino/
iDon Padova;Padua, Italy;Via Jacopo Crescini, 99, 35126 Padova PD, Italy;http://www.idongroup.it/;https://www.instagram.com/idon_padova/
So Restaurant Padova;Padua, Italy;Via Volturno, 1, 35138 Padova PD, Italy;https://sorestaurant.it/;https://www.instagram.com/sorestaurantpadova/
Patavinus Bakery;Padua, Italy;Via Roma, 120, 35122 Padova PD, Italy;https://patavinusdegustazioni.it/;https://www.instagram.com/patavinusbakery/
Orazio 1957;Padua, Italy;Via Isacco Newton, 7, 35143 Padova PD, Italy;https://orazio1957.com/;https://www.instagram.com/orazio.1957/
Fatty Patty - Padova;Padua, Italy;Piazzale Mazzini, 59, 35137 Padova PD, Italy;https://fattypatty.it/;https://www.instagram.com/fattypatty_it/
Cocò KM0 Restaurant & Pizza;Padua, Italy;Via Vigonovese, 79/A, 35127 Padova PD, Italy;https://www.ristorantecoco.it/;https://www.instagram.com/ristorante_cocokm0/
El Parillero Steakhouse & Restaurant (PADOVA);Padua, Italy;Via Postumia, 2, 35030 Selvazzano Dentro PD, Italy;https://elparillero.eatbu.com/;https://www.instagram.com/elparillero/
Galloway Padova;Padua, Italy;Via Nona Strada, 23/R, 35129 Padova PD, Italy;https://www.theoriginalgalloway.it/padova.html;https://www.instagram.com/galloway_padova/
Hosteria Moderna;Padua, Italy;Via Francesco Rismondo, 2f/2/F, 35131 Padova PD, Italy;https://hosteriamoderna.eatbu.com/;https://www.instagram.com/explore/locations/1722838258001545/hosteria-moderna-padova/
Ginkgo Sushi Ristorante;Padua, Italy;Via Altichieri da Zevio, 67, 35132 Padova PD, Italy;https://ginkgosushi.com/;https://www.instagram.com/ginkgosushipadova/
Roadhouse Restaurant Padova Ovest;Padua, Italy;Via Chiesanuova, 56, 35136 Padova PD, Italy;https://www.roadhouse.it/it/ristorante-roadhouse-padova-ovest;https://www.instagram.com/roadhouse_restaurant/
Pizzeria e Ristorante - Da Pino Padova;Padua, Italy;Via Cavour, 20, 35122 Padova PD, Italy;http://www.dapino.it/;https://www.instagram.com/dapino.it/
Roadhouse Grill;Padua, Italy;Via Pietro Donà, 2, 35100 Padova PD, Italy;http://www.roadhouse.it/it/ristorante-roadhouse-padova;https://www.instagram.com/roadhouse_restaurant/
RUST MOOD Concept Store & Bistrò;Padua, Italy;Via Tre Ponti, 13 E/Int. 1, 35136 Padova PD, Italy;https://airstream.rustmood.com/;https://www.instagram.com/rustmood_airstream/
Zushi Padova;Padua, Italy;Via Niccolò Tommaseo, 76/A, 35100 Padova PD, Italy;https://www.zushi.eu/;https://www.instagram.com/zushijapaneserestaurants/
KANTU ristorante peruviano;Padua, Italy;Via Sette Martiri, 170, 35143 Padova PD, Italy;https://kanturestauranteperuano.it/;https://www.instagram.com/kantu_restauranteperuano/
Pedrocchi Café;Padua, Italy;Via VIII Febbraio, 15, 35122 Padova PD, Italy;http://www.caffepedrocchi.it/?utm_source=gmb&utm_medium=gmb_Pedrocchi_marzo_2022&utm_campaign=gmb_Pedrocchi_marzo_2022;https://www.instagram.com/caffepedrocchi1831/
Cafè Tinto | Padova;Padua, Italy;Via Vicenza, 20, 35138 Padova PD, Italy;https://www.tintopadova.it/;https://www.instagram.com/tintopadova/
Caffetteria Savelli;Padua, Italy;Via Giovanni Savelli, 80, 35129 Padova PD, Italy;https://caffetteriasavelli.it/;https://www.instagram.com/caffetteria.savelli/
Bamboo Cafe;Padua, Italy;Via Giacinto Carini, 5, 35138 Padova PD, Italy;https://www.bamboopadova.it/;https://www.instagram.com/bamboo_padova/
DìVi Coffee & co.;Padua, Italy;Via Francesco Marzolo, 17/D, 35131 Padova PD, Italy;http://www.divicoffeeandco.com/;https://www.instagram.com/divicoffeeandco/
Le Sablon;Padua, Italy;Via Guido Reni, 67, 35134 Padova PD, Italy;http://www.lesablon.it/;https://www.instagram.com/lesablonscandaletti/
Diemme Strada Battaglia;Padua, Italy;Via Battaglia, 71/Interno 3, 35020 Sant'Agostino PD, Italy;https://www.diemmestradabattaglia.com/;https://www.instagram.com/diemme_stradabattaglia/
Eroica Caffè Padova;Padua, Italy;Via Santa Lucia, 85/87, 35139 Padova PD, Italy;http://www.eroica.cc/it;https://www.instagram.com/eroica.cc/
D4 Cafè;Padua, Italy;Via A. Diaz, 258, 35010 Vigonza PD, Italy;http://www.d4cafe.it/;https://www.instagram.com/d4cafepadova/
Caramel Cafè;Padua, Italy;Piazza delle Erbe, 45, 35122 Padova PD, Italy;https://www.caramelcafepadova.com/;https://www.instagram.com/caramelcafepadova/
Brunch Republic Padova;Padua, Italy;P.za della Garzeria, 6, 35135 Padova PD, Italy;https://brunchrepublic.com/;https://www.instagram.com/brunch_republic/
Miros;Padua, Italy;Via Vigonovese, 50/B, 35127 Padova PD, Italy;https://www.mirospd.it/;https://www.instagram.com/miros_pd/
Doussiè;Padua, Italy;Via Niccolò Tommaseo, 86, 35131 Padova PD, Italy;http://m.youtube.com/;https://www.instagram.com/youtube/
Caffè Della Piazzetta;Padua, Italy;Via S. Martino e Solferino, 49, 35122 Padova PD, Italy;https://www.caffedellapiazzetta.it/;https://www.instagram.com/caffe_della_piazzetta/
Sicilian Goodness - CC Giotto;Padua, Italy;Via Venezia, 61, 35131 Padova PD, Italy;https://siciliangoodness.com/menu/;https://www.instagram.com/siciliangoodness_official/
Steampower Specialty Coffee & Brunch;Padua, Italy;Piazza delle Erbe, 20, 35122 Padova PD, Italy;https://steampower.it/;https://www.instagram.com/steampower_padova/
Babin Bar & Bistro;Padua, Italy;Piazzale della Stazione, 6, 35131 Padova PD, Italy;http://babinpadova.it/;https://www.instagram.com/babinpadova/
BarQuoVadis;Padua, Italy;Via S. Francesco, 135, 35121 Padova PD, Italy;https://barquovadis.com/;https://l.instagram.com/
Bar Italico Padova;Padua, Italy;Piazzale della Stazione, 11, 35131 Padova PD, Italy;https://www.chefexpress.it/insegna/italico-2/;https://www.instagram.com/chefexpress4u/
Sicilian Goodness - Padova via Roma;Padua, Italy;Via Roma, 121, 35123 Padova PD, Italy;http://www.siciliangoodness.com/;https://www.instagram.com/siciliangoodness_official/
Bar Garden City;Padua, Italy;Via Francesco Nullo, 6, 35122 Padova PD, Italy;https://www.cittagiardinodaignazio.com/;https://www.instagram.com/p/CLEoc75lJV8/
Bar Punto E A Capo;Padua, Italy;Viale Po, 35030 Sarmeola PD, Italy;https://barpuntoeacapo.carrd.co/;https://www.instagram.com/puntoeacapo.bar/
Bar Maori Cafè;Padua, Italy;Piazza del Tricolore, 5, 35020 Saonara PD, Italy;https://www.maoricafe.it/;https://www.instagram.com/maoricafe/
All'Ombra Della Piazza;Padua, Italy;Via Pietro D'Abano, 16, 35139 Padova PD, Italy;http://www.allombradellapiazza.com/;https://www.instagram.com/allombradellapiazza/
Bar Antico Desiderio;Padua, Italy;Via del Portello, 99, 35131 Padova PD, Italy;https://www.anticodesiderio.it/;https://www.instagram.com/antico.desiderio/
DC Hotel International;Padua, Italy;Corso Stati Uniti, 14/B, 35127 Padova PD, Italy;https://www.dchotel.it/;https://www.instagram.com/dc_hotel_international_padova/
Savhotel Mantegna Padova;Padua, Italy;Via Niccolò Tommaseo, 61, 35131 Padova PD, Italy;https://www.savhotel.com/mantegna/;https://www.instagram.com/savhotel_/
Hotel Giotto;Padua, Italy;Piazzale Pontecorvo, 33, 35121 Padova PD, Italy;https://www.hotelgiotto.com/;https://www.instagram.com/hotelgiottopadova/
Tritone Luxury Hotel Thermae & Spa;Padua, Italy;Via A. Volta, 31, 35031 Abano Terme PD, Italy;https://www.termetritone.it/;https://www.instagram.com/hoteltritone/
iH Hotels Padova Admiral;Padua, Italy;Via Vigonovese, 90, 35127 Padova PD, Italy;https://ih-hotels.com/city-hotel/padova/ih-hotels-padova-admiral/;https://www.instagram.com/ih_padovaadmiral/
Hotel Premiere Abano;Padua, Italy;Via Marzia, 73, 35031 Abano Terme PD, Italy;https://www.premiereabano.it/en/?utm_source=google&utm_medium=organic&utm_campaign=knowledge-graph;https://instagram.com/premiereabano
HOTEL PEX;Padua, Italy;Via della Provvidenza, 31, 35030 Sarmeola PD, Italy;http://www.hotelpex.it/;https://www.instagram.com/schiavonhotels/
Hotel Casa del Pellegrino;Padua, Italy;Via M. Cesarotti, 21, 35123 Padova PD, Italy;http://www.casadelpellegrino.com/it/;https://www.instagram.com/hotelcasadelpellegrino_padova/
Hotel Mioni Pezzato & SPA;Padua, Italy;Via Marzia, 34, 35031 Abano Terme PD, Italy;http://www.hotelmionipezzato.com/;https://www.instagram.com/hotel_mionipezzato/
Hotel Plaza;Padua, Italy;Piazza Repubblica, 23, 35031 Abano Terme PD, Italy;http://www.plaza.it/;https://www.instagram.com/hotelplazaabano/
Hotel Vittoria;Padua, Italy;Via della Provvidenza, 6, 35030 Rubano PD, Italy;http://www.vittoria-hotel.it/;https://www.instagram.com/hotel_vittoria_padova
Hotel Savoia Thermae & SPA;Padua, Italy;Via P. d'Abano, 53, 35031 Abano Terme PD, Italy;http://www.savoiaterme.it/;https://www.instagram.com/savoiatermeabano/
Hotel Majestic Toscanelli Padua;Padua, Italy;Via dell'Arco, 2, 35122 Padova PD, Italy;http://www.toscanelli.com/;https://www.instagram.com/hotel_majestic_toscanelli/
Palace Hotel Meggiorato;Padua, Italy;Via P. d'Abano, 49, 35031 Abano Terme PD, Italy;http://www.hotelmeggiorato.it/;https://www.instagram.com/hotelmeggiorato/
Hotel Terme Antoniano;Padua, Italy;Via G. Fasolo, 12, 35036 Montegrotto Terme PD, Italy;https://www.termeantoniano.it/en/?utm_source=google&utm_medium=organic&utm_campaign=knowledge-graph;https://instagram.com/hotelantonianoterme/
Hotel President Terme;Padua, Italy;Via Montirone, 31, 35031 Abano Terme PD, Italy;https://www.presidentterme.com/en/?utm_source=google&utm_medium=organic&utm_campaign=knowledge-graph;https://www.instagram.com/hotel_president_terme
Hotel Canton dell Orto;Padua, Italy;Via Donatello, 21, 35123 Padova PD, Italy;http://www.cantondellorto.com/;https://www.instagram.com/cantondellorto/
Hotel Terme Roma;Padua, Italy;Via Giuseppe Mazzini, 1, 35031 Abano Terme PD, Italy;https://www.sbirziolahotels.com/it/hotel-roma/?utm_source=google&utm_medium=local&utm_campaign=GBP-roma;https://www.instagram.com/hoteltermeroma/
Hotel Terme Venezia;Padua, Italy;Via Valerio Flacco, 42, 35031 Abano Terme PD, Italy;https://www.termevenezia.it/?utm_source=GMB&utm_medium=GMB&utm_campaign=GMB;https://www.instagram.com/hoteltermevenezia/
Hotel Marconi;Padua, Italy;Via G. Marconi, 186, 35020 Ponte San Nicolò PD, Italy;http://www.marconi-hotel.it/;https://www.instagram.com/hotelmarconipadova/
Hotel Aqua;Padua, Italy;Via Giuseppe Mazzini, 11, 35031 Abano Terme PD, Italy;http://www.hotelaqua.it/;https://www.instagram.com/aquahotelabano/
Abano Ritz Hotel Terme;Padua, Italy;Via Monteortone, 19, 35031 Abano Terme PD, Italy;https://www.abanoritz.it/;https://instagram.com/abanoritz
Hotel Maritan;Padua, Italy;Via Gattamelata, 34, 35128 Padova PD, Italy;https://www.hotelmaritan.it/;https://www.instagram.com/hotelmaritanpadova/
Hotel Ariston Molino Buja;Padua, Italy;Via Cornelio Augure, 5, 35031 Abano Terme PD, Italy;http://www.aristonmolino.it/;https://www.instagram.com/ariston_molino/
Hotel Valbrenta;Padua, Italy;Piazza Armando Diaz, 30, 35010 Limena PD, Italy;http://www.hotelvalbrenta.com/;https://instagram.com/hotel_valbrenta_limena
M14 Hotel & SPA;Padua, Italy;Via Acquette, 9, 35122 Padova PD, Italy;http://www.hotelm14.it/;https://www.instagram.com/hotelm14/
Columbia Terme Hotel;Padua, Italy;Via Cornelio Augure, 15, 35031 Abano Terme PD, Italy;http://www.columbiaterme.com/;https://www.instagram.com/hotel.columbiaterme/
Scrovegnirooms&breakfast;Padua, Italy;Via Porciglia, 18, 35121 Padova PD, Italy;https://www.bebscrovegni.it/;https://www.instagram.com/beb_scrovegni/
Al Moretto - Trattoria storica a Padova;Padua, Italy;Via Madonna della Salute, 82, 35129 Padova PD, Italy;http://www.trattoriaalmoretto.it/;https://www.instagram.com/trattoria.moretto/
Fresco Trattoria Pizzeria;Padua, Italy;Via del Santo, 102, 35123 Padova PD, Italy;http://frescotrattoria.it/;https://www.instagram.com/frescotrattoria/
"Trattoria dalla Mora ""Ciavarina""";Padua, Italy;Lungargine Sabbionari, 13, 35127 Padova PD, Italy;http://www.trattoriadallamora.it/;https://www.instagram.com/trattoriadallamora/
Trattoria Isoletta;Padua, Italy;Via S. Pietro, 46, 35139 Padova PD, Italy;http://www.trattoriaisoletta.it/;https://www.instagram.com/trattoriaisoletta_padova/
Trattoria Maretollo Vigonza;Padua, Italy;V. Martiri della Libertà, 32, 35010 Vigonza PD, Italy;http://www.trattoriamaretollo.it/;https://www.instagram.com/trattoria_maretollo/
Trattoria Bazabo';Padua, Italy;Via Grandi, 34, 35010 Vigonza PD, Italy;http://www.bazabocibo.it/;https://instagram.com/bazabocibo
Osteria Testamatta;Padua, Italy;Via Savonarola, 59, 35137 Padova PD, Italy;http://www.osteriatestamattapadova.com/;https://www.instagram.com/osteria_testamatta/
Trattoria la Busa e alloggi;Padua, Italy;Via G. Boccaccio, 4, 35020 Ponte San Nicolò PD, Italy;http://www.trattorialabusa.com/;https://www.instagram.com/trattorialabusa/
Leone Rosso - Hi-Fi Osteria;Padua, Italy;Via Rolando da Piazzola, 21, 35139 Padova PD, Italy;https://www.crakbrewery.com/leone-rosso/;https://www.instagram.com/leonerosso_osteria
Bamboo VolumeDue;Padua, Italy;Via Giacinto Carini, 1, 35138 Padova PD, Italy;https://www.bamboopadova.it/;https://www.instagram.com/bamboo_padova/
Osteria la Ruta;Padua, Italy;Via Savonarola, 122, 35137 Padova PD, Italy;http://www.osterialaruta.it/;https://www.instagram.com/osterialaruta/
Frascolino Bacaro;Padua, Italy;Via Zabarella, 103, 35121 Padova PD, Italy;https://www.frascoli.it/locali/frascolino;https://www.instagram.com/frascolinobacaro/
Osteria Barabba;Padua, Italy;Via Vicenza, 47, 35138 Padova PD, Italy;http://osteriabarabba.com/;https://www.instagram.com/explore/locations/2178768/osteria-barabba/
Osteria Ai Scarponi;Padua, Italy;Via Cesare Battisti, 138, 35121 Padova PD, Italy;http://www.aiscarponi.it/;https://www.instagram.com/aiscarponi/
Osteria Al Peronio;Padua, Italy;Via Stefano Breda, 3, 35139 Padova PD, Italy;https://www.alperonio.com/;https://www.instagram.com/osteria_al_peronio/
Antico Brolo l'Osteria;Padua, Italy;Corso Milano, 22, 35139 Padova PD, Italy;http://www.anticobrolo.it/;https://www.instagram.com/antico_brolo/
L'Oste del Brenta;Padua, Italy;Via S. Marco, 115, 35129 Padova PD, Italy;https://www.ostedelbrenta.it/;https://www.instagram.com/pizzerie180grammi/
Testascalsa Hostaria;Padua, Italy;Via A. Gramsci, 52, 35010 Cadoneghe PD, Italy;http://testascalsa.it/;https://www.instagram.com/testascalsa/
Ca' Pelletti Padova;Padua, Italy;Via Andrea Mantegna, 2, 35121 Padova PD, Italy;https://www.ca-pelletti.it/;https://www.instagram.com/capellettiofficial/
Ai Do Archi Padova;Padua, Italy;Via Nazario Sauro, 23, 35139 Padova PD, Italy;https://www.aidoarchi.it/;https://www.instagram.com/aidoarchi/
Vinet;Padua, Italy;Via delle Piazze, 1, 35122 Padova PD, Italy;https://vin-et.it/;https://www.instagram.com/vin_et_/
Opificio Padova;Padua, Italy;Via Roma, 131, 35027 Noventa Padovana PD, Italy;https://www.opificiopadova.it/;https://www.instagram.com/opificiopadova/
Corte Sconta;Padua, Italy;Via dell'Arco, 9, 35122 Padova PD, Italy;https://www.cortescontaenoteca.it/;https://www.instagram.com/cortescontapadova/
La Prosciutteria Padova;Padua, Italy;Piazza dei Signori, 5, 35139 Padova PD, Italy;https://www.laprosciutteria.com/aperitivo-padova/;https://www.instagram.com/laprosciutteriapadova/
Enotavola Pino;Padua, Italy;Via dell'Arco, 37, 35122 Padova PD, Italy;https://www.enotavola.com/home;https://www.instagram.com/enotavola_pino/
TreQuarti Padova;Padua, Italy;Piazza della Frutta, 34, 35122 Padova PD, Italy;http://www.trequartipadova.it/;https://www.instagram.com/trequartibistro_padova/
Frascoli Bacaro / Cicchetteria Veneziana a Padova;Padua, Italy;Via del Santo, 93, 35121 Padova PD, Italy;https://www.frascoli.it/locali/frascoli-padova;https://www.instagram.com/frascoli_bacaro/
Agli Amici Rinfreschi di Laurea Padova;Padua, Italy;Via Giambattista Belzoni, 22, 35121 Padova PD, Italy;https://www.agliamicipadova.it/;https://www.instagram.com/agliamici.padova/
AL PORTEO Pizzeria/Ristorante;Padua, Italy;Via del Portello, 93, 35129 Padova PD, Italy;https://pizzeria-al-porteo.eatbu.com/;https://www.instagram.com/pizzeria_al_porteo/
Le Torri Pizzeria Ristorante Rubano;Padua, Italy;Via della Provvidenza, 106, 35030 Rubano PD, Italy;http://www.pizzerialetorri.com/;https://www.instagram.com/letorripizzeriaristorante
Pago Pago Pizzeria con Ristorante;Padua, Italy;Via Galileo Galilei, 59, 35121 Padova PD, Italy;http://www.pizzeriapagopago.com/;https://www.instagram.com/pagopagopadova/
Ristorante Pizzeria S'Aligusta;Padua, Italy;Via Volturno, 4, 35138 Padova PD, Italy;http://www.ristorantesaligustapadova.it/;https://www.instagram.com/ristorante_saligusta/
Johnny Takeué Padova;Padua, Italy;Via Guizza Conselvana, 284, 35125 Padova PD, Italy;https://www.johnnypizzaportafoglio.it/;https://www.instagram.com/johnnytakeuepizzaportafoglio/
Al Solito Posto | Padova;Padua, Italy;Via Andrea Colotti, 13, 35133 Padova PD, Italy;https://www.pizzeriaalsolitoposto.it/;https://www.instagram.com/pizzeriaalsolitopostopadova/
Pizzeria Arena;Padua, Italy;Giardini dell'Arena, Corso Giuseppe Garibaldi, 35121 Padova PD, Italy;https://giardinidellarena.com/;https://www.instagram.com/giardinidellarena/
River Ristorante Pizzeria;Padua, Italy;Via Padova, 18, 35030 Selvazzano Dentro PD, Italy;https://www.riverpizzeria.it/;https://www.instagram.com/riverbistro18/
La Mafaldina Pizzeria PONTEVIGODARZERE;Padua, Italy;Via dei Vivarini, 22, 35133 Padova PD, Italy;https://www.lamafaldina.it/;https://www.instagram.com/lamafaldinapizzerie/
Osterie Meccaniche Ristorante Pizzeria;Padua, Italy;Via Marzia, 46, 35031 Abano Terme PD, Italy;https://www.osteriemeccaniche.it/;https://www.instagram.com/osteriemeccaniche/
L'abbuffata Ristorante Pizzeria;Padua, Italy;Via Altichiero, 32, 35135 Padova PD, Italy;http://www.abbuffataristorante.it/;https://www.instagram.com/abbuffata_ristorantepizzeria_/
Pizzeria Al Duomo;Padua, Italy;Via S. Gregorio Barbarigo, 18, 35141 Padova PD, Italy;http://www.pizzeriaduomo.it/;https://www.instagram.com/pizzeria_al_duomo_padova/
Ristorante Pizzeria Al Tabaco;Padua, Italy;Via Romana, 5, 35031 Abano Terme PD, Italy;http://www.ristopizzatabaco.it/;https://www.instagram.com/ristopizzatabaco/
Ristorante Pizzeria Al Carmine;Padua, Italy;Piazza Petrarca, 8, 35137 Padova PD, Italy;https://www.alcarminepizzeria.it/;https://www.instagram.com/alcarmine.pizzeriaristorante/
Pizzeria Ristorante Capovolta;Padua, Italy;Via Jacopo Facciolati, 168, 35127 Padova PD, Italy;http://ristorantecapovolta.com/;https://www.instagram.com/pizzeriaristorantecapovolta/
Al Barattolo;Trieste, Italy;P.za Sant'Antonio Nuovo, 2/d, 34122 Trieste TS, Italy;http://www.albarattolo.it/;https://www.instagram.com/albarattolo/
040 Social Food;Trieste, Italy;Via Gioacchino Rossini, 8, 34121 Trieste TS, Italy;https://040group.it/locale/zero-quaranta-social-food/;https://www.instagram.com/zeroquaranta_socialfood/
Pizzeria Fratelli La Bufala - Trieste;Trieste, Italy;V. Roma, 11, 34132 Trieste TS, Italy;https://fratellilabufala.com/;https://www.instagram.com/fratellilabufalaofficial/
Adesso è Così Ristorante-Trattoria del Mare;Trieste, Italy;Riva Nazario Sauro, 2, 34123 Trieste TS, Italy;http://www.adessoecosi.it/;https://www.instagram.com/adessoecosi/
Rossopomodoro Trieste;Trieste, Italy;Riva Tommaso Gulli, 8, 34123 Trieste TS, Italy;https://ristoranti.rossopomodoro.it/trieste-394555e1b29d?utm_source=googleBusinessProfile&utm_medium=Yext&utm_campaign=187;https://www.instagram.com/rossopomodoro_italia/
Harry’s Bistrò - Trieste;Trieste, Italy;Piazza Unità d'Italia, 2, 34121 Trieste TS, Italy;https://duchidaosta.com/it/sapori/?utm_source=gmb_2025&utm_medium=gmb_2025&utm_campaign=gmb_2025;https://www.instagram.com/grandhotelduchidaosta
Ristorante Trieste Mood;Trieste, Italy;Via del Ponte, 6c, 34121 Trieste TS, Italy;http://moodtrieste.it/;https://www.instagram.com/mood.trieste/
Caffè Tommaseo;Trieste, Italy;Piazza Nicolò Tommaseo, 4, 34122 Trieste TS, Italy;https://www.anticoristorantetommaseo.it/;https://www.instagram.com/antico_ristorante_tommaseo/
Casa Pepe Pizze e Cucina;Trieste, Italy;Via del Coroneo, 19, 34133 Trieste TS, Italy;http://www.pepepizza.it/;http://instagram.com/pizzeriacasapepe
La Piadineria del Ghetto Trieste;Trieste, Italy;Via del Ponte, 9/B, 34121 Trieste TS, Italy;https://www.lapiadineriadelghetto.it/;https://www.instagram.com/lapiadineriadelghetto/
Genuino;Trieste, Italy;Via delle Beccherie, 13, 34121 Trieste TS, Italy;http://www.genuino.com/;https://www.instagram.com/genuinonaturalmentefastfood/
La tunella;Trieste, Italy;Via del Pane, 4, 34121 Trieste TS, Italy;https://www.tunella.it/;https://www.instagram.com/tunellawines/
MADREPERLA Bistrot;Trieste, Italy;Via della Madonna del Mare, 2/E, 34124 Trieste TS, Italy;https://madreperlabistrot.com/;https://www.instagram.com/madreperlabistrot/
Kauai Pokè & Bubble Tea;Trieste, Italy;Piazza del Ponterosso, 6, 34121 Trieste TS, Italy;http://www.kauaipoke.it/;https://www.instagram.com/kauaipokebar/
So.Moon Korean Restaurant;Trieste, Italy;Via del Teatro, 1b, 34121 Trieste TS, Italy;https://www.somoonkoreanrestaurant.com/;https://www.instagram.com/somoonts/
Hamerica's;Trieste, Italy;V.le Venti Settembre, 39, 34126 Trieste TS, Italy;http://www.hamericas.com/;https://www.instagram.com/hamerica_s/
Al Noor restaurant pizza kebab;Trieste, Italy;Via della Ginnastica, 28a, 34125 Trieste TS, Italy;https://wa.me/00393510961440;https://www.instagram.com/whatsapp/
Siora Rosa;Trieste, Italy;Piazza Attilio Hortis, 3, 34123 Trieste TS, Italy;https://040group.it/locale/siora-rosa/;https://www.instagram.com/siorarosa/
PURO - Piacere Unico Ristoro Originale;Trieste, Italy;Via Torino, 31, 34123 Trieste TS, Italy;http://www.puroristoro.it/;https://www.instagram.com/puroristoro/
Marinato Trieste;Trieste, Italy;Riva Nazario Sauro, 4, 34133 Trieste TS, Italy;http://marinato.it/;https://www.instagram.com/___marinato___/
Shi's;Trieste, Italy;Piazza Venezia, 7, 34123 Trieste TS, Italy;https://www.shis.it/ristorante-giapponese-trieste?utm_campaign=Lsm-Interazioni&utm_content=schedagoogletrieste&utm_medium=Organic&utm_source=Partoo;https://www.instagram.com/shis_restaurant/
Caffè degli Specchi;Trieste, Italy;Piazza Unità d'Italia, 7, 34121 Trieste TS, Italy;http://www.caffespecchi.it/;https://www.instagram.com/caffe_degli_specchi/
Caffè San Marco;Trieste, Italy;Via Cesare Battisti, 18, 34125 Trieste TS, Italy;http://www.caffesanmarco.com/;https://www.instagram.com/anticocaffesanmarco/
Urban Caffè;Trieste, Italy;Largo della Barriera Vecchia, 17, 34129 Trieste TS, Italy;https://040group.it/locale/urban-caffe/;https://www.instagram.com/urbancaffe_ts/
Fornaio Mapo - Fusion Bakery;Trieste, Italy;Via Giosuè Carducci, 39/E, 34131 Trieste TS, Italy;http://www.fornaiomapo.it/;https://www.instagram.com/mapo_fusionbakery/
illy;Trieste, Italy;Via Gioacchino Rossini, 2, 34121 Trieste TS, Italy;https://www.illy.com/it-it/negozi-bar-illy/illy-ponterosso;https://www.instagram.com/illy_coffee/
"""LIFE"" New Bar Torinese Snc";Trieste, Italy;Piazza di Cavana, 1/a, 34121 Trieste TS, Italy;https://lifecafetrieste.my.canva.site/;https://www.instagram.com/lifecafetrieste/
Pipolo 1929 - Barcola;Trieste, Italy;V.le Miramare, 127, 34136 Trieste TS, Italy;https://pipolo1929.com/;https://www.instagram.com/pipolo_1929/
Aperitivi Trieste | Al Barcollo bar&pub;Trieste, Italy;Via S. Nicolò, 8b, 34121 Trieste TS, Italy;https://www.albarcollo.it/;https://www.instagram.com/albarcollo/
Home - Sapore di Casa;Trieste, Italy;Via Giusto Muratti, 1, 34122 Trieste TS, Italy;https://homesaporedicasa.com/;https://www.instagram.com/home_sapore_di_casa/
Illy Caffè;Trieste, Italy;Via delle Torri, 3, 34122 Trieste TS, Italy;http://www.illy.com/;https://www.instagram.com/illy_us/
Le Vele;Trieste, Italy;Via Gioacchino Rossini, 34121 Trieste TS, Italy;https://levelecaffe.eatbu.com/;https://www.instagram.com/levelecaffetrieste/
Antica Tostatura Triestina Coffee Shop & Bar;Trieste, Italy;Antica Tostatura Triestina Coffee Shop & Bar, Piazza Venezia, 6/a, 34123 Trieste TS, Italy;https://www.attcaffe.com/;https://www.instagram.com/antica_tostatura_triestina/
Mug;Trieste, Italy;Piazza Attilio Hortis, 6, 34124 Trieste TS, Italy;http://www.mugbakery.com/;https://instagram.com/mugbakerytrieste
Harry'S Bar Trieste;Trieste, Italy;Via Giosuè Carducci, 2, 34133 Trieste TS, Italy;https://www.harrysbartrieste.it/;https://instagram.com/harrys.bar.trieste/
Bar Shakerato;Trieste, Italy;Via S. Lazzaro, 7A, 34122 Trieste TS, Italy;https://shakerato.eatbu.com/;https://www.instagram.com/shakeratotrieste/
Hotello;Trieste, Italy;Via Valdirivo, 6, 34132 Trieste TS, Italy;https://www.hotellots.space/?utm_source=google&utm_medium=organic&utm_campaign=GoogleMyBusiness;https://www.instagram.com/hotello_hostel/
Savoia Excelsior Palace;Trieste, Italy;Riva del Mandracchio, 4, 34124 Trieste TS, Italy;https://collezione.starhotels.com/en/our-hotels/savoia-excelsior-palace-trieste/;https://www.instagram.com/laspahelvetiabristol/
ControVento Hostel;Trieste, Italy;Piazza Venezia, 1, 34123 Trieste TS, Italy;http://controventohostel.com/;https://www.instagram.com/controventohostel/
Hotel Riviera & Maximilian's;Trieste, Italy;Str. Costiera, 22, 34100 Trieste TS, Italy;http://www.rivieramax.eu/;https://www.instagram.com/rivieramaximilian/
Grand Hotel Duchi D'Aosta;Trieste, Italy;Piazza Unità d'Italia, 2/1, 34121 Trieste TS, Italy;http://www.duchidaosta.com/;https://www.instagram.com/grandhotelduchidaosta
Adria Ankaran Hotel & Resort;Trieste, Italy;Jadranska cesta 25, 6280 Ankaran, Slovenia;http://www.adria-ankaran.si/?utm_source=google&utm_medium=maps&utm_campaign=main_website;https://www.instagram.com/adriaankaranresort/
Hotel Istria Trieste;Trieste, Italy;Via Ruggero Timeus, 5, 34125 Trieste TS, Italy;https://hotelistria.com/;https://www.instagram.com/hotelistriatrieste/
Victoria Hotel Letterario;Trieste, Italy;Via Alfredo Oriani, 2, 34131 Trieste TS, Italy;https://www.hotelvictoriatrieste.com/;https://www.instagram.com/victoriahoteltrieste
Villa Tergeste;Trieste, Italy;V.le Miramare, 331, 34136 Trieste TS, Italy;https://villatergeste.it/;https://www.instagram.com/villa.tergeste/
Prunk Hotel - Sežana;Trieste, Italy;Partizanska c. 117, 6210 Sežana, Slovenia;https://prunk-turizem.eu/hotel-prunk/;https://www.instagram.com/prunk.turizem/
Tre Merli Beach Hotel;Trieste, Italy;V.le Miramare, 44, 34136 Trieste TS, Italy;http://www.tremerlibeachhotel.com/;https://www.instagram.com/tremerlitrieste/
Hotel Adria Convent;Trieste, Italy;Jadranska cesta 25, 6280 Ankaran, Slovenia;http://www.adria-ankaran.si/si/nastanitve/hotel-convent;https://www.instagram.com/adriaankaranresort/
Casino & Hotel & Restaurant Admiral Škofije;Trieste, Italy;Spodnje Škofije 259, 6281 Škofije, Slovenia;https://www.admiral.si/si/skofije;https://www.instagram.com/admiralslovenija/
Hotel Duchi Vis a Vis;Trieste, Italy;Piazza dello Squero Vecchio, 1, 34121 Trieste TS, Italy;http://www.hotelvisavis.net/;https://www.instagram.com/hotelvisavistrieste/
Hotel Milano;Trieste, Italy;Via Carlo Ghega, 17, 34132 Trieste TS, Italy;http://www.hotel-milano.com/;https://www.instagram.com/
The Modernist Hotel;Trieste, Italy;Corso Italia, 12, 34121 Trieste TS, Italy;https://themodernisthotel.it/;https://www.instagram.com/the_modernist_hotel/
Lodge&Art Trieste - San Francesco;Trieste, Italy;Via S. Francesco D'Assisi, 60, 34133 Trieste TS, Italy;http://www.lodgeart.it/;http://instagram.com/lodgeart1
Urban Hotel Design;Trieste, Italy;Androna Chiusa, 4 n.b, :reception in, Via Punta del Forno, 3, 34121 Trieste TS, Italy;http://www.urbanhotel.it/;https://www.instagram.com/urbanhotel_trieste/
CXTrieste | Giulia Campus Hostel & Hotel;Trieste, Italy;Via Dei Bonomo, 2, 34126 Trieste TS, Italy;https://www.cx-place.com/it/cx-trieste.html;https://www.instagram.com/cxcampus_/
Dimora Vianello;Trieste, Italy;Via S. Lazzaro, 14, 34122 Trieste TS, Italy;https://www.dimoravianello.it/;https://www.instagram.com/dimoravianello.trieste/
Nuovo Albergo Centro;Trieste, Italy;V. Roma, 13, 34132 Trieste TS, Italy;http://www.hotelcentrotrieste.it/;https://www.instagram.com/nuovoalbergocentro/
Cosy Moods;Trieste, Italy;Via Trento, 16, 34132 Trieste TS, Italy;http://www.cosymoods.com/;https://www.instagram.com/cosymoods/
Città di Parenzo;Trieste, Italy;Via degli Artisti, 8, 34121 Trieste TS, Italy;http://www.cittadiparenzo.it/;https://www.instagram.com/hotelcittadiparenzo/
Hotel Bristol Trieste;Trieste, Italy;Via della Geppa, 20, 34132 Trieste TS, Italy;http://www.hotelbristoltrieste.it/;https://instagram.com/hotel_bristol_trieste/
URBANAUTS Studio Minelli;Trieste, Italy;Via della Madonna del Mare, 4, 34124 Trieste TS, Italy;https://www.urbanauts-stay.com/en/studios/minelli;https://www.instagram.com/urbanauts/
Hotel Mignon;Trieste, Italy;Via Carlo Junker, 12, 34151 Trieste TS, Italy;http://www.hotelmignon.trieste.it/;https://instagram.com/mobirise
La Trattoria Di Napoli;Trieste, Italy;Piazza del Ponterosso, 6/f, 34121 Trieste TS, Italy;https://trattoriadinapoli.it/;https://www.instagram.com/latrattoria.dinapoli/
Antica Ghiacceretta;Trieste, Italy;Via dei Fornelli, 2, 34121 Trieste TS, Italy;http://www.anticaghiacceretta.com/;https://www.instagram.com/anticaghiacceretta/
Trattoria Al Collio Trieste;Trieste, Italy;Piazza Venezia, 4/A, 34123 Trieste TS, Italy;https://alcollio.eatbu.com/;https://www.instagram.com/trattoriaalcollio
Ristorante Trattoria Tre Merli;Trieste, Italy;V.le Miramare, 42, 34136 Trieste TS, Italy;https://www.tremerlibeachhotel.com/ristorante/;https://www.instagram.com/tremerlitrieste/
Trattoria Al Moro Trieste;Trieste, Italy;Via del Destriero, 1, 34137 Trieste TS, Italy;http://trattoriaalmorotrieste.eu/;https://www.instagram.com/trattoriaalmoro
Trattoria Valeria 1904 Opicina;Trieste, Italy;Str. per Vienna, 52, 34151 Opicina TS, Italy;http://www.trattoriavaleria.it/;http://www.instagram.com/trattoriavaleria/
Trattoria Nerodiseppia;Trieste, Italy;Via Luigi Cadorna, 23, 34123 Trieste TS, Italy;http://trattorianerodiseppia.com/;https://www.instagram.com/nerodiseppiatrieste/
All’Osteria di Casa Pepe;Trieste, Italy;Via Nordio Aurelio e Fabio, 12, 34133 Trieste TS, Italy;https://www.casapepeosteria.it/;https://www.instagram.com/osteriacasapepe/
Osteria da Marino;Trieste, Italy;Via del Ponte, 5, 34100 Trieste TS, Italy;http://www.osteriadamarino.com/;https://www.instagram.com/osteria_da_marino/
Cemût - Piccola osteria furlana;Trieste, Italy;Via dei Capitelli, 11, Via dei Capitelli, 7/b, 34121 Trieste TS, Italy;https://www.cemut.net/menu-new-1;https://www.instagram.com/cemut.osteria.furlana/
Osteria Istriano Of Giobi And Oxa;Trieste, Italy;Riva Grumula, 6, 34123 Trieste TS, Italy;http://www.osteriaistriano.com/;https://www.instagram.com/osteria_istriano/
Ristorante Ego;Trieste, Italy;Via Felice Venezian, 16/c, 34121 Trieste TS, Italy;http://www.egoristorante.com/;https://www.instagram.com/ristorante_ego
Vecio Buffet Marascutti;Trieste, Italy;Via Cesare Battisti, 2/B, 34125 Trieste TS, Italy;https://www.buffetmarascutti-trieste.it/;https://www.instagram.com/explore/locations/497312559/buffet-marascutti/
L'Antica Pizzeria da Michele Trieste;Trieste, Italy;Via Giusto Muratti, 4, 34125 Trieste TS, Italy;https://www.damicheletrieste.it/;https://instagram.com/damicheletrieste
San Genna' Pizzeria Napoletana;Trieste, Italy;V.le Venti Settembre, 16/a, 34125 Trieste TS, Italy;https://pizzeria-san-genna.eatbu.com/;https://www.instagram.com/sangennapizzeria/
Assaje Trieste;Trieste, Italy;Via Torino, 33, 34123 Trieste TS, Italy;http://assaje.it/;https://www.instagram.com/pizzeria_assaje/
Pizza al Giulia;Trieste, Italy;Via Giulia, 23/C, 34126 Trieste TS, Italy;http://www.pizzaalgiulia.com/;https://www.instagram.com/pizza_al_giulia
Pizzeria Mancini Vicin o' Mare by Cacace;Trieste, Italy;Riva Nazario Sauro, 22, 34123 Trieste TS, Italy;https://www.pizzeriavicinomare-trieste.com/;https://instagram.com/explore/locations/104187348414310/mancini-vicin-o-mare-by-cacace/recent/
Pizzeria al 59;Trieste, Italy;Strada di Fiume, 59, 34137 Trieste TS, Italy;https://www.menudigitale.io/hsxmr;https://www.instagram.com/pizzeria_al59
Okrepčevalnica Skala;Trieste, Italy;Šmarje pri Sežani 28, 6210 Sežana, Slovenia;http://www.mojagostilna.com/okrepcevalnica-skala;https://www.instagram.com/mojagostilnacom
La Pizza Di Cittavecchia Di Marzi Ervino;Trieste, Italy;Via dei Crociferi, 1/c, 34124 Trieste TS, Italy;http://www.pizzeriacittavecchiats.com/;https://www.instagram.com/explore/locations/1033482629/la-pizza-di-cittavecchia/
TicToc Pizza;Trieste, Italy;Via Udine, 16/A, 34132 Trieste TS, Italy;https://tictoc.eatbu.com/;https://www.instagram.com/tictoc.pizza/
Copacabana;Trieste, Italy;Via del Teatro Romano, 24, 34121 Trieste TS, Italy;http://www.copacabana.it/;https://www.instagram.com/copacabana1992/
Pizzeria e Ristorante - Da Pino Trieste;Trieste, Italy;Via Ottaviano Augusto, 2B, 34123 Trieste TS, Italy;http://www.dapino.it/;https://www.instagram.com/dapino.it/
Pizzeria Mancini 1959;Trieste, Italy;Via S. Marco, 23, 34144 Trieste TS, Italy;http://www.pizzeriamancini1959.it/;https://www.instagram.com/pizzeria_mancini1959_/
Pizzeria Tre Quarti;Trieste, Italy;Via di Giarizzole, 6, 34147 Trieste TS, Italy;https://www.trequartipizzeria.com/;https://www.instagram.com/pizzeriatrequartitrieste
Pizzium - Trieste;Trieste, Italy;Riva Grumula, 2, 34123 Trieste TS, Italy;https://pizzium.com/locali/trieste-riva-grumula-2-a/?utm_source=google&utm_medium=GMBSitelink&utm_campaign=GMBSitelink_Trieste_RivaGrumula2;https://www.instagram.com/pizzium/
Prince Restaurant;Brescia, Italy;Viale Cristoforo Colombo, 27, 25127 Brescia BS, Italy;https://princerestaurant.it/;https://www.instagram.com/prince_restaurant_brescia
Caffè Floriam Restaurant;Brescia, Italy;Via Gasparo da Salò, 3, 25122 Brescia BS, Italy;https://www.caffefloriamrestaurant.it/;https://www.instagram.com/caffe_floriam_restaurant/
Antica Trattoria Del Ponte;Brescia, Italy;Via Indipendenza, 1, 25135 Brescia BS, Italy;http://www.anticatrattoriadelponte.net/;https://www.instagram.com/anticatrattoriadelponte_/
Trattoria Caprese;Brescia, Italy;P.za della Loggia, 11, 25121 Brescia BS, Italy;http://www.trattoriacaprese.it/brescia/;https://www.instagram.com/trattoriacapresebrescia_/
Home Restaurant laurafoodandmood;Brescia, Italy;Via Torbole, 25030 Castel Mella BS, Italy;http://www.laurafoodandmood.com/;https://instagram.com/laurafoodandmusic
Ramen Bar Akira - Brescia;Brescia, Italy;Via Leonardo Da Vinci, 5, 25122 Brescia BS, Italy;https://ramenbarakira.com/;https://www.instagram.com/ramenbarakira
Sanshi Brescia;Brescia, Italy;Via Triumplina, 217, 25136 Brescia BS, Italy;https://sanshirestaurant.it/brescia/;https://www.instagram.com/sanshi.brescia/
Mentelocale;Brescia, Italy;Via di Porta Pile, 3, 25122 Brescia BS, Italy;http://mentelocalebrescia.it/;https://www.instagram.com/mentelocalebrescia/
Il Mannarino Brescia;Brescia, Italy;Via Tosio, 3, 25121 Brescia BS, Italy;https://www.ilmannarino.it/ristoranti/brescia-via-tosio-3/;https://www.instagram.com/ilmannarino/
Selva Bistrot;Brescia, Italy;Via Giovanni Tempini, 15, 25126 Brescia BS, Italy;http://www.selvabistrot.com/;https://www.instagram.com/selva_bistrot/
Poke House - Franciacorta Outlet;Brescia, Italy;Piazza Cascina Moie, 1/2, 25050 Rodengo Saiano BS, Italy;https://poke-house.com/;https://www.instagram.com/pokehouse_official/
Castello Malvezzi;Brescia, Italy;Via Colle S. Giuseppe, 1, 25123 Brescia BS, Italy;http://www.castellomalvezzi.com/;http://www.instagram.com/castellomalvezzi
America Graffiti - Brescia;Brescia, Italy;Via Guglielmo Oberdan, 6/c, 25128 Brescia BS, Italy;https://americagraffitibrescia.it/;https://www.instagram.com/americagraffitibrescia/
matanē Brescia - Japanese Urban Food;Brescia, Italy;Via S. Faustino, 63, 25122 Brescia BS, Italy;https://www.matanelovers.com/;https://www.instagram.com/matanelovers/
Miho Japanese Restaurant;Brescia, Italy;Via Nikolajewka, 3, 25030 Roncadelle BS, Italy;https://mihosushi.it/ristoranti/roncadelle/;https://www.instagram.com/mihosushi/
Miho Asian Restaurant;Brescia, Italy;Via Colorne, 47, 25030 Castel Mella BS, Italy;https://mihosushi.it/ristoranti/castelmella/;https://www.instagram.com/mihosushi/
Chef Express - San Giacomo Sud 4;Brescia, Italy;A4, AdS S. Giacomo Sud, 25086 Rezzato BS, Italy;https://www.chefexpress.it/poi/s-giacomo-sud/;https://www.instagram.com/chefexpress4u/
Giordano Cucina a tutto tondo dal 1977;Brescia, Italy;Via Triumplina, 93, 25128 Brescia BS, Italy;http://www.giordanofood.it/;https://www.instagram.com/giordanodal1977/
Yang Asian Restaurant - Flero;Brescia, Italy;Via Quinzano, 23A, 25020 Flero BS, Italy;https://yangsushi.it/sushi-flero;https://www.instagram.com/yang_asianrestaurant/
Corte del Mago;Brescia, Italy;Via Ostiglia, 3B, 25134 Brescia BS, Italy;http://www.cortedelmago.it/;https://www.instagram.com/cortedelmagoristorante/
Viva | BuonoFrescoNaturale;Brescia, Italy;Via Luigi Einaudi, 25030 Roncadelle BS, Italy;http://vivaviva.net/;https://www.instagram.com/vivabuonofresconaturale/
Poke House Brescia Zanardelli;Brescia, Italy;Corso Giuseppe Zanardelli, 26, 25121 Brescia BS, Italy;https://poke-house.com/;https://www.instagram.com/pokehouse_official/
Poke House - Elnos;Brescia, Italy;Via Luigi Einaudi, 25030 Roncadelle BS, Italy;https://poke-house.com/;https://www.instagram.com/pokehouse_official/
Bottega del Garzone;Brescia, Italy;Via dei Musei, 21/a, 25121 Brescia BS, Italy;http://bottegadelgarzone.it/;https://www.instagram.com/bottegadelgarzone/
Verderamen;Brescia, Italy;Corso Cavour, 56/A, 25121 Brescia BS, Italy;http://verderamen.it/;https://www.instagram.com/verderamenbrescia
Norma;Brescia, Italy;Via Serenissima, 34, 25129 Buffalora BS, Italy;https://www.normalunchanddinner.com/;https://www.instagram.com/norma_ristorante/
Bier Stube da Mauro Sant'Eufemia;Brescia, Italy;Via Indipendenza, 85, 25135 Sant'Eufemia della Fonte BS, Italy;https://www.bierstube.it/;https://www.instagram.com/bierstubemauroeasy/
Café Gramsci;Brescia, Italy;Via Antonio Gramsci, 6, 25121 Brescia BS, Italy;https://www.cafegramsci.it/;https://www.instagram.com/
Elite Cafè;Brescia, Italy;Via Crocifissa di Rosa, 46, 25128 Brescia BS, Italy;http://www.elitecafe.it/;https://www.instagram.com/elite.cafebrescia/
New Flaminia Shopping Center;Brescia, Italy;Via Sorelle Ambrosetti, 10, 25125 Brescia BS, Italy;https://www.linoscoffee.com/;https://www.instagram.com/linoscoffee_officialpage/
Il Moro soul food & cafè;Brescia, Italy;Via Aldo Moro, 30, 25124 Brescia BS, Italy;http://www.ilmorosoulfood.it/;https://www.instagram.com/ilmoro_soulfood/
VITA & VITA PRIVÈ BRESCIA;Brescia, Italy;Piazzale Arnaldo, 21, 25121 Brescia BS, Italy;https://vitaprive.it/;https://www.instagram.com/vitaprivebrescia/
CAFFÈ VERGNANO 1882;Brescia, Italy;Piazza Cascina Moie, 18/A, 25050 Rodengo Saiano BS, Italy;https://www.bistroitalia1882.com/;https://www.instagram.com/bistroitalia1882/
Mõma Cafe;Brescia, Italy;P.za Paolo VI, 16, 25121 Brescia BS, Italy;https://share-me.it/locali/moma/;https://www.instagram.com/moma_brescia
Chef Express - San Giacomo Nord 12;Brescia, Italy;A4 Torino - Trieste, 25086 Rezzato BS, Italy;https://www.chefexpress.it/poi/s-giacomo-nord/;https://www.instagram.com/chefexpress4u/
BRESCIABAR;Brescia, Italy;Corso Magenta, 21/B, 25121 Brescia BS, Italy;https://www.bresciabar.com/;https://www.instagram.com/brescia_bar/
Caffè Della Stampa;Brescia, Italy;P.za della Loggia, 6, 25121 Brescia BS, Italy;http://www.caffedellastampa.it/;https://www.instagram.com/caffedellastampa/
L'Oste Sobrio;Brescia, Italy;Via Cesare Beccaria, 6, 25121 Brescia BS, Italy;https://www.osteria-ostesobrio.it/;https://www.instagram.com/ostesobrio/
Pablito Bar e Tabacchi;Brescia, Italy;Franciacorta Outlet Village, Via Vincenzo Foppa, 58, 25050 Saiano BS, Italy;http://www.franciacortaoutlet.it/it/shop-and-brands/pablito-bar;https://www.instagram.com/franciacortadesignervillage/
Bar Pasticceria Bicelli;Brescia, Italy;Corso Giuseppe Garibaldi, 31/A, 25122 Brescia BS, Italy;http://www.barpasticceriabicelli.it/;https://instagram.com/pasticceriabicelli
Bar Città Nuova;Brescia, Italy;Via Malta, 12, 25124 Brescia BS, Italy;http://www.barcittanuova.com/;https://www.instagram.com/barcittanuova
Villa Fenaroli Palace Hotel;Brescia, Italy;Via Giuseppe Mazzini, 14, 25086 Rezzato BS, Italy;http://www.villafenaroli.it/;https://www.instagram.com/villafenaroli/
Hotel Ferretti Majestic House;Brescia, Italy;Via Brescia, 49, 25014 Castenedolo BS, Italy;https://www.majestichouse.it/?utm_source=google&utm_medium=local&utm_campaign=google-business&utm_content=site-link;https://www.instagram.com/hotel_ferrettimajestichouse/
Hotel Master;Brescia, Italy;Via Luigi Apollonio, 72, 25128 Brescia BS, Italy;http://www.hotelmaster.net/;https://www.instagram.com/hotelmasterbrescia/
Hotel Industria;Brescia, Italy;Via Orzinuovi, 58, 25125 Brescia BS, Italy;http://www.lavelabs.it/;https://www.instagram.com/lavelabrescia
Hotel Novotel Brescia 2;Brescia, Italy;Via Pietro Nenni, 22, 25124 Brescia BS, Italy;https://all.accor.com/lien_externe.svlt?goto=fiche_hotel&code_hotel=A0Z4&merchantid=seo-maps-IT-A0Z4&sourceid=aw-cen&utm_medium=seo%20maps&utm_source=google%20Maps&utm_campaign=seo%20maps;https://www.instagram.com/all.accor
Hotel Ambasciatori Brescia;Brescia, Italy;Via Crocifissa di Rosa, 92, 25128 Brescia BS, Italy;http://www.ambasciatori.net/;https://www.instagram.com/hotelambasciatori_brescia/
Hotel Leonessa Brescia;Brescia, Italy;Via Sostegno, 7 A, 25124 Brescia BS, Italy;https://www.leonessahotel.com/;https://www.instagram.com/hotel_leonessa_brescia/
Hotel Igea;Brescia, Italy;Viale della Stazione, 15, 25122 Brescia BS, Italy;http://www.hoteligea.net/;https://www.instagram.com/hoteligeabrescia/
Hotel Vittoria;Brescia, Italy;Via X Giornate, 20, 25121 Brescia BS, Italy;http://www.hotelvittoria.com/;https://www.instagram.com/hotelvittoriabrescia/
Hotel Morgana;Brescia, Italy;Via Lombardia, 13, 25050 Rodengo Saiano BS, Italy;http://www.morganamotel.com/;https://www.instagram.com/hotelmorgana/
Regal Hotel & Apartments;Brescia, Italy;Viale Europa, 2/b, 25124 Brescia BS, Italy;http://www.regalhotel.it/;https://www.instagram.com/hotelregalbrescia/
Corte Novella Hotel & Residence;Brescia, Italy;Via S. Martino della Battaglia, 16, 25121 Brescia BS, Italy;https://www.cortenovella.it/;https://www.instagram.com/cortenovella_hotel
Areadocks Boutique Hotel;Brescia, Italy;Via Armando Diaz, 4, 25121 Brescia BS, Italy;http://www.areadocks.it/;https://www.instagram.com/areadocks/
Hotel Battisti 31;Brescia, Italy;Piazza Cesare Battisti, 31, 25128 Brescia BS, Italy;https://www.hotelbattisti31.com/;https://www.instagram.com/hotelbattisti31
Paul VI Center;Brescia, Italy;Via Gezio Calini, 30, 25121 Brescia BS, Italy;http://www.paolovi.it/;https://www.instagram.com/centropaolovi_brescia/
Hotel Noce;Brescia, Italy;Via dei Gelsi, 5, 25125 Brescia BS, Italy;http://www.hotelnoce.com/;https://www.instagram.com/nocehotel
Locanda Delle Mercanzie;Brescia, Italy;Corso Goffredo Mameli, 26, 25122 Brescia BS, Italy;https://www.locandadellemercanzie.com/;https://www.instagram.com/locandadellemercanzie/
Il Cantuccio di Gioia;Brescia, Italy;Corso Cavour, 12, 25121 Brescia BS, Italy;https://www.bbilcantucciodigioia.it/;https://instagram.com/ilcantucciodigioia.bnb
Gran BiLi' B&B;Brescia, Italy;Via Guglielmo Marconi, 7, 25064 Gussago BS, Italy;https://www.granbili.it/;https://www.instagram.com/granbili_gussago/
Albergo Orologio;Brescia, Italy;Via Cesare Beccaria, 17, 25121 Brescia BS, Italy;https://www.albergoorologio.it/;https://www.instagram.com/albergorologio/
Hotel Locanda Primavera;Brescia, Italy;Via Brescia, 18, 25050 Rodengo Saiano BS, Italy;http://www.locandaprimavera.it/;https://www.instagram.com/locanda_primavera/
Atena Dolce Vita | Luxury Suites;Brescia, Italy;Via Codignole, 52, 25124 Brescia BS, Italy;https://atenasuites.com/;https://www.instagram.com/atenadolcevita/
Torre de Salis B&B;Brescia, Italy;Via S. Stefano Martire, 13, 25064 Piazza BS, Italy;http://www.torredesalis.it/;https://www.instagram.com/explore/locations/1815361705168805/torre-de-salis/
Bed And Breakfast La Terrazza;Brescia, Italy;Viale della Stazione, 33, 25122 Brescia BS, Italy;http://www.bresciabedandbreakfast.it/;https://www.instagram.com/la_terrazza_bed/
Hotel Impero;Brescia, Italy;Via Triumplina, 6, 25123 Brescia BS, Italy;http://www.hotelimpero.it/;https://www.instagram.com/hotel_impero_bs/
Casa Adea;Brescia, Italy;Via Valzina, 40, 25050 Saiano BS, Italy;http://www.casaadea.it/;https://www.instagram.com/agriturismocasaadea/
Bar Locanda Crocevia;Brescia, Italy;Viale Caduti del Lavoro, 62, 25030 Castel Mella BS, Italy;http://www.locandacrocevia.it/;http://instagram.com/barlocandacrocevia
Trattoria Terra&Tavola;Brescia, Italy;Via Enrico Fermi, 8, 25064 Mandolossa BS, Italy;https://www.terraetavola.it/;https://www.instagram.com/terra_e_tavola__/
Trattoria Vantini;Brescia, Italy;Via Alessandro Luzzago, 22, 25126 Brescia BS, Italy;http://www.trattoriavantini.it/;https://www.instagram.com/trattoriavantini/
Trattoria Buca;Brescia, Italy;Viale della Stazione, 1, 25122 Brescia BS, Italy;https://trattoria-buca-brescia.com/;https://www.instagram.com/trattoriabuca/
Trattoria Naviglio di Gentilini Claudio;Brescia, Italy;Via A. Diaz, 206, 25010 San Zeno Naviglio BS, Italy;https://trattorianaviglio.it/;https://www.instagram.com/barnaviglio/
"Trattoria Urbana ""Mangiafuoco""";Brescia, Italy;Via Calzavellia, 3A, 25122 Brescia BS, Italy;https://www.trattoriamangiafuoco.it/;https://www.instagram.com/trattoriaurbanamangiafuoco/
Trattoria Mezzeria;Brescia, Italy;Via Trieste, 66, 25121 Brescia BS, Italy;https://www.trattoriamezzeria.it/;https://instagram.com/trattoria_mezzeria/
Trattoria La Campagnola;Brescia, Italy;Via Mandolossa, 105, 25064 Gussago BS, Italy;https://www.trattoriacampagnola.com/;http://instagram.com/lacampagnola_trattoria/
Trattoria Briscola;Brescia, Italy;Via Costalunga, 18, 25123 Brescia BS, Italy;http://www.trattoriabriscola.com/;https://www.instagram.com/trattoria_briscola/
antica trattoria Piè del Dos | cucina tradizionale;Brescia, Italy;Via Forcella, 6, 25064 Gussago BS, Italy;http://piedeldos.it/;https://www.instagram.com/bresciaatavola/
La Commedia delle Pentole Trattoria Bresciana - Braceria - Carni Selezionate;Brescia, Italy;Via Zara, 125, 25125 Brescia BS, Italy;http://www.lacommediadellepentole.it/;https://www.instagram.com/lacommediadellepentole/
Creminati;Brescia, Italy;Via della Valle, 10/12, 25128 Brescia BS, Italy;http://www.creminati.it/;https://www.instagram.com/enotecacreminati/
Trattoria Il Melograno;Brescia, Italy;Via Valle Bresciana, 14, 25127 Brescia BS, Italy;https://www.trattoriailmelograno.it/;https://www.instagram.com/trattoria_il_melograno/
Osteria Cominelli;Brescia, Italy;Via della Palla, 4, 25124 Brescia BS, Italy;https://www.osteriacominelli.it/;https://www.instagram.com/osteriacominelli/
L'oste Sobrio in Carmine;Brescia, Italy;Via Marsala, 43, 25122 Brescia BS, Italy;https://www.osteria-ostesobrio.it/;https://www.instagram.com/ostesobrio/
Osteria Delle Streghe;Brescia, Italy;Via Sorbana, 72, 25126 Brescia BS, Italy;http://www.osteriadellestreghe.it/;https://www.instagram.com/osteriadellestreghe_bs/
I Du Dela Contrada;Brescia, Italy;Contrada del Carmine, 18b, 25122 Brescia BS, Italy;http://www.idudelacontrada.it/;https://www.instagram.com/idudelacontrada/
Osteria Al Bianchi;Brescia, Italy;Via Gasparo da Salò, 32, 25122 Brescia BS, Italy;http://www.osteriaalbianchi.it/;https://www.instagram.com/osterialbianchi/
Osteria Dell'Angelo Locale Storico in Franciacorta;Brescia, Italy;Via Fontana, 25, 25064 Gussago BS, Italy;http://www.osteriadellangelo.it/;http://instagram.com
Osteria Del Maistrì;Brescia, Italy;Località Stella, 1 Località Stella, 1, 25062 Concesio BS, Italy;http://www.osteriadelmaistri.it/;https://www.instagram.com/osteriadelmaistri/
Ristorante Hosteria di Bettini Emanuele;Brescia, Italy;Via XXVIII Marzo 1849, Via Indipendenza, 2/B, 25135 Brescia BS, Italy;http://www.ristorantehosteria.it/;https://www.instagram.com/ristorante_hosteria/
L’Antica Pizzeria da Michele Brescia;Brescia, Italy;Via Padre Giulio Bevilacqua, 4, 25121 Brescia BS, Italy;https://www.damichelebrescia.it/;https://www.instagram.com/bresciapizzeriadamichele/
Pizzeria romana;Brescia, Italy;Via E. Mattei, 37/39, 25030 Roncadelle BS, Italy;https://romanticapizza.it/?utm_source=GMB&utm_medium=organic&utm_campaign=listing-google-my-business&utm_content=Rom'antica_Roncadelle;https://www.instagram.com/romantica_lapizzaallaromana/
Pizzium - Brescia;Brescia, Italy;Via Tosio, 1, 25121 Brescia BS, Italy;https://pizzium.com/locali/brescia-via-tosio-1/?utm_source=google&utm_medium=GMBSitelink&utm_campaign=GMBSitelink_Brescia_Tosio1;https://www.instagram.com/pizzium/
Pizzeria Linus Brescia;Brescia, Italy;Via della Volta, 6, 25124 Brescia BS, Italy;http://pizzerialinus.it/;https://www.instagram.com/explore/tags/pizzerialinus/
da Pino Brescia;Brescia, Italy;Piazza Bruno Boni, 6, 25121 Brescia BS, Italy;http://www.dapino.it/;https://www.instagram.com/dapino.it/
Caprizza Brescia;Brescia, Italy;Viale Venezia, 69, 25123 Brescia BS, Italy;http://www.caprizza.it/;https://www.instagram.com/caprizza_italia/
"Ristorante e Pizzeria da ""Lapi""";Brescia, Italy;Via Lucio Fiorentini, 21, Via Vittorio Arici, 4, 25134 Brescia BS, Italy;http://pizzeriadalapi.it/;https://www.instagram.com/pizzeriadalapisanpolo/
Pizzeria Piadineria Take Away Sant'Eustacchio - Asporto e Domicilio;Brescia, Italy;Via Sant'Eustacchio, 6, 25100 Brescia BS, Italy;https://www.pizzeria-take-away-brescia.it/;http://instagram.com/pizzeriatakeaway_bs
Ristorante Pizzeria OVERÈ Pizzaioli Musicanti;Brescia, Italy;Via Martorello, 10, 25014 Castenedolo BS, Italy;http://www.overe.it/;https://www.instagram.com/overe_pizzaiolimusicanti/
Fradiavolo Pizzeria - Brescia Centro;Brescia, Italy;P.za Paolo VI, 26, 25121 Brescia BS, Italy;https://www.fradiavolopizzeria.com/;https://www.instagram.com/fradiavolopizza
Pizzeria I Partenopei Brescia;Brescia, Italy;Via Vittorio Emanuele II, 39, 25122 Brescia BS, Italy;https://ipartenopeibrescia.it/;https://www.instagram.com/ipartenopei_brescia/
Super Ramen Taranto;Taranto, Italy;Via Dante Alighieri, 168, 74121 Taranto TA, Italy;https://www.superramen.it/;https://www.instagram.com/superramen_taranto/
Osteria Due Mari;Taranto, Italy;Viale Virgilio, 65b/c, 74122 Taranto TA, Italy;http://osteriaduemari.it/;https://www.instagram.com/osteria_due_mari
Merak Restaurant;Taranto, Italy;Via Principe Amedeo, 1A, 74123 Taranto TA, Italy;https://merakristorante.it/;https://www.instagram.com/merakristorante/
Stellamaris;Taranto, Italy;Viale Duca D'Aosta, 21/A, 74123 Taranto TA, Italy;http://www.stellamaris.taranto.it/;https://www.instagram.com/stellamaris_taranto/
Love Pizza Restaurant Via Lucania;Taranto, Italy;Via Lucania, 72, 74121 Taranto TA, Italy;https://lovepizza.at/;https://www.instagram.com/lovepizzarestaurant/
In Rada Restaurant;Taranto, Italy;Via Giuseppe Garibaldi, 148, 74123 Taranto TA, Italy;https://inradarestaurant.it/;https://www.instagram.com/inradarestaurant
Famila Bistrò;Taranto, Italy;Viale Europa, 147, 74029 Talsano TA, Italy;https://familabistro.it/;https://www.instagram.com/familasuditalia/
DaMò Sapori & Salute;Taranto, Italy;Viale Trentino, 36, 74121 Taranto TA, Italy;https://www.ristorantedamo.it/;https://www.instagram.com/damosaporiesalute
La Paranza;Taranto, Italy;Via Cariati, 68, 74123 Taranto TA, Italy;http://www.laparanzataranto.it/;https://www.instagram.com/laparanzataranto/
Al Faro Hotel Restaurant Masseria Saraceno;Taranto, Italy;Via della Pineta, 5, 74100 Taranto TA, Italy;http://www.alfarotaranto.it/;https://www.instagram.com/alfaro_ristorantehotel/
Ristò Fratelli Pesce;Taranto, Italy;Via Porto, 18, 74123 Taranto TA, Italy;https://fratellipesceristo.it/fratelli-pesce-risto/;https://www.instagram.com/ristofratellipesce/
Fratelli Filetto - Osteria Moderna;Taranto, Italy;Via Pitagora, 18, 74122 Taranto TA, Italy;http://www.fratellifiletto.it/;https://www.instagram.com/fratellifiletto/
ALCHIMIA CAFFETTERIA da Sara;Taranto, Italy;Via Salvo D'Acquisto, 1, 74122 Taranto TA, Italy;https://www.scoprendolapuglia.it/it/attivita/2327-alchimia-da-sara.html;https://www.instagram.com/scoprendolapuglia/
Moleque - comida de rua;Taranto, Italy;Via Giuseppe Massari, 13, 74123 Taranto TA, Italy;https://www.moleque.it/;https://www.instagram.com/moleque_taranto/
Rainbow Lounge Cafè;Taranto, Italy;Via Bùccari, 36, 74121 Taranto TA, Italy;https://www.arcobalenolounge.cafe/;https://www.instagram.com/arcobalenoloungecafe/
Bar Vittoria Taranto;Taranto, Italy;Via Cesare Battisti, 83 b, 74121 Taranto TA, Italy;https://www.barvittoriataranto.com/;https://www.instagram.com/barvittoriataranto/
Baroné - Bar Pasticceria - Pizzeria Gourmet -Taranto;Taranto, Italy;C.so Due Mari, 34/35, 36, 74123 Taranto TA, Italy;https://baronetaranto.it/;https://www.instagram.com/baronetaranto/
IQOS PARTNER - Bar Tabacchi Simonetti di Simonetti Antonio, Taranto;Taranto, Italy;Via Alto Adige, 145, 74121 Taranto TA, Italy;http://iqos.com/;https://www.instagram.com/iqos.us/
Bar Mediterraneo - Talsano;Taranto, Italy;Viale Europa, 201, 74122 Taranto TA, Italy;http://www.barmediterraneo.it/;https://www.instagram.com/barmediterraneotalsano/
Binario Express: bar stazione Taranto;Taranto, Italy;P.za della Libertà, 10, 74123 Taranto TA, Italy;https://binarioexpress.com/;https://www.instagram.com/binarioexpress/
Delfino Hotel Taranto - HO Collection;Taranto, Italy;Viale Virgilio, 66, 74100 Taranto TA, Italy;https://hoteldelfinotaranto.com/;https://www.instagram.com/delfinohotel_taranto/
Hotel Europa;Taranto, Italy;Via Roma, 2, 74123 Taranto TA, Italy;http://www.hoteleuropataranto.it/;https://www.instagram.com/hoteleuropataranto/
Salina Hotel;Taranto, Italy;Viale Unità d'Italia, 648-650, Via Mediterraneo, 1, 74122 Taranto TA, Italy;http://www.salinahotel.it/;http://instagram.com/
Hotel Akropolis - Museum Hotel;Taranto, Italy;Vicolo I Seminario, 3, 74123 Taranto TA, Italy;http://www.hotelakropolis.it/;https://www.instagram.com/hotelakropolis/
TURSPORT HOTEL RESIDENCE;Taranto, Italy;Via del Faro, 58, 74122 Taranto TA, Italy;http://www.tursport.it/;https://www.instagram.com/tursport_hotel_residence_2020/
Histò Relais San Pietro sul Mar Piccolo;Taranto, Italy;Via Santandrea Circummarpiccolo, 74123 Taranto TA, Italy;http://www.relaishisto.it/;https://www.instagram.com/relais_histo
Palazzo Matà;Taranto, Italy;Via Cariati, 72, 74123 Taranto TA, Italy;https://www.palazzomata.it/;https://www.instagram.com/palazzomata/
Blue Bay Residence Resort;Taranto, Italy;Via Mormore, 59, 74122 Taranto TA, Italy;http://bluebayresidence.it/;https://www.instagram.com/bluebayresidence/
La Dimora Degli Dei;Taranto, Italy;Vico Nasuti, 24, 74123 Taranto TA, Italy;https://www.dimoradeglidei.it/;https://www.instagram.com/ladimora.deglidei/
Dimora San Lorenzo;Taranto, Italy;Via Angelo Berardi, 35, 74123 Taranto TA, Italy;http://www.dimorasanlorenzo.net/;https://www.instagram.com/dimora_san_lorenzo
A due passi dal ponte;Taranto, Italy;Via Giuseppe Pisanelli, 30, 74123 Taranto TA, Italy;http://www.aduepassidalpontetaranto.it/;https://instagram.com/wix/
House Bed & Breakfast Domus;Taranto, Italy;Via Cesare Battisti, 180, 74121 Taranto TA, Italy;http://www.bbdomustaranto.com/;https://www.instagram.com/bbdomustaranto/
HB Albergo Lamanna;Taranto, Italy;Via S. Vito, 10, 74122 Taranto TA, Italy;http://www.albergolamanna.it/;https://www.instagram.com/hbalbergolamanna
H3V;Taranto, Italy;Via Fior di Mandorli, 1, 74122 Taranto TA, Italy;http://www.h3v.it/;https://www.instagram.com/h3vhotel/
Hotel Masseria Villa Marchesi;Taranto, Italy;Via Narcisi, 2, 74122 Taranto TA, Italy;http://www.masseriavillamarchesi.com/home-3/;https://www.instagram.com/villamarchesimasseria/
PHALANTHOS TARANTO;Taranto, Italy;Via Campania, 101, 74121 Taranto TA, Italy;http://www.phalanthos.it/;https://instagram.com/phalanthosbb
Bacã Suites Restaurant & Bar;Taranto, Italy;Via Niccolò Tommaso d'Aquino, 118, 74121 Taranto TA, Italy;https://www.bacataranto.it/;https://www.instagram.com/baca_taranto
Villaggio San Giovanni;Taranto, Italy;Via Roberto Rossellini, 1, 74027 San Giorgio Ionico TA, Italy;https://www.villaggiosangiovanni.it/;https://www.instagram.com/villaggiosangiovanni/
Lux Suite;Taranto, Italy;Via Cataldo Nitti, 116, 74123 Taranto TA, Italy;https://luxsuite.webnode.it/;https://www.instagram.com/fashionluxsuite/
Karina's Rooms;Taranto, Italy;Via Fiume, 3, 74121 Taranto TA, Italy;https://www.casakarinataranto.it/;https://instagram.com/casakarina.ta
Bed and Breakfast Alba Ionica Taranto;Taranto, Italy;Via Duca Degli Abruzzi, 14, 74123 Taranto TA, Italy;https://www.albaionicataranto.it/;https://www.instagram.com/albaionicataranto/
Maison MoDì;Taranto, Italy;Via Roma, 24, 74123 Taranto TA, Italy;https://www.maisonmodisuite.com/;https://www.instagram.com/
L’Antica Pizzeria da Michele Taranto;Taranto, Italy;C.so Due Mari, 30, 74123 Taranto TA, Italy;http://www.damicheletaranto.it/;https://instagram.com/damicheletaranto
Vistamare;Taranto, Italy;C.so Due Mari, 26/27, 74123 Taranto TA, Italy;https://www.vistamaretaranto.com/;https://www.instagram.com/vistamare.taranto
Nicanto - Bistrot;Taranto, Italy;Via di Mezzo, 146/148, 74123 Taranto TA, Italy;https://www.nicantobistrot.it/;https://www.instagram.com/nicanto_bistrot_rooms
Doppio Zero;Taranto, Italy;Via Cesare Battisti, 3/B, 74121 Taranto TA, Italy;http://www.doppiozerota.it/;https://www.instagram.com/doppiozerotaranto
MAGNUS RISTRO';Prato, Italy;Via F.lli Rosselli, 51, 59013 Montemurlo PO, Italy;https://www.magnusristro.it/;https://www.instagram.com/magnusristro/
Ciribè trattoria Toscana;Prato, Italy;P.za Mercatale, 49, 59100 Prato PO, Italy;https://linktr.ee/ristorantetrattoriaciribeprato;https://www.instagram.com/trattoria_ciribe/
La Casa di Rodo - Agriturismo;Prato, Italy;Via Vecchia Fiorentina II Tronco, 204, 51039 Quarrata PT, Italy;http://www.lacasadirodo.it/;https://www.instagram.com/lacasadirodo/
Ristorante Pepenero-Cucina6zero;Prato, Italy;Via Alfredo Guarducci, 1, 59100 Prato PO, Italy;https://pepeneroristoranteprato.it/;https://www.instagram.com/cucina6zero_pepenero/
Umi sushi restaurant - I Gigli;Prato, Italy;Via San Quirico, 165, 50013 Campi Bisenzio FI, Italy;http://www.umisushirestaurant.it/;https://www.instagram.com/umisushi.igigli/
Bambi Trippa e Lampredotto i Gigli;Prato, Italy;All'interno dei Banchi del Mercato Centrale, Via San Quirico, 165, 50013 Campi Bisenzio FI, Italy;https://www.bambitrippaelampredotto.it/;https://instagram.com/bambitrippaelampredotto
Roadhouse Restaurant Sesto Fiorentino;Prato, Italy;Via del Cantone, 49, 50019 Sesto Fiorentino FI, Italy;https://www.roadhouse.it/it/ristorante-roadhouse-sesto-fiorentino;https://www.instagram.com/roadhouse_restaurant/
Trattoria La Fontana;Prato, Italy;Via del Canneto, 1, 59100 Prato PO, Italy;http://www.trattorialafontanaprato.com/;https://www.instagram.com/trattorialafontanaprato/
Caveau restaurant;Prato, Italy;V.le della Repubblica, 225, 59100 Prato PO, Italy;https://www.caveaurestaurant.it/;https://www.instagram.com/caveaurestaurant/
NOAH Fish Restaurant;Prato, Italy;Via Roma, 631, 59100 Prato PO, Italy;https://noahfishrestaurant.it/;https://www.instagram.com/noahfishrestaurant/
Roadhouse Restaurant Firenze;Prato, Italy;28, Via Fratelli Cervi, 24/26, 50013 Campi Bisenzio FI, Italy;http://www.roadhouse.it/it/ristorante-roadhouse-firenze;https://www.instagram.com/roadhouse_restaurant/
Tre Caci;Prato, Italy;Via Baldanzese, 130, 50041 Calenzano FI, Italy;http://www.ristorantetrecaci.it/;https://www.instagram.com/ristorantetrecaci/
Calavera Restaurant - Campi Bisenzio;Prato, Italy;I Gigli, Via San Quirico, 165, 50013 Campi Bisenzio FI, Italy;https://calavera.it/;https://www.instagram.com/calavera_restaurant/
Roadhouse Restaurant Prato;Prato, Italy;Via E. Berlinguer, 195, 59100 Prato PO, Italy;http://www.roadhouse.it/it/ristorante-roadhouse-prato;https://www.instagram.com/roadhouse_restaurant/
Miho Japanese Restaurant;Prato, Italy;Via Lucchese, 90, 50019 Sesto Fiorentino FI, Italy;https://mihosushi.it/ristoranti/sesto-fiorentino/;https://www.instagram.com/mihosushi/
Okaeri;Prato, Italy;Via Ugo Novelli, 52, 50013 Campi Bisenzio FI, Italy;https://www.okaerifirenze.it/;https://www.instagram.com/okaeri_firenze/
Old Wild West - Firenze I Gigli;Prato, Italy;Via San Quirico, 165, 50013 Campi Bisenzio FI, Italy;https://www.oldwildwest.it/?utm_campaign=Brand-Schede_Google&utm_content=homepage&utm_medium=Organic&utm_source=Partoo;https://www.instagram.com/oldwildwest/
Gate13 Restaurant;Prato, Italy;Area Di Servizio Firenze Nord, 50019 Sesto Fiorentino FI, Italy;https://www.gate13ristorante.it/;https://www.instagram.com/gate13restaurant_
Il Dek Italian Bistrot;Prato, Italy;Piazza Santa Maria delle Carceri, 1, 59100 Prato PO, Italy;https://dekitalianbistrot.com/;https://www.instagram.com/ildekprato/
Henkō Sushi Restaurant;Prato, Italy;Via delle Pleiadi, 14, 59100 Prato PO, Italy;https://www.henkosushirestaurant.it/;https://www.instagram.com/henkosushirestaurant/
Post'ò Cafè;Prato, Italy;Via G. Borselli, 89, 59100 Prato PO, Italy;https://postocafe.it/;https://www.instagram.com/posto_cafe_pisa/
Victory Café Museo;Prato, Italy;Viale A. Labriola, 243, 59013 Montemurlo PO, Italy;http://www.victorycafe.it/;https://www.instagram.com/victorycafemuseo/
Cartabianca Cafè Prato;Prato, Italy;Via Giuseppe Valentini, 16, 59100 Prato PO, Italy;http://www.cartabiancacafe.it/;https://www.instagram.com/cartabiancacafe/
Gila Bar Bistrò Enoteca;Prato, Italy;Via di Gello, 39, 59100 Prato PO, Italy;http://www.gilacaffe.it/;https://www.instagram.com/gila_bar_bistro_enoteca
Il Forno di Cartabianca;Prato, Italy;Via Vittorio Emanuele, 145, 50019 Sesto Fiorentino FI, Italy;http://www.cartabiancacafe.it/;https://www.instagram.com/cartabiancacafe/
Chef Express;Prato, Italy;A1, 50014 Campi Bisenzio FI, Italy;http://www.chefexpress.it/;https://www.instagram.com/chefexpress4u/
pasticceria Machiavelli;Prato, Italy;Via Niccolò Machiavelli, 35, 59100 Prato PO, Italy;http://www.machiavelli-lagioconda.it/it/;https://www.instagram.com/machiavelli_lagioconda/
Bobble Bobble Prato;Prato, Italy;Via Bettino Ricasoli, 37, 59100 Prato PO, Italy;http://www.bobblebobble.it/;https://www.instagram.com/bob.bubbletea/
Office Café;Prato, Italy;Piazza Bellucci, 51031 Agliana PT, Italy;https://officecafe.it/;https://www.instagram.com/p/DQy6hpCDKPC/
Caffè La Scala;Prato, Italy;Via Roubaix, 37, 59100 Prato PO, Italy;http://www.caffelascala.it/;https://www.instagram.com/caffe.la.scala/
NOVOTEL CAFE';Prato, Italy;Via Tevere 23 Osmannoro, 50019 Firenze FI, Italy;https://www.accorhotels.com/it/italia/index.shtml;https://www.instagram.com/all.accor
Chef Express - Peretola Nord 25;Prato, Italy;Autostrada Firenze-Mare, 50020 Sesto Fiorentino FI, Italy;https://www.chefexpress.it/poi/peretola-nord/;https://www.instagram.com/chefexpress4u/
TIME Calenzano;Prato, Italy;Via Giuseppe Giusti, 128, 50041 Calenzano FI, Italy;https://timecalenzano.it/;https://www.instagram.com/timecalenzano/
Crazy Center - PRATO - Climbing Center;Prato, Italy;Via Bisenzio a S. Martino, 14, 59100 Prato PO, Italy;https://www.crazycenter.it/prato;https://www.instagram.com/crazycenter/
Sushi Daily Prato Kuliscioff;Prato, Italy;Via Anna Kuliscioff, 3, 59100 Prato PO, Italy;https://www.sushidaily.com/it-it/dove-siamo/prato-kuliscioff/?utm_source=Google&utm_medium=local&utm_term=Prato%20Kuliscioff&utm_content=IT;https://www.instagram.com/sushidailyitalia/
Caffe Le 2 Terrazze Prato;Prato, Italy;Via Lorenzo Ciulli, 40, 59100 Prato PO, Italy;http://www.le2terrazze.it/;https://www.instagram.com/le2terrazze.2017/
Catering Roberta;Prato, Italy;Via Cancellieri, 53, 59016 Poggio a Caiano PO, Italy;http://www.cateringroberta.it/;https://www.instagram.com/catering.roberta/
Gianno bar i 2 Ponti;Prato, Italy;Via Albert Einstein, 38, 50013 Campi Bisenzio FI, Italy;https://www.gianno.it/;https://www.instagram.com/gianno_official/
Bar La Tazza D'Oro;Prato, Italy;V.le della Repubblica, 290, 59100 Prato PO, Italy;https://www.latazzadoroprato.it/;https://www.instagram.com/la_tazza_doro/
Bar Bobolino;Prato, Italy;Via Chemnitz, 21/8, 59100 Prato PO, Italy;https://www.bobolinoprato.it/;https://www.instagram.com/bobolino_prato/
IQOS PARTNER - Bar Tabacchi Caffe Datini;Prato, Italy;Via Benedetto Cairoli, 2, 59100 Prato PO, Italy;http://www.iqos.com/;https://www.instagram.com/iqos.us/
Bar Sarni - Bisenzio Ovest;Prato, Italy;km, 279/A1, 50019 Sesto Fiorentino FI, Italy;http://www.sarniristorazione.it/;https://www.instagram.com/sarni_ristorazione/
ibis Firenze Prato Est;Prato, Italy;Località Capalle, Via Fratelli Cervi, 50013 Campi Bisenzio FI, Italy;https://all.accor.com/lien_externe.svlt?goto=fiche_hotel&code_hotel=3305&merchantid=seo-maps-IT-3305&sourceid=aw-cen&utm_medium=seo%20maps&utm_source=google%20Maps&utm_campaign=seo%20maps;https://www.instagram.com/all.accor
Starhotels Vespucci;Prato, Italy;Via San Quirico, 292/A, 50010 Campi Bisenzio FI, Italy;http://www.starhotels.com/en/our-hotels/vespucci-florence/;https://www.instagram.com/starhotels
Novotel Firenze Nord Aeroporto;Prato, Italy;Via Tevere 23 Osmannoro, 50019 Firenze FI, Italy;https://all.accor.com/lien_externe.svlt?goto=fiche_hotel&code_hotel=1798&merchantid=seo-maps-IT-1798&sourceid=aw-cen&utm_medium=seo%20maps&utm_source=google%20Maps&utm_campaign=seo%20maps;https://www.instagram.com/all.accor
Art Hotel Museo;Prato, Italy;V.le della Repubblica, 289, 59100 Prato PO, Italy;https://www.arthotel-museo.it/;https://www.instagram.com/explore/locations/271767731/art-hotel/
Datini Hotel;Prato, Italy;Viale Guglielmo Marconi, 80, 59100 Prato PO, Italy;http://www.hoteldatini.com/;https://www.instagram.com/hoteldatini/
Art Hotel Milano;Prato, Italy;Via Tiziano, 15, 59100 Prato PO, Italy;https://www.arthotel-milano.it/;https://www.instagram.com/art_hotel_museo/
West Florence Hotel;Prato, Italy;Via Guido Guinizelli, 15, 50013 Campi Bisenzio FI, Italy;http://www.westflorencehotel.it/;https://www.instagram.com/westflorencehotel/
Hotel Ristorante Trendy;Prato, Italy;Via Pistoiese, 833/5, 59100 Prato PO, Italy;http://www.hoteltrendyprato.it/;https://www.instagram.com/hotelristorantetrendy
Wall Art Apartmenthotel;Prato, Italy;V.le della Repubblica, 8, 59100 Prato PO, Italy;https://www.wallart.it/;https://instagram.com/wallart_hotel_residence/
I Vivai Hotel;Prato, Italy;Via Parugiano di Sopra, 33, 59013 Montemurlo PO, Italy;https://www.ivivaialparugiano.it/;https://www.instagram.com/ivivairestaurant/
Petit Hotel;Prato, Italy;Via Firenze, 384/386, 59100 Prato PO, Italy;https://www.petithotelfirenze.com/;https://www.instagram.com/petit.hotel_fi
VILLAGIOVEROOMS;Prato, Italy;Via Bruno Buozzi, 86, 59100 Prato PO, Italy;http://www.villagioverooms.com/;https://www.instagram.com/villagioverooms.com_prato/
Hotel Richard Agliana (PT) - Beautiful bedrooms;Prato, Italy;Via Papa Giovanni XXIII, 11, 51031 Agliana PT, Italy;https://www.hotelrichard.it/;https://www.instagram.com/Hotel.richard/
Hotel Valmarina;Prato, Italy;Via Baldanzese, 146, 50041 Calenzano FI, Italy;http://www.hotelvalmarina.it/;https://www.instagram.com/explore/locations/174406395766/hotel-valmarina/
Podere Milla;Prato, Italy;Via A. Pacinotti, 21, 51037 Montale PT, Italy;https://www.poderemilla.it/;https://www.instagram.com/poderemilla
ACCADEMIA RESIDENCE;Prato, Italy;Via dell'Accademia, 45, 59100 Prato PO, Italy;http://www.accademiaresidence.it/;https://www.instagram.com/accademia.residence
B&B Borgo della Rocca;Prato, Italy;Via della Rocca, 24, 59013 Montemurlo PO, Italy;http://www.borgodellarocca.it/;https://web.archive.org/web/20250206193506/https://www.instagram.com/federicobrachi
La Rugea - Le Spighe Resort;Prato, Italy;Via della Rugea, 9 Via della Rugea, 11, Via della Rugea, 13, 59100 Prato PO, Italy;https://www.larugealespighe.com/;https://www.instagram.com/larugea_lespighe_resort/
Relais Villa Scarfantoni B&B;Prato, Italy;Via R. Scarpettini, 302, 59013 Montemurlo PO, Italy;http://www.villascarfantoni.com/;https://www.instagram.com/villascarfantonirelais/
Albergo Ristorante Bar Pizzeria '76 - '06;Prato, Italy;Via Spartaco Lavagnini, 70, 51031 Agliana PT, Italy;https://pizzeria7606.com/;https://www.instagram.com/7606pizzeria/
Osteria Su Santa Trinita;Prato, Italy;Vicolo de' Neroni, 4, 59100 Prato PO, Italy;http://www.osteriasantatrinita.it/;https://www.instagram.com/osteriasantatrinita/
Osteria del Piacere;Prato, Italy;Piazza S. Domenico, 16, 59100 Prato PO, Italy;http://osteriadelpiacere.com/;https://www.instagram.com/
Ristorante Pizzeria Acquamatta;Prato, Italy;Via Barberinese, 157, 50013 Campi Bisenzio FI, Italy;https://www.acquamatta.eu/;https://www.instagram.com/acquamattaristorantepizzeria
MiAmi Ristorante Pizzeria;Prato, Italy;Viale Montegrappa, 275, 59100 Prato PO, Italy;http://www.miamiprato.it/;https://www.instagram.com/p/DVv0gYMjHEG/
Pizzeria Chiaroscuro;Prato, Italy;Via della Fogliaia, 31, 50041 Calenzano FI, Italy;https://www.pizzeriachiaroscuro.com/;https://instagram.com/pizzeriachiaroscuro
Verderame - Ristorante Pizzeria - Gluten Free;Prato, Italy;Via Lucchese, 160, 50019 Sesto Fiorentino FI, Italy;https://www.ristoranterame.it/;https://www.instagram.com/verderamesestofiorentino
Dispensa Emilia Via Emilia Est Modena;Modena, Italy;Via Emilia Est, 981, 41122 Modena MO, Italy;http://www.dispensaemilia.it/;https://instagram.com/dispensaemilia
Charisma Cafe Sas (Bar, Pizzeria, Restaurant);Modena, Italy;Via Emilia Ovest, 765, 41123 Modena MO, Italy;http://www.carismaristorante.it/;https://www.instagram.com/carismaristorante_/
Roots;Modena, Italy;Via Francesco Selmi, 67, 41121 Modena MO, Italy;https://www.rootsmodena.com/;https://www.instagram.com/rootsmodena/
Via Taglio 12 Eat & Drink - di Sala Irene & C. snc;Modena, Italy;Via Del Taglio, 12/b, 41121 Modena MO, Italy;https://viataglio12.it/;https://www.instagram.com/via_taglio12/
KEIK;Modena, Italy;Via Canalino, 51, 41121 Modena MO, Italy;http://www.keik.it/;https://www.instagram.com/keikmodena/
Trattoria Aldina;Modena, Italy;Via Luigi Albinelli, 40, 41121 Modena MO, Italy;https://www.trattoriaaldina.it/;https://instagram.com/trattoria.aldina
Mika Modena;Modena, Italy;Via Pietro Giardini, 739, 41125 Modena MO, Italy;http://mikamodena.it/;https://www.instagram.com/mikamodena/
KEBANTIKA;Modena, Italy;Viale Ciro Menotti, 196, 41121 Modena MO, Italy;https://www.kebantika.it/;https://www.kebantika.it/www.instagram.com/kebantika_modena
Sagami - Modena;Modena, Italy;Viale C. Sigonio, 46, 41124 Modena MO, Italy;https://sagami.it/locali/sagami-modena/;https://www.instagram.com/sagamimodena
pizzALTaglio;Modena, Italy;Via del Carmine, 3, 41121 Modena MO, Italy;http://www.pizzaltaglio.eu/;https://www.instagram.com/pizzaltaglio_modena/
Luigi Teperino Pizzeria - Modena 2.0;Modena, Italy;Viale A. Gramsci, 106, 41122 Modena MO, Italy;https://www.luigiteperino.it/;https://www.instagram.com/luigiteperinomodena2.0
Masa Japanese Restaurant Modena;Modena, Italy;Piazza Acciaierie Ferriere, 116, 41121 Modena MO, Italy;https://masaristorantegiapponese.com/masa-modena/;https://www.instagram.com/masajapanese_modena/
pizzALTaglio;Modena, Italy;Piazza Giuseppe Mazzini, 46, 41121 Modena MO, Italy;http://www.pizzaltaglio.eu/;https://www.instagram.com/pizzaltaglio_modena/
Balzac Bistrot - Aperitivo e Ristorante Piazza Grande;Modena, Italy;Piazza Grande, 45/B, 41121 Modena MO, Italy;https://www.balzacmodena.it/;https://www.instagram.com/balzacmodena
Ristorante Tradizionale Uva D'Oro;Modena, Italy;Piazza Giuseppe Mazzini, 37-38, 41121 Modena MO, Italy;http://www.ristoranteuvadoro.it/;https://www.instagram.com/ristoranteuvadoro/
Osteria Emilia;Modena, Italy;Via del Passatore, 160, 41011 Campogalliano MO, Italy;http://www.osteriaemilia.it/;https://www.instagram.com/osteriaemiliaristorante/
Ristorante Wàng cinese gourmet;Modena, Italy;Viale Francesco Crispi, 1, 41121 Modena MO, Italy;https://wangristorante.it/;https://www.instagram.com/reel/DWTaO-giW4N/
Osteria Francescana;Modena, Italy;Via Stella, 22, 41121 Modena MO, Italy;http://www.osteriafrancescana.it/;https://www.instagram.com/massimobottura/
Officina della Senape;Modena, Italy;Piazza Giacomo Matteotti, 19/22, 41121 Modena MO, Italy;http://officinadellasenape.com/;https://www.instagram.com/officinadellasenape_official/
Olimpia Restaurant;Modena, Italy;Viale Gaetano Storchi, 485, 41121 Modena MO, Italy;http://www.olimpiarestaurant.it/;https://www.instagram.com/olimpiarestaurant/
Roadhouse Restaurant Modena Victoria;Modena, Italy;Via Sergio Ramelli, 101, 41122 Modena MO, Italy;http://www.roadhouse.it/it/ristorante-roadhouse-modena-victoria;https://www.instagram.com/roadhouse_restaurant/
Osteria Stallo del Pomodoro;Modena, Italy;Largo Hannover, 63, 41121 Modena MO, Italy;http://www.stallodelpomodoro.it/;https://www.instagram.com/stallo.del.pomodoro/
Roadhouse Restaurant Modena;Modena, Italy;Str. Vignolese, 1653/A, 41126 Modena MO, Italy;http://www.roadhouse.it/it/ristorante-roadhouse-modena;https://www.instagram.com/roadhouse_restaurant/
Antica Moka;Modena, Italy;Via Emilia Est, 1496, 41126 Modena MO, Italy;http://www.anticamoka.it/;https://www.instagram.com/antica.moka.modena/
Old Wild West - Modena C.C. Grandemilia;Modena, Italy;Via Emilia Ovest, 1480, 41123 Modena MO, Italy;https://www.oldwildwest.it/?utm_campaign=Brand-Schede_Google&utm_content=homepage&utm_medium=Organic&utm_source=Partoo;https://www.instagram.com/oldwildwest/
Nero balsamico;Modena, Italy;Via Giardini Nord, 440, 41043 Casinalbo MO, Italy;https://www.nerobalsamico.it/;https://www.instagram.com/nero.balsamico
Osaka Sushi;Modena, Italy;Via Piave, 46, 41121 Modena MO, Italy;http://osakasushimodena.it/;https://www.instagram.com/osaka_sushi_modena
Moshi®Modena-Blend cuisine e sushi;Modena, Italy;Via Emilia Est, 1558, 41126 Modena MO, Italy;https://moshi-modena.it/;https://www.instagram.com/qodeinteractive/
The Picari Wine Bar Restaurant;Modena, Italy;Via dei Gallucci, 44, 41121 Modena MO, Italy;http://picari.it/;https://www.instagram.com/ipicari/
Bar Pasticceria Pamela;Modena, Italy;Via Emilia Est, 794, 41125 Modena MO, Italy;http://www.pasticceriapamela.it/;https://www.instagram.com/pasticceriapamela/
Maison Livre;Modena, Italy;Via Emilia Centro, 103, 41121 Modena MO, Italy;http://www.livremodena.it/;https://www.instagram.com/maisonlivre/
212 Modena Duecentododici So Up;Modena, Italy;Via Galileo Galilei, 212, 41126 Modena MO, Italy;http://www.212soup.it/;https://www.instagram.com/212soup/
PARÌ;Modena, Italy;Via Francesco Selmi, 49, 41121 Modena MO, Italy;http://www.parimodena.it/;https://www.instagram.com/parimodena/
Bar Torrazzi;Modena, Italy;Via Nonantolana, 949, 41122 Modena MO, Italy;https://www.bartorrazzi.it/;https://www.instagram.com/bar_torrazzi/
Bar Ventiquattrore - h24;Modena, Italy;Via Michele Fusco, 1, 41122 Modena MO, Italy;https://www.ventiquattrore.net/;https://instagram.com/ventiquattrore_modena
Chef Express;Modena, Italy;Presso Ospedale di Modena, Via del Pozzo, 71/1, 41100 Modena MO, Italy;http://www.chefexpress.it/;https://www.instagram.com/chefexpress4u/
Sant'Agostino bistrò;Modena, Italy;Via Emilia Centro, 226, 41121 Modena MO, Italy;https://www.cercatrovaonline.it/inserzione/santagostino-bistro/;https://www.instagram.com/cercatrovaonline/
Chef Express - Campogalliano Ovest 32;Modena, Italy;A22, 41012 Campogalliano MO, Italy;https://www.chefexpress.it/poi/campogalliano-ovest/;https://www.instagram.com/chefexpress4u/
For.me Coffee&More;Modena, Italy;Via Valle d Aosta, 1, 41043 Formigine MO, Italy;https://forme-formigine.eatbu.com/;https://www.instagram.com/for.me_coffe_and_more/
Mon Cafè;Modena, Italy;Corso Canalchiaro, 128, 41121 Modena MO, Italy;https://mon-cafe.it/;https://www.instagram.com/moncafemodena/
Trattoria MODErNA;Modena, Italy;V. Vandelli, 2h, 41051 Montale MO, Italy;https://trattoriamodernamodena.it/;https://www.instagram.com/trattoriamoderna_/
ACSÈ - Caffetteria con Enoteca;Modena, Italy;Piazza Grande, 48, 41121 Modena MO, Italy;https://acsemodena.it/;https://www.instagram.com/acsemodena/
Happy Bar;Modena, Italy;Via Trento e Trieste, 66, 41043 Formigine MO, Italy;https://www.happybarformigine.it/menu.html;https://www.instagram.com/happybar1973/
CDH Hotel Modena;Modena, Italy;Via Emilia Ovest, 666, 41123 Modena MO, Italy;https://www.cdhhotelmodena.it/?utm_source=gbp&utm_medium=organic;https://www.instagram.com/cdh_hotel_modena/
Best Western Hotel Modena District;Modena, Italy;Via del Passatore, 160, 41011 Campogalliano MO, Italy;http://www.modenadistrict.it/;https://www.instagram.com/bw_modenadistrict
RMH MODENA DES ARTS;Modena, Italy;Via Luigi Settembrini, 10, 41126 Baggiovara MO, Italy;https://www.desartshotel.it/it/;https://www.instagram.com/rmhmodenadesarts/
RMH Modena Raffaello - Hotel;Modena, Italy;Str. Cognento, 5, 41126 Modena MO, Italy;http://www.hotelraffaellomodena.it/;https://www.instagram.com/rmhmodenadesarts/
Hostel Modena San Filippo Neri;Modena, Italy;Via Sant'Orsola, 52, 41121 Modena MO, Italy;http://www.ostellomodena.it/;https://www.instagram.com/ostellomodena/
Real Fini Baia del Re Hotel Ristorante;Modena, Italy;Str. Vignolese, 1684, 41126 Modena MO, Italy;https://www.hotelbaiadelre.com/it/?utm_source=google&utm_medium=organic&utm_campaign=GoogleMyBusiness;https://www.instagram.com/finibaiadelre
Hotel Daunia;Modena, Italy;Via del Pozzo, 158, 41124 Modena MO, Italy;http://www.hoteldaunia.it/;https://www.instagram.com/hotel_daunia/
Hotel Tiby Ritz;Modena, Italy;Via E. Rainusso, 108, 41124 Modena MO, Italy;https://www.hoteltibymodena.it/;https://www.instagram.com/hotel_tiby_108/
Rechigi Park Hotel;Modena, Italy;Via Emilia Est, 1581, 41122 Modena MO, Italy;http://www.rechigiparkhotel.it/;https://instagram.com/rechigiparkhotel
CX Modena | Crocetta - Campus & Hotel;Modena, Italy;Via Manfredo Fanti, 155, 41122 Modena MO, Italy;https://www.cx-place.com/cxmodena-crocetta-campus.html;https://www.instagram.com/cxcampus_/
Albergo Moderno Hotel;Modena, Italy;Via Giuseppe Campi, 244/1, 41125 Modena MO, Italy;http://www.albergomoderno-hotel-modena.it/;https://www.instagram.com/albergo_modernomodena/
Turismo Ristorazione - Steak House - Bed & Breakfast -;Modena, Italy;Str. Cave di Ramo, 107, 41123 Modena MO, Italy;http://www.ristoranteturismo.com/;https://www.instagram.com/ristoranteturismo1987/
La Corte Country Rooms;Modena, Italy;Str. Castelnuovo Rangone, 210, 41126 Modena MO, Italy;https://lacortecountryrooms.icalu.com/it;https://instagram.com/
Hotel Cervetta 5;Modena, Italy;Via Cervetta, 5, 41121 Modena MO, Italy;https://www.hotelcervetta5.com/;https://www.instagram.com/hotelcervetta5/
Albergo del Pozzo;Modena, Italy;Via del Pozzo, 72/A, 41124 Modena MO, Italy;https://www.albergodelpozzo.com/;https://www.instagram.com/albergodelpozzo/
B&B Igea.50;Modena, Italy;Via Igea, 50, 41126 Modena MO, Italy;http://www.bbigeamodena.it/;https://www.instagram.com/bbigea.50/
Villa Eliseo;Modena, Italy;Str. Cave di Ramo, 151, 41123 Modena MO, Italy;https://villaeliseo.it/;https://www.instagram.com/
Old Town - Boutique Rooms;Modena, Italy;Via Ruggera, 19, 41121 Modena MO, Italy;http://www.oldtownmodena.com/;https://www.instagram.com/oldtown_modena
I Tesori di Modena;Modena, Italy;Via Pietro Mascagni, 116, 41121 Modena MO, Italy;https://www.itesoridimodena.it/;https://www.instagram.com/itesoridimodena/
Ca' Del Rio resort S.r.l. Hotel e Az.Agricola;Modena, Italy;Via Bassa Paolucci, 55, 41043 Casinalbo MO, Italy;http://www.cadelrioresort.it/;https://www.instagram.com/delriothereal/
La Trattoria di Modena;Modena, Italy;P.za XX Settembre, 35, 41121 Modena MO, Italy;https://www.latrattoriadimodena.it/;https://www.latrattoriadimodena.it/www.instagram.com/latrattoriadimodena
Trattoria San Pietro;Modena, Italy;Via Saragozza, 88, 41121 Modena MO, Italy;https://trattoriasanpietromodena.it/;https://www.instagram.com/trattoriasanpietromodena/
Antica Trattoria da Beppe;Modena, Italy;Via Emilia Ovest, 78, 41013 Castelfranco Emilia MO, Italy;https://anticaosteriadabeppe.com/;https://www.instagram.com/anticaosteriadabeppe
Ristorante Enoteca Ristretto;Modena, Italy;Vicolo Camillo Coccapani, 5, 41121 Modena MO, Italy;https://www.ristrettovicolococcapani.com/;https://www.instagram.com/ristrettovicolococcapani/
Trattoria Pomposa al Re gras - trattoria e take away;Modena, Italy;Via Castelmaraldo, 57, 41121 Modena MO, Italy;http://www.trattoriapomposa.it/;https://www.instagram.com/trattoriapomposaregras/
Sosta Emiliana;Modena, Italy;P.za XX Settembre, 21, 41121 Modena MO, Italy;http://www.sostaemiliana.it/;https://www.instagram.com/sostaemiliana/
Osteria Romana di Modena dal 2007;Modena, Italy;Via Donzi, 8, 41121 Modena MO, Italy;https://www.osteriaromanamodena.it/;https://www.instagram.com/osteriaromanamodena/
Osteria Modenese in Bocciofila;Modena, Italy;Viale G. Verdi, 101, 41121 Modena MO, Italy;https://www.bocciofilamodenese.it/;https://www.instagram.com/osteriamodenese/
Mucca Argentina | Ristorante Argentino e Albergo;Modena, Italy;V. Vandelli, 4/i, 41051 Montale MO, Italy;https://muccaargentina.it/;https://www.instagram.com/muccaargentina/
Osteria Gallucci;Modena, Italy;Via dei Gallucci, 52, 41121 Modena MO, Italy;https://www.osteriagallucci.it/;https://www.instagram.com/osteriagallucci/
Osteria Cucina Estense;Modena, Italy;Via Sant'Agostino, 7, 41121 Modena MO, Italy;http://www.osteriacucinaestense.it/;https://www.instagram.com/osteriacucinaestense
Osteria Santa Chiara;Modena, Italy;Via Ruggera, 3, 41121 Modena MO, Italy;https://santachiaramodena.it/;https://www.instagram.com/osteriasantachiara
Osteria del Borgo Formigine;Modena, Italy;Piazza Repubblica, 3/4, 41043 Formigine MO, Italy;https://www.osteriadelborgoformigine.it/;https://www.instagram.com/osteriadelborgo_formigine
NUMERO 1 - Pizzeria Pinseria MODENA SUD;Modena, Italy;Str. Vignolese, 1526/b, 41126 San Donnino MO, Italy;https://numero1.it/menu/;https://www.instagram.com/numero1.pizzeria
La Bottega della Pizza | Pizzeria d'asporto forno a legna Modena | Servizio di consegna a domicilio;Modena, Italy;Via Filippo Turati, 103, 41122 Modena MO, Italy;https://www.labottegadellapizzamodena.it/;https://www.instagram.com/labottegadellapizzamodena
Berberè Pizzeria;Modena, Italy;Via Del Taglio, 40, 41121 Modena MO, Italy;https://www.berberepizza.it/berbere-modena/;https://www.instagram.com/berberepizzeria/
Ristorante pizzeria La Lucciola;Modena, Italy;V. Radici in Piano, 359, 41043 Casinalbo MO, Italy;http://www.lanuovalucciola.it/;https://www.instagram.com/lalucciola_ristorante
Pizzikotto - Pizzeria & Lifferia - Modena;Modena, Italy;Via Emilia Est, 401, 41121 Modena MO, Italy;https://www.pizzikotto.it/it/ristoranti/modena?utm_campaign=Lsm-Interazioni&utm_content=schedagoogle&utm_medium=Organic&utm_source=Partoo;https://www.instagram.com/pizzikottopizzeria/
Fradiavolo Pizzeria - Modena;Modena, Italy;Via Del Taglio, 8, 41121 Modena MO, Italy;https://www.fradiavolopizzeria.com/;https://www.instagram.com/fradiavolopizza
Pizzikotto - Pizzeria & Lifferia - Modena Grandemilia;Modena, Italy;Via Emilia Ovest, 1480, 41123 Modena MO, Italy;https://www.pizzikotto.it/it/ristoranti/modena-grandemilia?utm_campaign=Lsm-Interazioni&utm_content=schedagoogle&utm_medium=Organic&utm_source=Partoo;https://www.instagram.com/pizzikottopizzeria/
Il Tridente Ristorante pizzeria;Modena, Italy;Via S.G.Bosco, 257, 41122 Modena MO, Italy;https://www.iltridentemodena.com/;https://www.instagram.com/explore/locations/1027215935/il-tridente-ristorante-pizzeria
Pizzeria Vesuvio Via Rainusso;Modena, Italy;Via E. Rainusso, 126, 41124 Modena MO, Italy;http://www.pizzeriavesuviomodena.it/;https://www.instagram.com/pvesuvio/
Piccadilly Pizzeria Ristorante;Modena, Italy;Via Pietro Nenni, 9/11, 41043 Casinalbo MO, Italy;http://www.ristopizzapiccadilly.it/;https://www.instagram.com/piccadilly_ristopizza/
de Rione - Reggio Calabria;Reggio Calabria, Italy;Via Demetrio Tripepi, 118, 89125 Reggio di Calabria RC, Italy;https://www.derione.com/;https://www.instagram.com/de.rione/
Pizzeria Lievito Reggio Calabria;Reggio Calabria, Italy;Via dei Filippini, 37, 89125 Reggio Calabria RC, Italy;https://www.pizzerialievito.it/;https://www.instagram.com/lievito_pizzebirre/
Origini Senza Glutine;Reggio Calabria, Italy;Via Cairoli, Piazza Sant'Agostino, 3, 89127 Reggio di Calabria RC, Italy;https://originisenzaglutine.it/;https://www.instagram.com/originisenzaglutine/
Mia Mamma Mia;Reggio Calabria, Italy;Piazza Duomo, Via Tommaso Campanella, 54, 89127 Reggio di Calabria RC, Italy;http://www.miamammamia.it/;https://www.instagram.com/mia.mamma.mia/
Pizza Roma;Reggio Calabria, Italy;Corso Vittorio Emanuele, 25, 89125 Reggio di Calabria RC, Italy;http://pizzaromarc.it/menu/;https://www.instagram.com/pizzaroma1
Fratelli La Bufala;Reggio Calabria, Italy;Via Zecca, 3, 89125 Reggio di Calabria RC, Italy;http://www.fratellilabufalarc.it/;https://www.instagram.com/fratellilabufalareggio/
Royal Garden;Reggio Calabria, Italy;Tronco II Arangea - Ravagnese Gallina, 210, 89131 Reggio Calabria RC percorrendo, la, V. Giuseppe Marino, 89131 Reggio di Calabria RC, Italy;http://www.royalgardenrc.it/;https://www.instagram.com/royalgardenrc/
Casual Pizza & Garden;Reggio Calabria, Italy;Via Demetrio Tripepi, 135, 89125 Reggio di Calabria RC, Italy;https://www.casualfood.it/;https://www.instagram.com/CasualFoodIT/
Dast Restaurant;Reggio Calabria, Italy;Via Bruno Buozzi, 40, 89123 Reggio di Calabria RC, Italy;http://www.dastrestaurant.it/;https://www.instagram.com/dast.restaurant/
Sushi Daily Reggio Calabria Viale Calabria;Reggio Calabria, Italy;Viale Calabria, 310, 89132 Reggio di Calabria RC, Italy;https://sushidaily.com/it-it/dove-siamo/reggio-calabria-viale-calabria/?utm_source=Google&utm_medium=local&utm_term=Reggio%20Calabria%20Viale%20Calabria&utm_content=IT;https://www.instagram.com/sushidailyitalia/
Stella Marina Restaurant & Beach Club;Reggio Calabria, Italy;Via Vecchia Pentimele, 1, 89122 Reggio di Calabria RC, Italy;https://lidostellamarina.it/;https://www.instagram.com/stellamarinarc
Zio Fedele Bistrot;Reggio Calabria, Italy;Via Zaleuco, 21, 89125 Reggio Calabria RC, Italy;https://www.ziofedele.it/;https://www.instagram.com/ziofedelebistrot/
Cibus Minniti;Reggio Calabria, Italy;Via Nicola Furnari, 18, 89129 Reggio di Calabria RC, Italy;https://www.cibusminniti.it/;https://www.instagram.com/cibusminniti
Hostaria dei Campi;Reggio Calabria, Italy;Via Reggio Campi Primo tronco n.30 Via Reggio Campi, I^ Tronco, 30/primo, 89126 Reggio di Calabria RC, Italy;http://www.hostariadeicampi.it/;https://www.instagram.com/hostariadeicampi/
Seven Bistrot | Pizzeria Contemporanea - Steakhouse;Reggio Calabria, Italy;Via Cardinale Luigi Tripepi, 7, 89123 Reggio di Calabria RC, Italy;https://www.sevenbistrot.it/;https://www.instagram.com/sevenbistrot/
Casual Fish & Sushi;Reggio Calabria, Italy;Via Demetrio Tripepi, 137, 89125 Reggio di Calabria RC, Italy;https://www.casualfood.it/;https://www.instagram.com/CasualFoodIT/
La Caveja Piadineria Reggio Calabria;Reggio Calabria, Italy;Via Giuseppe de Nava, 46, 89123 Reggio di Calabria RC, Italy;https://lacavejareggiocalabria.it/;https://www.instagram.com/lacaveja.reggiocalabria/
Malavenda Café;Reggio Calabria, Italy;Via Zecca, 1, 89125 Reggio Calabria RC, Italy;http://www.malavendacafe.it/;https://www.instagram.com/malavendacafe/
Cremeria Sottozero;Reggio Calabria, Italy;Corso Vittorio Emanuele, 83, 89125 Reggio di Calabria RC, Italy;https://sottozeropennestri.it/;https://www.instagram.com/mikadothemes/
Sushi Daily Reggio Calabria De Nava;Reggio Calabria, Italy;Via Giuseppe de Nava, 1, 89121 Reggio di Calabria RC, Italy;https://sushidaily.com/it-it/dove-siamo/reggio-calabria-de-nava/?utm_source=Google&utm_medium=local&utm_term=Reggio%20Calabria%20De%20Nava&utm_content=IT;https://www.instagram.com/sushidailyitalia/
"Pasticceria ARTIGIANALE San Francesco - Bar - Gelateria - Ristorante ""STORIE DI GUSTO"" Reggio di Calabria";Reggio Calabria, Italy;Via Sbarre Centrali, 599, 89132 Reggio di Calabria RC, Italy;http://www.sanfrancescopasticceriabar.it/;https://www.instagram.com/barsanfrancesco_storiedigusto/
Bar Pasticceria La Mimosa;Reggio Calabria, Italy;Via Sant'Anna I Tronco, 89128 Reggio Calabria RC, Italy;http://www.pasticcerialamimosa.it/;https://www.instagram.com/pasticceria.la.mimosa/
Hotel Continental;Reggio Calabria, Italy;Via Vincenzo Florio, 10, 89123 Reggio Calabria RC, Italy;http://www.hotelcontinentalrc.it/;https://www.instagram.com/hotelcontinental_rc/
Grand Hotel Excelsior;Reggio Calabria, Italy;Via Vittorio Veneto, 66, 89123 Reggio Calabria RC, Italy;https://www.grandhotelexcelsiorrc.it/;https://www.instagram.com/grandhotelexcelsiorrc/
Torrione Hotel;Reggio Calabria, Italy;Via del Torrione, 67, 89125 Reggio Calabria RC, Italy;http://www.torrionehotel.it/;https://www.instagram.com/torrione_hotel_reggio_calabria/
Hotel Palace Masoanri's;Reggio Calabria, Italy;Via Vittorio Veneto, 95, 89123 Reggio Calabria RC, Italy;https://www.hotelpalacemasoanri.it/;https://www.instagram.com/hotelpalacemasoanrirc/
Lungomare Hotel;Reggio Calabria, Italy;Viale Genoese Zerbi, 13, 89123 Reggio di Calabria RC, Italy;http://www.lungomarehotelrc.com/;http://instagram.com/lungomarehotelrc
AC GOLD B&B Boutique Rooms & Suite;Reggio Calabria, Italy;Via Cairoli, 1 B, 89127 Reggio di Calabria RC, Italy;https://www.acgoldboutique.it/;https://www.instagram.com/acgold_beb_boutique_r_e_suite
Hotel Eubea;Reggio Calabria, Italy;Via Gaeta, 9, 89127 Reggio Calabria RC, Italy;https://www.hoteleubea.it/;https://www.instagram.com/hoteleubea/
@MYHOME;Reggio Calabria, Italy;Via Vittorio Veneto, 6, 89123 Reggio di Calabria RC, Italy;https://www.atmyhomebeb.com/;https://www.instagram.com/myhomebeb/
Bed And Breakfast Al Duomo;Reggio Calabria, Italy;Via San Francesco da Paola, 14, 89127 Reggio di Calabria RC, Italy;http://www.hotelalduomo.it/;https://www.instagram.com/beb_alduomo
Luna di Sale - Romantic Sea Rooms & Apartments;Reggio Calabria, Italy;Via Umberto 1, 85/B, 89135 Reggio di Calabria RC, Italy;http://www.lunadisalebnb.com/;https://www.instagram.com/lunadisaleb/
Malalbergo;Reggio Calabria, Italy;Via Giulia, 2B, 89125 Reggio di Calabria RC, Italy;http://www.ma-lalbergo.it/;https://www.instagram.com/ma_lalbergo/
B&B Green;Reggio Calabria, Italy;Viale Galileo Galilei, 9, 89129 Reggio di Calabria RC, Italy;https://bebgreen.com/;https://www.instagram.com/beb_green/
Domea Superior Rooms;Reggio Calabria, Italy;Via Antonio Cimino, 45, 89127 Reggio di Calabria RC, Italy;https://www.bbdomea.com/;https://www.instagram.com/domeasuperiorrooms/
INCANTO B&B AEROPORTO REGGIO CALABRIA;Reggio Calabria, Italy;Via Mortara Ravagnese, 52, 89134 Reggio di Calabria RC, Italy;https://www.b-b-incanto.com/;https://instagram.com/incantobedandbreakfast
Sunset Guest House;Reggio Calabria, Italy;Via Cairoli, 1, 89127 Reggio di Calabria RC, Italy;https://www.sunsetguesthouse.it/;https://www.instagram.com/sunset.guesthouse.rc
B&Blue;Reggio Calabria, Italy;⛉ Corso Vittorio Emanuele III, 51, 89125 Reggio Calabria RC, Italy;https://www.bebluerc.it/;https://www.instagram.com/bebluerc
Ludey Bed & Breakfast;Reggio Calabria, Italy;Via Cavour, 14, 89127 Reggio di Calabria RC, Italy;https://ludey.it/;https://www.instagram.com/ludey_bnb_reggio_calabria
Trip Room & Breakfast;Reggio Calabria, Italy;Via Possidonea, 10, 89125 Reggio Calabria RC, Italy;http://www.triproomrc.com/;https://www.instagram.com/triproom_rc/
La Casa Dei Sogni;Reggio Calabria, Italy;Via Nazionale, 150 Gallico, 89135 Reggio Calabria RC, Italy;http://www.lacasadeisognibbrc.com/;https://www.instagram.com/la_casa_dei_sogni_beb/
Abacus Bed & Breakfast;Reggio Calabria, Italy;Via Nino Bixio, 11/b, 89127 Reggio Calabria RC, Italy;http://www.bbabacus.com/;https://www.instagram.com/abacusbedandbreakfast/
Drogheria Culinaria;Reggio Calabria, Italy;Via Giulia, 2, 89125 Reggio Calabria RC, Italy;https://drogheriaculinaria.it/;https://www.instagram.com/drogheriaculinaria/
Aria Osteria Calabrese;Reggio Calabria, Italy;Via Giuseppe Reale, 52, 89123 Reggio di Calabria RC, Italy;https://www.ariaosteria.it/;https://www.instagram.com/aria_osteria/
Ristorante Villeggiante;Reggio Calabria, Italy;Via Marianazzo, 31, 89126 Reggio di Calabria RC, Italy;https://www.villeggiantedaciccino.it/;https://www.instagram.com/villeggiantedaciccino/
Officina del Gusto;Reggio Calabria, Italy;Via Placido Geraci, 17, 89128 Reggio Calabria RC, Italy;http://www.officinadelgusto.net/;https://www.instagram.com/officinadelgustorc/
BOCCONISSIMO;Reggio Calabria, Italy;Via Vincenzo Florio, 10, 89123 Reggio Calabria RC, Italy;http://www.bocconissimo.it/;https://www.instagram.com/bocconissimo/
Timo;Reggio Calabria, Italy;Via Antonio Cimino, 31, 89127 Reggio di Calabria RC, Italy;http://www.timorestaurant.it/;https://www.instagram.com/timorestaurant.it
Tèra;Reggio Calabria, Italy;Via Demetrio Tripepi, 98, 89125 Reggio di Calabria RC, Italy;https://teraristorante.it/;https://www.instagram.com/teraristorante/
Le delizie dell’Oste - Pizzeria napoletana contemporanea;Reggio Calabria, Italy;Via Nazionale S. Gregorio, 30, 89134 Reggio di Calabria RC, Italy;http://www.ledeliziedelloste.it/;https://www.instagram.com/ledeliziedell_oste
EXTRA Cocktail Bar ┃ Burger d’autore | Pizzeria;Reggio Calabria, Italy;Via Veneto, 73 A, 89123 Reggio di Calabria RC, Italy;https://www.extrarc.it/;https://www.instagram.com/lounge.extra/
Mamas Viale Calabria;Reggio Calabria, Italy;Viale Calabria, 349, 89132 Reggio Calabria RC, Italy;https://mamasvialecalabria.it/;https://www.instagram.com/mamas_reggio/
Pizzeria Doppio Zero;Reggio Calabria, Italy;Via San Paolo, 22, 89125 Reggio Calabria RC, Italy;https://www.pizzeriadoppiozero.it/;https://www.instagram.com/doppiozerorc/
Ristorante Gallo d'Oro Parma;Parma, Italy;Borgo della Salina, 3, 43121 Parma PR, Italy;https://www.gallodororistorante.it/;https://www.instagram.com/gallodoro.ristorante.parma/
Da Gianni;Parma, Italy;Largo Maestà del Taglio, 5, 43122 Parma PR, Italy;http://www.dagianniparma.it/;https://instagram.com/dagianniparma
Osteria Dello Zingaro;Parma, Italy;Borgo del Correggio, 5/B, 43100 Parma PR, Italy;https://osteriadellozingaro.com/;https://www.instagram.com/osteria_dellozingaro/
La Spicchiata Focacceria;Parma, Italy;Via Po, 9A, 43125 Parma PR, Italy;https://www.laspicchiata.com/;https://www.instagram.com/la_spicchiata/
Pizzium - Parma;Parma, Italy;V.le Mentana, 120, 43121 Parma PR, Italy;https://pizzium.com/locali/parma-viale-mentana-120/;https://www.instagram.com/pizzium/
Uagliò - Parma;Parma, Italy;Strada Cavour, 37, 43121 Parma PR, Italy;https://www.uaglio.it/;https://www.instagram.com/uagliopizzeria/
Osteria dei Mascalzoni;Parma, Italy;Vicolo Cinque Piaghe, 43121 Parma PR, Italy;http://www.osteriadeimascalzoni.it/;https://www.instagram.com/osteriadeimascalzoni/
Alexander Restaurant;Parma, Italy;Str. S. Martino, 20, 43044 San Martino Sinzano PR, Italy;https://alexander-restaurant.eatbu.com/;https://www.instagram.com/https://www.instagram.com/alexanderrestaurant
Bless;Parma, Italy;Strada Massimo D'Azeglio, 86a, 43125 Parma PR, Italy;https://blessfood.eatbu.com/?lang=it&fbclid=PAAaZKMfldUskp90Wb2g-aI2lGWxpO4uCokS0qidK1aEg3J82KqlpAArxtQOA_aem_AXWUhxtDrv7Bf3vZ0KPgHUgQAYT-8II5TF5UkJ5EdvzEAa1kel8G_q61fGLeaXFi2o8;https://www.instagram.com/bless.parma/
Sagami - Parma Campus;Parma, Italy;Largo Silvana Mangano, 49A, 43124 Parma PR, Italy;https://sagami.it/locali/sagami-parma/;https://www.instagram.com/sagamiitalia/
Poke House - La Galleria;Parma, Italy;Via Emilia Est, 7B, 43121 Parma PR, Italy;https://poke-house.com/;https://www.instagram.com/pokehouse_official/
Silvano Romani | Degusteria;Parma, Italy;Borgo Palmia, 2/C, 43122 Parma PR, Italy;https://www.silvanoromaniparma.it/degusteria-romani/;https://www.instagram.com/silvanoromaniparma/
Japanese Restaurant CRU•DO;Parma, Italy;Via Silvio Pellico, 13, 43125 Parma PR, Italy;http://www.crudo.restaurant/;https://www.instagram.com/crudo.restaurant/
Roadhouse Restaurant Parma Ovest;Parma, Italy;Via Alexander Fleming, 2, 43126 Parma PR, Italy;https://www.roadhouse.it/;https://www.instagram.com/roadhouse_restaurant/
Ombre Rosse Parma;Parma, Italy;Borgo Giacomo Tommasini, 18, 43121 Parma PR, Italy;https://www.ombrerosseparma.com/;https://www.instagram.com/ombrerosseparma/
Ristorante La Greppia Parma;Parma, Italy;Str. Giuseppe Garibaldi, 39, 43121 Parma PR, Italy;https://www.lagreppiaparma.com/;https://www.instagram.com/ristorantelagreppia/
Pizzeria Tramonti 2;Parma, Italy;Via Marco Emilio Lepido, 207, 43122 San Prospero PR, Italy;http://www.ristorantetramonti.it/;https://www.instagram.com/tramontiaparma/
Pizzeria Cittadella Parma;Parma, Italy;Viale Duca Alessandro, 45, 43123 Parma PR, Italy;http://cittadellaparma.com/;https://www.instagram.com/cittadellaparma
Roadhouse Restaurant Parma;Parma, Italy;Viale delle Esposizioni, 3a, 43122 Parma PR, Italy;http://www.roadhouse.it/it/ristorante-roadhouse-parma;https://www.instagram.com/roadhouse_restaurant/
Masami Sushi Parma;Parma, Italy;Via Emilia Ovest, 46, 43126 Parma PR, Italy;http://www.masamisushi.it/;https://www.instagram.com/masamisushi.parma/
Ristorante Cinese Vittoria Gourmet;Parma, Italy;Viale Antonio Fratti, 26, 43121 Parma PR, Italy;http://vittoriagourmet.com/;https://www.instagram.com/vittoria_parma/
Zinelli;Parma, Italy;Str. della Repubblica, 72, 43121 Parma PR, Italy;https://zinellibistrot.it/;https://www.instagram.com/zinelli_bistrot_winebar/
Pokéria by NIMA;Parma, Italy;Strada Giuseppe Mazzini, 10/A, 43121 Parma PR, Italy;https://www.pokeria.com/;https://www.instagram.com/pokeriabynima/
Arte & Gusto;Parma, Italy;Via Emilia Est, 87, 43123 Parma PR, Italy;http://artegusto.net/;https://www.instagram.com/artegustopr/
daMAT Chiosco Parco Ducale;Parma, Italy;Parco Ducale, Via John Fitzgerald Kennedy, 10, 43126 Parma PR, Italy;http://www.damatparma.it/;https://www.instagram.com/damat.bistrot/
Castagnoli Più Bakery Café;Parma, Italy;Via Augusta Ghidiglia, 6, 43122 Parma PR, Italy;https://www.panificiocastagnoli.com/;https://www.instagram.com/panificiocastagnolipiu/
Bombé Emilia I Pasticceria Bistrò;Parma, Italy;Via Emilia Est, 117, 43123 Parma PR, Italy;http://www.bombeparma.com/;https://www.instagram.com/bombe_parma/
Caffè Pascucci Parma;Parma, Italy;Largo Piero Calamandrei, 13A, 43121 Parma PR, Italy;https://www.pascuccistore.it/;https://www.instagram.com/pascuccicoffee/
Bombé Farini I Pasticceria Bistrò;Parma, Italy;Str. Luigi Carlo Farini, 19/a, 43121 Parma PR, Italy;http://www.bombeparma.com/;https://www.instagram.com/bombe_parma/
Bar Le Malve;Parma, Italy;Str. Luigi Carlo Farini, 12, 43121 Parma PR, Italy;https://www.lemalve.it/;https://www.instagram.com/lemalveparma/
Panificio Castagnoli Più;Parma, Italy;Largo Luigi Mercantini, 15, 43125 Parma PR, Italy;http://www.panificiocastagnoli.com/;https://www.instagram.com/panificiocastagnolipiu/
Chef Express - San Martino Ovest 36;Parma, Italy;A1 Milano-Napoli, Km 114, 100, 43100 San Martino Ovest PR, Italy;https://www.chefexpress.it/poi/s-martino-ovest/;https://www.instagram.com/chefexpress4u/
Umami Gastrobar;Parma, Italy;Str. Aurelio Saffi, 48, 43121 Parma PR, Italy;https://www.umamigastrobar.it/;https://www.instagram.com/umamiparma/
MAGRITTE;Parma, Italy;Via Rocco Bormioli, 19 A, 43122 Parma PR, Italy;http://www.eurotorri.it/index.php?page=ccm_pg_negozio&id_negozio=104;https://www.instagram.com/eurotorri/
Panificio Pasticceria Frati Corcagnano;Parma, Italy;Str. Langhirano, 379, 43100 Corcagnano PR, Italy;https://www.fratiparma1947.it/;https://www.instagram.com/fratiparma1947/
Gran Caffè Cavour;Parma, Italy;Strada Cavour, 30/B, 43121 Parma PR, Italy;https://www.caffecavourparma.it/;http://www.instagram.com/caffecavourparma/
Bar Dedé;Parma, Italy;Via Sandro Pertini, 12, 43123 Parma PR, Italy;https://www.bardede.it/;https://www.instagram.com/
ibis Styles Parma Toscanini;Parma, Italy;Viale Arturo Toscanini, 4, 43121 Parma PR, Italy;https://hoteltoscanini.it/;https://www.instagram.com/hoteltoscanini_parma/
Novotel Parma Centro;Parma, Italy;Via Trento, 9, 43122 Parma PR, Italy;https://all.accor.com/lien_externe.svlt?goto=fiche_hotel&code_hotel=A0X5&merchantid=seo-maps-IT-A0X5&sourceid=aw-cen&utm_medium=seo%20maps&utm_source=google%20Maps&utm_campaign=seo%20maps;https://www.instagram.com/all.accor
Hotel Link 124;Parma, Italy;Via S. Leonardo, 124, 43122 Parma PR, Italy;http://www.link124hotel.com/;http://instagram.com/wix
b&b Ospedale Maggiore Parma affittacamere;Parma, Italy;Via Marco Aurelio Cavedagni, 7, 43126 Parma PR, Italy;http://www.bebospedalemaggioreparma.com/;https://www.instagram.com/bebospedalemaggioreparma
Dado Hotel International;Parma, Italy;Str. Moletolo, 84, 43122 Parma PR, Italy;http://www.dadohotel.it/;https://www.instagram.com/dadohotelparma/
Hotel Verdi;Parma, Italy;Via Alberto Pasini, 18, 43100 Parma PR, Italy;http://www.hotelverdi.it/;https://www.instagram.com/hotelverdiparma/
Hotel Stendhal;Parma, Italy;Via Giambattista Bodoni, 3, 43121 Parma PR, Italy;https://hotelstendhal.it/;https://www.instagram.com/hotelstendhal_parma/
Daytona Business Hotel;Parma, Italy;Strada Giardinetto, 6, 43044 Collecchio PR, Italy;http://www.daytonahotel.it/;https://www.instagram.com/daytonahotel/
CONFIDENCE HOTEL PARMA;Parma, Italy;Via K. Mansfield, 3, 43121 Parma PR, Italy;https://confidencehotelparma.it/;https://www.instagram.com/confidencehotel_parma/
Starhotels Du Parc;Parma, Italy;Viale Piacenza, 12/c, 43100 Parma PR, Italy;http://www.starhotels.com/en/our-hotels/du-parc-parma/;https://www.instagram.com/starhotels
The Host;Parma, Italy;Vicolo delle Asse, 1, 43121 Parma PR, Italy;http://www.thehostparma.it/;https://www.instagram.com/the_host_parma/
Grand Hotel di Parma| UNA ESPERIENZE;Parma, Italy;S.da del Quartiere, 4, 43125 Parma PR, Italy;http://www.grandhotelparma.com/;https://www.instagram.com/grandhotelparma/
Sina Maria Luigia;Parma, Italy;V.le Mentana, 140, 43100 Parma PR, Italy;https://www.sinahotels.com/en/h/sina-maria-luigia-parma/?utm_source=google&utm_medium=local&utm_campaign=glocal;https://www.instagram.com/sinahotels/
Opera;Parma, Italy;Str. Giuseppe Garibaldi, 11, 43121 Parma PR, Italy;http://www.operaparma.it/;https://www.instagram.com/opera_parma/
Parizzi Suites & Studio;Parma, Italy;Str. della Repubblica, 71, 43100 Parma PR, Italy;https://www.parizzisuite.com/;https://www.instagram.com/ristoranteparizzi/
Palazzo Dalla Rosa Prati;Parma, Italy;Str. Duomo, 7, 43121 Parma PR, Italy;https://www.palazzodallarosaprati.it/?utm_source=google&utm_medium=organic&utm_campaign=GoogleMyBusiness;https://www.instagram.com/palazzodallarosa/
Bellacorte gentiluogo per viaggiatori;Parma, Italy;Borgo della Posta, 10, 43121 Parma PR, Italy;http://www.bellacorte.it/;https://instagram.com/bellacorteparma
Hotel TRE VILLE;Parma, Italy;Via Benedetta, 97a, 43122 Parma PR, Italy;https://www.hoteltreville.it/;https://www.instagram.com/hotel_tre_ville_parma
Residence Liberty - Residence in Parma;Parma, Italy;Piazzale Salvo D'Acquisto, 15, 43121 Parma PR, Italy;https://www.residenceparma.it/liberty/;https://www.instagram.com/piuhotels/
GLAM PARMA;Parma, Italy;Piazzale del Carmine, 13, 43121 Parma PR, Italy;http://www.glamparma.it/;https://www.instagram.com/glamour_suites_a_parma_centro/
Salina Luxury Suites;Parma, Italy;Borgo della Salina, 1, 43121 Parma PR, Italy;http://www.salinasuites.com/;https://instagram.com/salinaluxurysuites/
Palazzo delle Poste - Suite and Apartments;Parma, Italy;Strada Macedonio Melloni, 4, 43121 Parma PR, Italy;https://www.residenceparma.it/le-poste/;https://www.instagram.com/piuhotels/
Residence Le Cupole;Parma, Italy;V.le Mentana, 120, 43121 Parma PR, Italy;https://www.residenceparma.it/le-cupole/;https://www.instagram.com/piuhotels/
Villino Di Porporano;Parma, Italy;Str. a Bodrio, 26, 43123 Parma PR, Italy;http://www.villinodiporporano.com/;https://www.instagram.com/villinodiporporano
Trattoria Corrieri Parma;Parma, Italy;Str. Conservatorio, 1, 43121 Parma PR, Italy;https://www.trattoriacorrieri.it/;https://www.instagram.com/trattoriacorrieri/
Trattoria del Cacciatore;Parma, Italy;Via Aia, 15, 43058 Sorbolo, PR, Italy;https://www.trattoriadelcacciatore.com/;https://www.instagram.com/frassinara/
Trattoria Ai Due Platani;Parma, Italy;Strada Budellungo, 104/a, 43123 Coloreto PR, Italy;https://www.aidueplatani.com/contatti.html;https://www.instagram.com/aidueplatani/
Trattoria Antichi Sapori;Parma, Italy;Str. Montanara, 318, 43124 Parma PR, Italy;http://trattoria-antichisapori.com/;https://instagram.com/antichisaporipr
Trattoria Le Viole;Parma, Italy;Str. Nuova di Castelnovo, 60 /A, 43126 Castelnovo PR, Italy;http://www.trattorialevioleparma.com/;https://instagram.com/trattorialeviole
Trattoria Scarica;Parma, Italy;Str. Martinella, 192, 43124 Alberi PR, Italy;http://www.trattoriascarica.it/;https://www.instagram.com/trattoria_scarica/
Trattoria il Cortile;Parma, Italy;Borgo Paglia, 3, 43125 Parma PR, Italy;https://www.trattoriailcortile.it/;https://www.instagram.com/trattoriailcortile/
Ristorante Cocchi - Trattoria Tipica Parmigiana dal 1925;Parma, Italy;Viale Antonio Gramsci, 16/A, 43126 Parma PR, Italy;https://www.ristorantecocchi.it/;https://www.instagram.com/ristorantecocchi/
Risotto DAI C'ANDOM Parma;Parma, Italy;V.le Mentana, 130, 43121 Parma PR, Italy;https://risotto.group/;https://www.instagram.com/reel/DC9FIx8s0yq/
Ristorante Al Parmigiano;Parma, Italy;Via Trento, 11, 43122 Parma PR, Italy;http://www.ristorantealparmigiano.it/;https://www.instagram.com/ristorantealparmigiano/
Aerotrattoria Ronzoni;Parma, Italy;Via Adriano Mantelli, 21/a, 43126 Parma PR, Italy;http://www.aerotrattoriaronzoni.it/;https://www.instagram.com/aerotrattoriaronzoni/
Fieno;Parma, Italy;Str. Vallazza, 36, 43126 Parma PR, Italy;https://www.fienoparma.com/;https://www.instagram.com/fieno.pwcc/
Salumeria Alfione;Parma, Italy;Viale Piacenza, 7, 43126 Parma PR, Italy;http://www.alfione.it/;http://instagram.com/alfione_ristoranteebottega
Osteria Re Quinto;Parma, Italy;Borgo del Correggio, 60, 43121 Parma PR, Italy;https://sites.google.com/view/osteriarequinto;https://www.google.com/url
Osteria del 36;Parma, Italy;Str. Aurelio Saffi, 26/A, 43100 Parma PR, Italy;http://www.osteriadel36.it/;https://www.instagram.com/gli_eventi_dell_osteria_del_36/
Osteria La Gatta Matta;Parma, Italy;Borgo degli Studi, 9/A, 43121 Parma PR, Italy;http://www.osteriagattamatta.com/;https://www.instagram.com/osterialagattamatta/
Artaj Osteria Parma;Parma, Italy;Stradello S. Girolamo, 19/a, 43121 Parma PR, Italy;https://www.artajosteria.it/;https://www.instagram.com/osteria_artaj/
Ristorante Antica Hostaria Tre Ville;Parma, Italy;Via Benedetta, 99/a, 43122 Parma PR, Italy;https://hostariatreville.com/menu2021/;https://www.instagram.com/trevilleparma/
L'Antica Pizzeria Da Michele Parma;Parma, Italy;Piazza Giuseppe Garibaldi, 19/O, 43121 Parma PR, Italy;https://www.damicheleparma.it/;https://www.instagram.com/
NUMERO 1 - Pizzeria Pinseria PARMA;Parma, Italy;Vicolo Assistenza, 3, 43121 Parma PR, Italy;https://numero1.it/;https://www.instagram.com/numero1.pizzeria
Pizzikotto - Pizzeria & Lifferia - Parma San Leonardo;Parma, Italy;Via S. Leonardo, 95, 43122 Parma PR, Italy;https://www.pizzikotto.it/it/ristoranti/parma-san-leonardo?utm_campaign=Lsm-Interazioni&utm_content=schedagoogle&utm_medium=Organic&utm_source=Partoo;https://www.instagram.com/pizzikottopizzeria/
Fradiavolo Pizzeria - Parma;Parma, Italy;Strada Macedonio Melloni, 4, 43121 Parma PR, Italy;https://www.fradiavolopizzeria.com/;https://www.instagram.com/fradiavolopizza
Pizzeria Da chi ragàs;Parma, Italy;Via Marco Aurelio Cavedagni, 1/A, 43126 Parma PR, Italy;https://dachiragas.it/;https://www.instagram.com/panzerotteria_dachiragasparma/
Pizzikotto - Pizzeria & Lifferia - Parma Torelli;Parma, Italy;Via Pomponio Torelli, 15, 43123 Parma PR, Italy;https://www.pizzikotto.it/it/ristoranti/parma-torelli?utm_campaign=Lsm-Interazioni&utm_content=schedagoogle&utm_medium=Organic&utm_source=Partoo;https://www.instagram.com/pizzikottopizzeria/
Ristorante Pizzeria Orfeo Parma;Parma, Italy;Via Giosuè Carducci, 5, 43121 Parma PR, Italy;https://pizzeriaorfeo.it/;https://www.instagram.com/pizzeriaorfeo/
Ristorante Pizzeria Il Gabbiano;Parma, Italy;Via Nicola Morigi, 10/A, 43122 Parma PR, Italy;https://ilgabbianoristorantepizzeria.it/;https://www.instagram.com/_ilgabbiano_parma/
Pizzikotto - Pizzeria & Lifferia - Parma Calatafimi;Parma, Italy;Via Calatafimi, 51/A, 43125 Parma PR, Italy;https://www.pizzikotto.it/it/ristoranti/parma?utm_campaign=Lsm-Interazioni&utm_content=schedagoogle&utm_medium=Organic&utm_source=Partoo;https://www.instagram.com/pizzikottopizzeria/
Al Faro;Parma, Italy;Via La Spezia, 208, 43125 Parma PR, Italy;https://al-faro-restaurant.eatbu.com/?lang=it;https://www.instagram.com/alfaro.parma/
Dolcevita;Parma, Italy;Str. Luigi Carlo Farini, 16/B, 43121 Parma PR, Italy;https://www.dolcevitaparma.it/;https://www.instagram.com/dolcevitaparma/
Pizzium - Parma Santa Croce;Parma, Italy;Piazzale Santa Croce, 9, 43125 Parma PR, Italy;https://pizzium.com/;https://www.instagram.com/pizzium/
Rom'antica Parma;Parma, Italy;Str. della Repubblica, 16, 43121 Parma PR, Italy;https://romanticapizza.it/?utm_source=GMB&utm_medium=organic&utm_campaign=listing-google-my-business&utm_content=Rom'antica_Parma;https://www.instagram.com/romantica_lapizzaallaromana/
Verdi Ricordi Parma;Parma, Italy;Via Casello Poldi, 3, 43122 Parma PR, Italy;https://www.verdiricordi.it/;https://instagram.com/verdiricordiristoranteparma
Ristorante Pizzeria Tirolesina;Parma, Italy;Strada Antonio Zarotto, 61, 43123 Parma PR, Italy;https://mordy.it/ristorantepizzeriatirolesina/;https://www.instagram.com/pizzeriatirolesina/
Al Fornello;Parma, Italy;Via Antonio Meucci, 6, 43126 Parma PR, Italy;https://www.alfornello.it/;https://www.instagram.com/alfornello/
